nohup: ignoring input
Not using distributed mode
Namespace(model='QKFormer_10_768', dataset='es-imagenet', num_classes=1000, data_path='/model/es-imagenet', device='cuda', batch_size=16, workers=4, print_freq=3072, output_dir='./logs4', resume='', sync_bn=False, test_only=False, amp=True, world_size=1, dist_url='env://', tb=True, T=8, opt='adamw', opt_eps=1e-08, opt_betas=None, weight_decay=0.01, momentum=0.9, connect_f='ADD', T_train=None, sched='cosine', lr=0.0005, lr_noise=None, lr_noise_pct=0.67, lr_noise_std=1.0, lr_cycle_mul=1.0, lr_cycle_limit=1, warmup_lr=1e-05, min_lr=1e-06, epochs=100, epoch_repeats=0.0, start_epoch=0, decay_epochs=20, warmup_epochs=20, cooldown_epochs=10, patience_epochs=10, decay_rate=0.1, smoothing=0.1, mixup=0.5, cutmix=0.0, cutmix_minmax=None, mixup_prob=0.5, mixup_switch_prob=0.5, mixup_mode='batch', mixup_off_epoch=0, grad_clip=5.0, distributed=False)
Loading data
The directory [/model/es-imagenet/frames_number_8_split_by_number] already exists.
Start training
/userA01/zy/QKFormer-master/es-imagenet/train_qk.py:244: FutureWarning: `torch.cuda.amp.autocast(args...)` is deprecated. Please use `torch.amp.autocast('cuda', args...)` instead.
  with amp.autocast():
Epoch: [0]  [    0/71874]  eta: 6 days, 8:51:04  lr: 1e-05  img/s: 2.4612335943864587  loss: 7.0753 (7.0753)  acc1: 0.0000 (0.0000)  acc5: 0.0000 (0.0000)  time: 7.6560  data: 1.1551  max mem: 40679
Epoch: [0]  [ 3072/71874]  eta: 7:08:05  lr: 1e-05  img/s: 43.32080402087903  loss: 6.8410 (6.8941)  acc1: 0.0000 (0.1851)  acc5: 0.0000 (0.8115)  time: 0.3755  data: 0.0002  max mem: 41180
Epoch: [0]  [ 6144/71874]  eta: 6:47:46  lr: 1e-05  img/s: 43.20594991604602  loss: 6.7086 (6.8375)  acc1: 0.0000 (0.2543)  acc5: 0.0000 (1.2073)  time: 0.3714  data: 0.0002  max mem: 41183
Epoch: [0]  [ 9216/71874]  eta: 6:28:22  lr: 1e-05  img/s: 43.00992814893954  loss: 6.5718 (6.7842)  acc1: 0.0000 (0.3336)  acc5: 0.0000 (1.6112)  time: 0.3706  data: 0.0002  max mem: 41183
Epoch: [0]  [12288/71874]  eta: 6:09:09  lr: 1e-05  img/s: 43.307385031175905  loss: 6.5713 (6.7396)  acc1: 0.0000 (0.4353)  acc5: 0.0000 (2.0089)  time: 0.3705  data: 0.0002  max mem: 41183
Epoch: [0]  [15360/71874]  eta: 5:50:02  lr: 1e-05  img/s: 43.113822804392534  loss: 6.4797 (6.7005)  acc1: 0.0000 (0.5444)  acc5: 6.2500 (2.3631)  time: 0.3709  data: 0.0002  max mem: 41183
Epoch: [0]  [18432/71874]  eta: 5:30:59  lr: 1e-05  img/s: 43.28604361057253  loss: 6.3879 (6.6686)  acc1: 0.0000 (0.6249)  acc5: 6.2500 (2.6979)  time: 0.3716  data: 0.0002  max mem: 41183
Epoch: [0]  [21504/71874]  eta: 5:11:57  lr: 1e-05  img/s: 43.37902115983155  loss: 6.3933 (6.6386)  acc1: 0.0000 (0.7219)  acc5: 6.2500 (3.0202)  time: 0.3706  data: 0.0002  max mem: 41183
Epoch: [0]  [24576/71874]  eta: 4:52:54  lr: 1e-05  img/s: 43.177734298345115  loss: 6.4051 (6.6108)  acc1: 0.0000 (0.8130)  acc5: 0.0000 (3.3382)  time: 0.3712  data: 0.0002  max mem: 41183
Epoch: [0]  [27648/71874]  eta: 4:33:52  lr: 1e-05  img/s: 43.25543699301623  loss: 6.2806 (6.5847)  acc1: 0.0000 (0.9058)  acc5: 6.2500 (3.6737)  time: 0.3687  data: 0.0002  max mem: 41183
Epoch: [0]  [30720/71874]  eta: 4:14:47  lr: 1e-05  img/s: 43.41471752137941  loss: 6.3617 (6.5642)  acc1: 0.0000 (0.9714)  acc5: 6.2500 (3.9423)  time: 0.3690  data: 0.0002  max mem: 41183
Epoch: [0]  [33792/71874]  eta: 3:55:43  lr: 1e-05  img/s: 43.38833247236218  loss: 6.4227 (6.5473)  acc1: 0.0000 (1.0298)  acc5: 6.2500 (4.1617)  time: 0.3704  data: 0.0002  max mem: 41183
Epoch: [0]  [36864/71874]  eta: 3:36:39  lr: 1e-05  img/s: 43.39958429853935  loss: 6.4874 (6.5307)  acc1: 0.0000 (1.0905)  acc5: 6.2500 (4.3931)  time: 0.3698  data: 0.0002  max mem: 41183
Epoch: [0]  [39936/71874]  eta: 3:17:34  lr: 1e-05  img/s: 43.04369416203201  loss: 6.3246 (6.5158)  acc1: 0.0000 (1.1485)  acc5: 6.2500 (4.6037)  time: 0.3694  data: 0.0002  max mem: 41183
Epoch: [0]  [43008/71874]  eta: 2:58:31  lr: 1e-05  img/s: 43.51863207424815  loss: 6.2684 (6.5002)  acc1: 0.0000 (1.2105)  acc5: 6.2500 (4.8121)  time: 0.3692  data: 0.0002  max mem: 41183
Epoch: [0]  [46080/71874]  eta: 2:39:37  lr: 1e-05  img/s: 43.702275083485716  loss: 6.3724 (6.4881)  acc1: 0.0000 (1.2642)  acc5: 6.2500 (4.9805)  time: 0.3856  data: 0.0002  max mem: 41183
Epoch: [0]  [49152/71874]  eta: 2:22:23  lr: 1e-05  img/s: 23.234116333884508  loss: 6.2364 (6.4753)  acc1: 0.0000 (1.3206)  acc5: 6.2500 (5.1539)  time: 0.5422  data: 0.0029  max mem: 41183
Epoch: [0]  [52224/71874]  eta: 2:05:57  lr: 1e-05  img/s: 33.18793760502768  loss: 6.1480 (6.4627)  acc1: 0.0000 (1.3782)  acc5: 6.2500 (5.3393)  time: 0.5241  data: 0.0076  max mem: 41183
Epoch: [0]  [55296/71874]  eta: 1:48:26  lr: 1e-05  img/s: 32.08526381265063  loss: 6.1638 (6.4510)  acc1: 0.0000 (1.4270)  acc5: 6.2500 (5.5066)  time: 0.5374  data: 0.0034  max mem: 41183
Epoch: [0]  [58368/71874]  eta: 1:29:54  lr: 1e-05  img/s: 36.0486759367389  loss: 6.1653 (6.4385)  acc1: 0.0000 (1.4885)  acc5: 12.5000 (5.6915)  time: 0.5014  data: 0.0065  max mem: 41183
Epoch: [0]  [61440/71874]  eta: 1:12:36  lr: 1e-05  img/s: 32.47840616456488  loss: 6.1640 (6.4269)  acc1: 0.0000 (1.5460)  acc5: 6.2500 (5.8615)  time: 0.7739  data: 0.0036  max mem: 41183
Epoch: [0]  [64512/71874]  eta: 0:53:24  lr: 1e-05  img/s: 15.140088003956208  loss: 6.2385 (6.4169)  acc1: 0.0000 (1.5941)  acc5: 6.2500 (6.0137)  time: 0.8344  data: 0.0081  max mem: 41183
Epoch: [0]  [67584/71874]  eta: 0:32:16  lr: 1e-05  img/s: 24.21010586102998  loss: 6.1189 (6.4083)  acc1: 0.0000 (1.6377)  acc5: 6.2500 (6.1385)  time: 0.7642  data: 0.0057  max mem: 41183
Epoch: [0]  [70656/71874]  eta: 0:09:27  lr: 1e-05  img/s: 25.24379577419755  loss: 6.1369 (6.3997)  acc1: 0.0000 (1.6801)  acc5: 12.5000 (6.2701)  time: 0.7254  data: 0.0103  max mem: 41183
Epoch: [0] Total time: 9:24:42
Test:  [   0/7958]  eta: 8:37:34  loss: 7.0546 (7.0546)  acc1: 0.0000 (0.0000)  acc5: 0.0000 (0.0000)  time: 3.9023  data: 3.2701  max mem: 41183
Test:  [ 100/7958]  eta: 1:06:51  loss: 5.6075 (5.8673)  acc1: 0.0000 (3.5272)  acc5: 18.7500 (13.4901)  time: 0.4759  data: 0.1649  max mem: 41183
Test:  [ 200/7958]  eta: 1:05:36  loss: 6.0771 (5.9779)  acc1: 0.0000 (1.8657)  acc5: 0.0000 (8.3022)  time: 0.5167  data: 0.1942  max mem: 41183
Test:  [ 300/7958]  eta: 1:04:16  loss: 6.1401 (6.0537)  acc1: 0.0000 (1.3704)  acc5: 0.0000 (6.0839)  time: 0.5065  data: 0.2052  max mem: 41183
Test:  [ 400/7958]  eta: 1:03:19  loss: 4.9440 (5.9269)  acc1: 0.0000 (2.1353)  acc5: 18.7500 (7.8086)  time: 0.5576  data: 0.1922  max mem: 41183
Test:  [ 500/7958]  eta: 1:02:25  loss: 5.9192 (5.8920)  acc1: 0.0000 (2.7944)  acc5: 12.5000 (9.6682)  time: 0.5192  data: 0.2047  max mem: 41183
Test:  [ 600/7958]  eta: 1:01:20  loss: 6.6394 (5.9512)  acc1: 0.0000 (2.4022)  acc5: 0.0000 (8.5379)  time: 0.4781  data: 0.1239  max mem: 41183
Test:  [ 700/7958]  eta: 1:00:42  loss: 6.3179 (5.9959)  acc1: 0.0000 (2.0863)  acc5: 0.0000 (7.6320)  time: 0.5154  data: 0.1533  max mem: 41183
Test:  [ 800/7958]  eta: 0:59:34  loss: 6.5991 (6.0455)  acc1: 0.0000 (1.8571)  acc5: 0.0000 (6.8898)  time: 0.5040  data: 0.1386  max mem: 41183
Test:  [ 900/7958]  eta: 0:58:44  loss: 5.5882 (6.0516)  acc1: 0.0000 (1.9423)  acc5: 6.2500 (6.9853)  time: 0.5288  data: 0.2333  max mem: 41183
Test:  [1000/7958]  eta: 0:57:48  loss: 6.3031 (6.0617)  acc1: 0.0000 (1.7857)  acc5: 0.0000 (6.6996)  time: 0.4952  data: 0.1826  max mem: 41183
Test:  [1100/7958]  eta: 0:56:54  loss: 6.2150 (6.0853)  acc1: 0.0000 (1.6235)  acc5: 0.0000 (6.2103)  time: 0.4431  data: 0.1073  max mem: 41183
Test:  [1200/7958]  eta: 0:55:54  loss: 6.1765 (6.0860)  acc1: 0.0000 (1.5352)  acc5: 0.0000 (5.9794)  time: 0.4550  data: 0.1298  max mem: 41183
Test:  [1300/7958]  eta: 0:54:52  loss: 6.1106 (6.0900)  acc1: 0.0000 (1.6478)  acc5: 6.2500 (6.1972)  time: 0.4867  data: 0.1659  max mem: 41183
Test:  [1400/7958]  eta: 0:54:05  loss: 6.1878 (6.0995)  acc1: 0.0000 (1.6060)  acc5: 0.0000 (6.0805)  time: 0.5178  data: 0.1593  max mem: 41183
Test:  [1500/7958]  eta: 0:53:20  loss: 5.8430 (6.0974)  acc1: 0.0000 (1.5573)  acc5: 0.0000 (5.9918)  time: 0.5356  data: 0.2195  max mem: 41183
Test:  [1600/7958]  eta: 0:52:27  loss: 5.6951 (6.0748)  acc1: 0.0000 (1.6318)  acc5: 6.2500 (6.3398)  time: 0.5034  data: 0.1835  max mem: 41183
Test:  [1700/7958]  eta: 0:51:43  loss: 5.4655 (6.0600)  acc1: 0.0000 (1.8665)  acc5: 6.2500 (6.6725)  time: 0.4863  data: 0.1746  max mem: 41183
Test:  [1800/7958]  eta: 0:50:39  loss: 6.1556 (6.0452)  acc1: 0.0000 (1.8219)  acc5: 6.2500 (6.7705)  time: 0.4649  data: 0.1154  max mem: 41183
Test:  [1900/7958]  eta: 0:49:30  loss: 6.1540 (6.0454)  acc1: 0.0000 (1.8214)  acc5: 0.0000 (6.7596)  time: 0.4283  data: 0.0042  max mem: 41183
Test:  [2000/7958]  eta: 0:48:32  loss: 5.4108 (6.0269)  acc1: 0.0000 (1.9240)  acc5: 12.5000 (7.0246)  time: 0.5487  data: 0.0004  max mem: 41183
Test:  [2100/7958]  eta: 0:47:51  loss: 5.3348 (6.0035)  acc1: 6.2500 (2.1091)  acc5: 25.0000 (7.5559)  time: 0.5768  data: 0.0004  max mem: 41183
Test:  [2200/7958]  eta: 0:47:19  loss: 5.9353 (5.9948)  acc1: 0.0000 (2.1042)  acc5: 6.2500 (7.7181)  time: 0.6174  data: 0.0004  max mem: 41183
Test:  [2300/7958]  eta: 0:46:52  loss: 5.9193 (5.9969)  acc1: 0.0000 (2.0643)  acc5: 0.0000 (7.5891)  time: 0.5528  data: 0.0004  max mem: 41183
Test:  [2400/7958]  eta: 0:46:27  loss: 6.4083 (6.0051)  acc1: 0.0000 (1.9914)  acc5: 0.0000 (7.4032)  time: 0.6181  data: 0.0004  max mem: 41183
Test:  [2500/7958]  eta: 0:46:02  loss: 6.2394 (6.0141)  acc1: 0.0000 (1.9217)  acc5: 0.0000 (7.1846)  time: 0.6076  data: 0.0004  max mem: 41183
Test:  [2600/7958]  eta: 0:45:24  loss: 6.6669 (6.0184)  acc1: 0.0000 (1.8743)  acc5: 0.0000 (7.1559)  time: 0.5626  data: 0.0004  max mem: 41183
Test:  [2700/7958]  eta: 0:44:43  loss: 5.5649 (6.0026)  acc1: 0.0000 (1.9530)  acc5: 6.2500 (7.4579)  time: 0.5760  data: 0.0003  max mem: 41183
Test:  [2800/7958]  eta: 0:43:55  loss: 6.0235 (5.9839)  acc1: 0.0000 (2.0372)  acc5: 6.2500 (7.7539)  time: 0.5460  data: 0.0003  max mem: 41183
Test:  [2900/7958]  eta: 0:43:12  loss: 5.2747 (5.9748)  acc1: 0.0000 (2.1415)  acc5: 25.0000 (7.9283)  time: 0.6060  data: 0.0004  max mem: 41183
Test:  [3000/7958]  eta: 0:42:35  loss: 4.4360 (5.9699)  acc1: 0.0000 (2.1368)  acc5: 12.5000 (8.0036)  time: 0.5934  data: 0.0004  max mem: 41183
Test:  [3100/7958]  eta: 0:41:56  loss: 6.2295 (5.9656)  acc1: 0.0000 (2.1263)  acc5: 0.0000 (7.9873)  time: 0.5887  data: 0.0004  max mem: 41183
Test:  [3200/7958]  eta: 0:41:11  loss: 6.0913 (5.9530)  acc1: 0.0000 (2.2259)  acc5: 0.0000 (8.2787)  time: 0.5122  data: 0.0005  max mem: 41183
Test:  [3300/7958]  eta: 0:40:21  loss: 6.4116 (5.9571)  acc1: 0.0000 (2.1812)  acc5: 0.0000 (8.1869)  time: 0.5359  data: 0.0018  max mem: 41183
Test:  [3400/7958]  eta: 0:39:23  loss: 5.0074 (5.9447)  acc1: 0.0000 (2.2328)  acc5: 18.7500 (8.3284)  time: 0.4883  data: 0.0006  max mem: 41183
Test:  [3500/7958]  eta: 0:38:25  loss: 5.2171 (5.9215)  acc1: 6.2500 (2.4475)  acc5: 12.5000 (8.7564)  time: 0.4676  data: 0.0015  max mem: 41183
Test:  [3600/7958]  eta: 0:37:24  loss: 6.1660 (5.9138)  acc1: 0.0000 (2.4073)  acc5: 0.0000 (8.7632)  time: 0.3858  data: 0.0013  max mem: 41183
Test:  [3700/7958]  eta: 0:36:15  loss: 6.4357 (5.9079)  acc1: 0.0000 (2.4487)  acc5: 0.0000 (8.8625)  time: 0.4158  data: 0.0039  max mem: 41183
Test:  [3800/7958]  eta: 0:35:15  loss: 4.7221 (5.8969)  acc1: 0.0000 (2.4714)  acc5: 18.7500 (8.9647)  time: 0.4088  data: 0.0017  max mem: 41183
Test:  [3900/7958]  eta: 0:34:11  loss: 5.8438 (5.8848)  acc1: 0.0000 (2.6067)  acc5: 6.2500 (9.2188)  time: 0.3716  data: 0.0033  max mem: 41183
Test:  [4000/7958]  eta: 0:33:11  loss: 5.8891 (5.8785)  acc1: 0.0000 (2.6556)  acc5: 0.0000 (9.3195)  time: 0.4135  data: 0.0375  max mem: 41183
Test:  [4100/7958]  eta: 0:32:10  loss: 6.1263 (5.8699)  acc1: 0.0000 (2.6945)  acc5: 0.0000 (9.4047)  time: 0.3987  data: 0.0528  max mem: 41183
Test:  [4200/7958]  eta: 0:31:12  loss: 5.4912 (5.8596)  acc1: 0.0000 (2.7122)  acc5: 6.2500 (9.5483)  time: 0.4318  data: 0.0738  max mem: 41183
Test:  [4300/7958]  eta: 0:30:18  loss: 5.1432 (5.8533)  acc1: 0.0000 (2.6970)  acc5: 18.7500 (9.6111)  time: 0.4542  data: 0.0959  max mem: 41183
Test:  [4400/7958]  eta: 0:29:25  loss: 5.5302 (5.8551)  acc1: 0.0000 (2.6727)  acc5: 12.5000 (9.5646)  time: 0.4206  data: 0.0649  max mem: 41183
Test:  [4500/7958]  eta: 0:28:32  loss: 5.5239 (5.8530)  acc1: 0.0000 (2.6591)  acc5: 12.5000 (9.5576)  time: 0.4666  data: 0.1179  max mem: 41183
Test:  [4600/7958]  eta: 0:27:39  loss: 5.8709 (5.8525)  acc1: 0.0000 (2.6570)  acc5: 0.0000 (9.5142)  time: 0.4533  data: 0.1312  max mem: 41183
Test:  [4700/7958]  eta: 0:26:46  loss: 5.2725 (5.8473)  acc1: 0.0000 (2.6404)  acc5: 12.5000 (9.5512)  time: 0.4111  data: 0.0864  max mem: 41183
Test:  [4800/7958]  eta: 0:25:54  loss: 5.5760 (5.8460)  acc1: 0.0000 (2.6075)  acc5: 6.2500 (9.5644)  time: 0.4452  data: 0.0695  max mem: 41183
Test:  [4900/7958]  eta: 0:25:03  loss: 5.8523 (5.8425)  acc1: 0.0000 (2.6551)  acc5: 6.2500 (9.6664)  time: 0.4802  data: 0.1167  max mem: 41183
Test:  [5000/7958]  eta: 0:24:13  loss: 5.5620 (5.8345)  acc1: 0.0000 (2.6657)  acc5: 0.0000 (9.7243)  time: 0.4227  data: 0.0725  max mem: 41183
Test:  [5100/7958]  eta: 0:23:23  loss: 6.0711 (5.8331)  acc1: 0.0000 (2.6710)  acc5: 6.2500 (9.7701)  time: 0.4638  data: 0.1338  max mem: 41183
Test:  [5200/7958]  eta: 0:22:32  loss: 5.8912 (5.8301)  acc1: 0.0000 (2.6990)  acc5: 0.0000 (9.7914)  time: 0.4433  data: 0.0896  max mem: 41183
Test:  [5300/7958]  eta: 0:21:43  loss: 5.7113 (5.8253)  acc1: 0.0000 (2.7825)  acc5: 12.5000 (9.9132)  time: 0.4726  data: 0.1378  max mem: 41183
Test:  [5400/7958]  eta: 0:20:54  loss: 5.3667 (5.8236)  acc1: 0.0000 (2.7761)  acc5: 6.2500 (9.9067)  time: 0.5270  data: 0.2029  max mem: 41183
Test:  [5500/7958]  eta: 0:20:04  loss: 5.3176 (5.8216)  acc1: 0.0000 (2.8370)  acc5: 6.2500 (9.9959)  time: 0.4928  data: 0.1783  max mem: 41183
Test:  [5600/7958]  eta: 0:19:14  loss: 6.1926 (5.8238)  acc1: 0.0000 (2.8042)  acc5: 0.0000 (9.9179)  time: 0.4840  data: 0.1533  max mem: 41183
Test:  [5700/7958]  eta: 0:18:24  loss: 4.5822 (5.8145)  acc1: 6.2500 (2.8789)  acc5: 37.5000 (10.1101)  time: 0.4455  data: 0.1012  max mem: 41183
Test:  [5800/7958]  eta: 0:17:35  loss: 4.9800 (5.8148)  acc1: 0.0000 (2.8486)  acc5: 18.7500 (10.0996)  time: 0.5179  data: 0.1688  max mem: 41183
Test:  [5900/7958]  eta: 0:16:46  loss: 5.9570 (5.8138)  acc1: 0.0000 (2.8269)  acc5: 0.0000 (10.0343)  time: 0.4964  data: 0.1732  max mem: 41183
Test:  [6000/7958]  eta: 0:15:56  loss: 5.9369 (5.8169)  acc1: 0.0000 (2.8131)  acc5: 0.0000 (9.9806)  time: 0.4842  data: 0.1371  max mem: 41183
Test:  [6100/7958]  eta: 0:15:08  loss: 5.8046 (5.8090)  acc1: 0.0000 (2.8499)  acc5: 0.0000 (10.1162)  time: 0.5601  data: 0.2316  max mem: 41183
Test:  [6200/7958]  eta: 0:14:18  loss: 4.4364 (5.8119)  acc1: 0.0000 (2.8453)  acc5: 6.2500 (10.0941)  time: 0.5451  data: 0.2025  max mem: 41183
Test:  [6300/7958]  eta: 0:13:29  loss: 5.4615 (5.8128)  acc1: 0.0000 (2.8299)  acc5: 18.7500 (10.0589)  time: 0.4687  data: 0.0919  max mem: 41183
Test:  [6400/7958]  eta: 0:12:40  loss: 5.3430 (5.8083)  acc1: 0.0000 (2.8706)  acc5: 6.2500 (10.0941)  time: 0.4379  data: 0.0313  max mem: 41183
Test:  [6500/7958]  eta: 0:11:50  loss: 4.8566 (5.8017)  acc1: 0.0000 (2.9274)  acc5: 12.5000 (10.1840)  time: 0.4150  data: 0.1482  max mem: 41183
Test:  [6600/7958]  eta: 0:11:00  loss: 6.2159 (5.8045)  acc1: 0.0000 (2.8916)  acc5: 6.2500 (10.1112)  time: 0.4953  data: 0.1577  max mem: 41183
Test:  [6700/7958]  eta: 0:10:11  loss: 6.0342 (5.8033)  acc1: 0.0000 (2.8914)  acc5: 0.0000 (10.1244)  time: 0.4653  data: 0.1275  max mem: 41183
Test:  [6800/7958]  eta: 0:09:22  loss: 5.7461 (5.7981)  acc1: 0.0000 (2.8865)  acc5: 0.0000 (10.2099)  time: 0.4494  data: 0.1020  max mem: 41183
Test:  [6900/7958]  eta: 0:08:33  loss: 6.3381 (5.7940)  acc1: 0.0000 (2.9181)  acc5: 0.0000 (10.2992)  time: 0.4626  data: 0.1087  max mem: 41183
Test:  [7000/7958]  eta: 0:07:44  loss: 6.4559 (5.7954)  acc1: 0.0000 (2.8898)  acc5: 0.0000 (10.2637)  time: 0.4551  data: 0.1622  max mem: 41183
Test:  [7100/7958]  eta: 0:06:55  loss: 5.6032 (5.7905)  acc1: 0.0000 (2.9309)  acc5: 6.2500 (10.3331)  time: 0.4927  data: 0.1735  max mem: 41183
Test:  [7200/7958]  eta: 0:06:06  loss: 6.0731 (5.7889)  acc1: 0.0000 (2.9675)  acc5: 0.0000 (10.3250)  time: 0.4574  data: 0.1172  max mem: 41183
Test:  [7300/7958]  eta: 0:05:18  loss: 5.2155 (5.7791)  acc1: 6.2500 (3.0758)  acc5: 31.2500 (10.5414)  time: 0.4855  data: 0.1669  max mem: 41183
Test:  [7400/7958]  eta: 0:04:29  loss: 5.8933 (5.7809)  acc1: 0.0000 (3.0790)  acc5: 0.0000 (10.5501)  time: 0.4950  data: 0.1685  max mem: 41183
Test:  [7500/7958]  eta: 0:03:41  loss: 5.9352 (5.7861)  acc1: 6.2500 (3.0671)  acc5: 18.7500 (10.5086)  time: 0.4529  data: 0.1196  max mem: 41183
Test:  [7600/7958]  eta: 0:02:52  loss: 5.1349 (5.7889)  acc1: 6.2500 (3.0629)  acc5: 25.0000 (10.5036)  time: 0.4481  data: 0.0955  max mem: 41183
Test:  [7700/7958]  eta: 0:02:04  loss: 5.9203 (5.7903)  acc1: 0.0000 (3.0718)  acc5: 0.0000 (10.5181)  time: 0.4603  data: 0.0876  max mem: 41183
Test:  [7800/7958]  eta: 0:01:16  loss: 5.1399 (5.7825)  acc1: 6.2500 (3.1126)  acc5: 31.2500 (10.6653)  time: 0.4457  data: 0.0724  max mem: 41183
Test:  [7900/7958]  eta: 0:00:27  loss: 5.9054 (5.7861)  acc1: 0.0000 (3.1096)  acc5: 0.0000 (10.6308)  time: 0.4100  data: 0.0542  max mem: 41183
Test: Total time: 1:03:46
 * Acc@1 = 3.125, Acc@5 = 10.614318924352853, loss = 5.787888567152261
Namespace(model='QKFormer_10_768', dataset='es-imagenet', num_classes=1000, data_path='/model/es-imagenet', device='cuda', batch_size=16, workers=4, print_freq=3072, output_dir='./logs4', resume='', sync_bn=False, test_only=False, amp=True, world_size=1, dist_url='env://', tb=True, T=8, opt='adamw', opt_eps=1e-08, opt_betas=None, weight_decay=0.01, momentum=0.9, connect_f='ADD', T_train=None, sched='cosine', lr=0.0005, lr_noise=None, lr_noise_pct=0.67, lr_noise_std=1.0, lr_cycle_mul=1.0, lr_cycle_limit=1, warmup_lr=1e-05, min_lr=1e-06, epochs=100, epoch_repeats=0.0, start_epoch=0, decay_epochs=20, warmup_epochs=20, cooldown_epochs=10, patience_epochs=10, decay_rate=0.1, smoothing=0.1, mixup=0.5, cutmix=0.0, cutmix_minmax=None, mixup_prob=0.5, mixup_switch_prob=0.5, mixup_mode='batch', mixup_off_epoch=0, grad_clip=5.0, distributed=False)
Training time 10:28:34 max_test_acc1 3.125 test_acc5_at_max_test_acc1 10.614318924352853
./logs4/QKFormer_10_768_b16_T8_wd0.01_adamw_cnf_ADD/lr0.0005
Epoch: [1]  [    0/71874]  eta: 2 days, 5:22:35  lr: 3.45e-05  img/s: 23.06386678750399  loss: 6.1322 (6.1322)  acc1: 6.2500 (6.2500)  acc5: 18.7500 (18.7500)  time: 2.6735  data: 1.9798  max mem: 41183
Epoch: [1]  [ 3072/71874]  eta: 14:38:45  lr: 3.45e-05  img/s: 26.289180395170952  loss: 6.5184 (6.3964)  acc1: 0.0000 (1.4908)  acc5: 6.2500 (5.8107)  time: 0.7279  data: 0.0128  max mem: 41183
Epoch: [1]  [ 6144/71874]  eta: 14:00:02  lr: 3.45e-05  img/s: 18.084270191277202  loss: 6.6957 (6.4828)  acc1: 0.0000 (1.2571)  acc5: 0.0000 (4.9675)  time: 0.8347  data: 0.0078  max mem: 41183
Epoch: [1]  [ 9216/71874]  eta: 13:22:15  lr: 3.45e-05  img/s: 22.86429025295604  loss: 6.5250 (6.4952)  acc1: 0.0000 (1.2002)  acc5: 0.0000 (4.8457)  time: 0.7401  data: 0.0137  max mem: 41183
Epoch: [1]  [12288/71874]  eta: 12:43:07  lr: 3.45e-05  img/s: 22.61805046023844  loss: 6.6346 (6.5127)  acc1: 0.0000 (1.1474)  acc5: 6.2500 (4.6413)  time: 0.8369  data: 0.0064  max mem: 41183
Epoch: [1]  [15360/71874]  eta: 12:02:22  lr: 3.45e-05  img/s: 21.32370768708685  loss: 6.3528 (6.5158)  acc1: 0.0000 (1.1392)  acc5: 6.2500 (4.5692)  time: 0.6918  data: 0.0051  max mem: 41183
Epoch: [1]  [18432/71874]  eta: 11:22:54  lr: 3.45e-05  img/s: 19.014246901526295  loss: 6.3084 (6.5191)  acc1: 0.0000 (1.1362)  acc5: 6.2500 (4.5642)  time: 0.8050  data: 0.0062  max mem: 41183
Epoch: [1]  [21504/71874]  eta: 10:42:49  lr: 3.45e-05  img/s: 19.161380328001787  loss: 6.0929 (6.4899)  acc1: 6.2500 (1.2747)  acc5: 12.5000 (4.9526)  time: 0.7516  data: 0.0127  max mem: 41183
Epoch: [1]  [24576/71874]  eta: 10:02:36  lr: 3.45e-05  img/s: 21.073092304909665  loss: 6.1864 (6.4591)  acc1: 0.0000 (1.4144)  acc5: 12.5000 (5.3805)  time: 0.7450  data: 0.0067  max mem: 41183
Epoch: [1]  [27648/71874]  eta: 9:23:14  lr: 3.45e-05  img/s: 32.65053460013  loss: 6.1121 (6.4322)  acc1: 0.0000 (1.5507)  acc5: 6.2500 (5.7841)  time: 0.7190  data: 0.0146  max mem: 41183
Epoch: [1]  [30720/71874]  eta: 8:42:54  lr: 3.45e-05  img/s: 22.40368987774075  loss: 6.1058 (6.4095)  acc1: 0.0000 (1.6599)  acc5: 12.5000 (6.1188)  time: 0.7194  data: 0.0100  max mem: 41183
Epoch: [1]  [33792/71874]  eta: 8:03:13  lr: 3.45e-05  img/s: 24.56425761318198  loss: 6.1276 (6.3902)  acc1: 0.0000 (1.7591)  acc5: 12.5000 (6.4055)  time: 0.7726  data: 0.0097  max mem: 41183
Epoch: [1]  [36864/71874]  eta: 7:24:49  lr: 3.45e-05  img/s: 30.08599782656256  loss: 6.0732 (6.3716)  acc1: 0.0000 (1.8459)  acc5: 6.2500 (6.6742)  time: 0.8186  data: 0.0118  max mem: 41183
Epoch: [1]  [39936/71874]  eta: 6:45:51  lr: 3.45e-05  img/s: 23.329903490923225  loss: 6.2568 (6.3554)  acc1: 0.0000 (1.9370)  acc5: 6.2500 (6.9459)  time: 0.7419  data: 0.0051  max mem: 41183
Epoch: [1]  [43008/71874]  eta: 6:07:08  lr: 3.45e-05  img/s: 16.29811656544226  loss: 6.1912 (6.3371)  acc1: 0.0000 (2.0435)  acc5: 6.2500 (7.2431)  time: 0.7696  data: 0.0072  max mem: 41183
Epoch: [1]  [46080/71874]  eta: 5:28:18  lr: 3.45e-05  img/s: 27.712475821890543  loss: 6.1176 (6.3194)  acc1: 0.0000 (2.1519)  acc5: 6.2500 (7.5512)  time: 0.7154  data: 0.0086  max mem: 41183
Epoch: [1]  [49152/71874]  eta: 4:49:19  lr: 3.45e-05  img/s: 16.836020008886038  loss: 5.9651 (6.3011)  acc1: 6.2500 (2.2836)  acc5: 12.5000 (7.8811)  time: 0.8156  data: 0.0048  max mem: 41183
Epoch: [1]  [52224/71874]  eta: 4:05:26  lr: 3.45e-05  img/s: 26.651166817444956  loss: 5.8575 (6.2822)  acc1: 0.0000 (2.4143)  acc5: 12.5000 (8.2259)  time: 0.4745  data: 0.0049  max mem: 41183
Epoch: [1]  [55296/71874]  eta: 3:22:35  lr: 3.45e-05  img/s: 42.28635232292172  loss: 5.9398 (6.2650)  acc1: 6.2500 (2.5288)  acc5: 12.5000 (8.5295)  time: 0.4029  data: 0.0007  max mem: 41183
Epoch: [1]  [58368/71874]  eta: 2:40:52  lr: 3.45e-05  img/s: 43.18540307380253  loss: 5.7283 (6.2473)  acc1: 6.2500 (2.6618)  acc5: 18.7500 (8.8575)  time: 0.3712  data: 0.0002  max mem: 41183
Epoch: [1]  [61440/71874]  eta: 2:01:18  lr: 3.45e-05  img/s: 43.14029092386455  loss: 5.6798 (6.2300)  acc1: 6.2500 (2.7848)  acc5: 18.7500 (9.1877)  time: 0.3722  data: 0.0002  max mem: 41183
Epoch: [1]  [64512/71874]  eta: 1:23:41  lr: 3.45e-05  img/s: 43.14930581229895  loss: 5.7971 (6.2130)  acc1: 6.2500 (2.9146)  acc5: 12.5000 (9.5135)  time: 0.3783  data: 0.0002  max mem: 41183
Epoch: [1]  [67584/71874]  eta: 0:47:45  lr: 3.45e-05  img/s: 42.666368274656286  loss: 5.6928 (6.1962)  acc1: 6.2500 (3.0463)  acc5: 12.5000 (9.8336)  time: 0.3710  data: 0.0002  max mem: 41183
Epoch: [1]  [70656/71874]  eta: 0:13:17  lr: 3.45e-05  img/s: 43.40814632887386  loss: 5.5757 (6.1802)  acc1: 6.2500 (3.1817)  acc5: 18.7500 (10.1514)  time: 0.3755  data: 0.0002  max mem: 41183
Epoch: [1] Total time: 12:59:06
Test:  [   0/7958]  eta: 1:41:47  loss: 5.7798 (5.7798)  acc1: 6.2500 (6.2500)  acc5: 12.5000 (12.5000)  time: 0.7674  data: 0.5575  max mem: 41183
Test:  [ 100/7958]  eta: 0:28:18  loss: 4.3906 (5.0327)  acc1: 12.5000 (11.2005)  acc5: 31.2500 (29.7030)  time: 0.2105  data: 0.0003  max mem: 41183
Test:  [ 200/7958]  eta: 0:27:36  loss: 5.3026 (5.1144)  acc1: 0.0000 (8.3022)  acc5: 6.2500 (25.8706)  time: 0.2109  data: 0.0003  max mem: 41183
Test:  [ 300/7958]  eta: 0:27:07  loss: 4.8009 (5.1140)  acc1: 6.2500 (7.5789)  acc5: 37.5000 (24.5017)  time: 0.2108  data: 0.0003  max mem: 41183
Test:  [ 400/7958]  eta: 0:26:42  loss: 3.1939 (4.9037)  acc1: 12.5000 (9.5231)  acc5: 68.7500 (28.8498)  time: 0.2109  data: 0.0003  max mem: 41183
Test:  [ 500/7958]  eta: 0:26:19  loss: 5.0999 (4.8603)  acc1: 6.2500 (10.8034)  acc5: 31.2500 (30.0773)  time: 0.2107  data: 0.0003  max mem: 41183
Test:  [ 600/7958]  eta: 0:25:56  loss: 6.1488 (5.0395)  acc1: 0.0000 (9.0682)  acc5: 0.0000 (25.7800)  time: 0.2107  data: 0.0003  max mem: 41183
Test:  [ 700/7958]  eta: 0:25:34  loss: 6.1667 (5.1557)  acc1: 0.0000 (7.8994)  acc5: 0.0000 (23.0563)  time: 0.2108  data: 0.0003  max mem: 41183
Test:  [ 800/7958]  eta: 0:25:12  loss: 5.5815 (5.2469)  acc1: 0.0000 (7.3112)  acc5: 0.0000 (21.4654)  time: 0.2102  data: 0.0003  max mem: 41183
Test:  [ 900/7958]  eta: 0:24:51  loss: 5.8258 (5.3056)  acc1: 0.0000 (7.0130)  acc5: 0.0000 (20.4356)  time: 0.2104  data: 0.0003  max mem: 41183
Test:  [1000/7958]  eta: 0:24:29  loss: 6.0792 (5.3708)  acc1: 0.0000 (6.4311)  acc5: 0.0000 (18.9748)  time: 0.2107  data: 0.0003  max mem: 41183
Test:  [1100/7958]  eta: 0:24:08  loss: 5.8176 (5.4238)  acc1: 0.0000 (5.9662)  acc5: 0.0000 (17.7055)  time: 0.2106  data: 0.0003  max mem: 41183
Test:  [1200/7958]  eta: 0:23:46  loss: 6.1755 (5.4546)  acc1: 0.0000 (5.6307)  acc5: 0.0000 (17.0431)  time: 0.2111  data: 0.0003  max mem: 41183
Test:  [1300/7958]  eta: 0:23:25  loss: 6.0056 (5.4721)  acc1: 0.0000 (5.4477)  acc5: 6.2500 (16.8428)  time: 0.2112  data: 0.0003  max mem: 41183
Test:  [1400/7958]  eta: 0:23:04  loss: 5.7987 (5.4804)  acc1: 0.0000 (5.4648)  acc5: 0.0000 (16.6979)  time: 0.2110  data: 0.0003  max mem: 41183
Test:  [1500/7958]  eta: 0:22:43  loss: 5.5978 (5.4985)  acc1: 0.0000 (5.2423)  acc5: 6.2500 (16.3474)  time: 0.2109  data: 0.0003  max mem: 41183
Test:  [1600/7958]  eta: 0:22:21  loss: 5.2210 (5.4952)  acc1: 6.2500 (5.1413)  acc5: 25.0000 (16.1579)  time: 0.2106  data: 0.0003  max mem: 41183
Test:  [1700/7958]  eta: 0:22:00  loss: 4.6049 (5.4882)  acc1: 0.0000 (5.3131)  acc5: 31.2500 (16.5013)  time: 0.2106  data: 0.0003  max mem: 41183
Test:  [1800/7958]  eta: 0:21:39  loss: 4.6790 (5.4676)  acc1: 12.5000 (5.4518)  acc5: 31.2500 (17.0322)  time: 0.2104  data: 0.0003  max mem: 41183
Test:  [1900/7958]  eta: 0:21:18  loss: 4.8213 (5.4462)  acc1: 0.0000 (5.3623)  acc5: 25.0000 (17.1522)  time: 0.2103  data: 0.0003  max mem: 41183
Test:  [2000/7958]  eta: 0:20:56  loss: 4.6591 (5.4007)  acc1: 6.2500 (5.9720)  acc5: 31.2500 (18.0753)  time: 0.2105  data: 0.0003  max mem: 41183
Test:  [2100/7958]  eta: 0:20:35  loss: 5.2485 (5.3841)  acc1: 0.0000 (6.2292)  acc5: 25.0000 (18.5418)  time: 0.2111  data: 0.0003  max mem: 41183
Test:  [2200/7958]  eta: 0:20:14  loss: 5.1114 (5.3747)  acc1: 0.0000 (6.4346)  acc5: 18.7500 (18.7273)  time: 0.2111  data: 0.0003  max mem: 41183
Test:  [2300/7958]  eta: 0:19:53  loss: 5.9294 (5.3854)  acc1: 0.0000 (6.2609)  acc5: 0.0000 (18.3263)  time: 0.2110  data: 0.0003  max mem: 41183
Test:  [2400/7958]  eta: 0:19:32  loss: 5.8638 (5.4009)  acc1: 0.0000 (6.0548)  acc5: 0.0000 (17.8597)  time: 0.2112  data: 0.0003  max mem: 41183
Test:  [2500/7958]  eta: 0:19:11  loss: 5.5889 (5.4024)  acc1: 0.0000 (6.0101)  acc5: 0.0000 (17.7904)  time: 0.2106  data: 0.0003  max mem: 41183
Test:  [2600/7958]  eta: 0:18:50  loss: 5.2882 (5.3964)  acc1: 0.0000 (6.1827)  acc5: 12.5000 (18.0195)  time: 0.2106  data: 0.0003  max mem: 41183
Test:  [2700/7958]  eta: 0:18:29  loss: 4.8602 (5.3772)  acc1: 6.2500 (6.2176)  acc5: 18.7500 (18.3265)  time: 0.2104  data: 0.0003  max mem: 41183
Test:  [2800/7958]  eta: 0:18:07  loss: 5.1721 (5.3539)  acc1: 6.2500 (6.3504)  acc5: 18.7500 (18.7210)  time: 0.2106  data: 0.0003  max mem: 41183
Test:  [2900/7958]  eta: 0:17:46  loss: 4.2066 (5.3440)  acc1: 12.5000 (6.3836)  acc5: 43.7500 (18.8814)  time: 0.2106  data: 0.0003  max mem: 41183
Test:  [3000/7958]  eta: 0:17:25  loss: 3.5722 (5.3399)  acc1: 6.2500 (6.4395)  acc5: 43.7500 (18.9853)  time: 0.2106  data: 0.0003  max mem: 41183
Test:  [3100/7958]  eta: 0:17:04  loss: 5.6369 (5.3303)  acc1: 0.0000 (6.4213)  acc5: 0.0000 (19.1350)  time: 0.2111  data: 0.0003  max mem: 41183
Test:  [3200/7958]  eta: 0:16:43  loss: 5.3801 (5.3156)  acc1: 0.0000 (6.5331)  acc5: 12.5000 (19.4041)  time: 0.2110  data: 0.0003  max mem: 41183
Test:  [3300/7958]  eta: 0:16:22  loss: 5.7150 (5.3156)  acc1: 0.0000 (6.5776)  acc5: 6.2500 (19.3237)  time: 0.2111  data: 0.0003  max mem: 41183
Test:  [3400/7958]  eta: 0:16:01  loss: 5.1566 (5.3043)  acc1: 0.0000 (6.6690)  acc5: 6.2500 (19.4832)  time: 0.2105  data: 0.0003  max mem: 41183
Test:  [3500/7958]  eta: 0:15:40  loss: 4.7590 (5.2868)  acc1: 12.5000 (6.8498)  acc5: 25.0000 (19.9211)  time: 0.2107  data: 0.0003  max mem: 41183
Test:  [3600/7958]  eta: 0:15:19  loss: 5.2989 (5.2792)  acc1: 0.0000 (6.8158)  acc5: 6.2500 (20.0292)  time: 0.2104  data: 0.0003  max mem: 41183
Test:  [3700/7958]  eta: 0:14:57  loss: 5.8356 (5.2724)  acc1: 0.0000 (6.7988)  acc5: 6.2500 (20.1297)  time: 0.2106  data: 0.0003  max mem: 41183
Test:  [3800/7958]  eta: 0:14:36  loss: 4.9330 (5.2666)  acc1: 0.0000 (6.8058)  acc5: 12.5000 (20.1378)  time: 0.2105  data: 0.0003  max mem: 41183
Test:  [3900/7958]  eta: 0:14:15  loss: 5.2107 (5.2503)  acc1: 6.2500 (6.9774)  acc5: 18.7500 (20.4531)  time: 0.2108  data: 0.0003  max mem: 41183
Test:  [4000/7958]  eta: 0:13:54  loss: 4.9748 (5.2385)  acc1: 6.2500 (7.1451)  acc5: 25.0000 (20.6464)  time: 0.2108  data: 0.0003  max mem: 41183
Test:  [4100/7958]  eta: 0:13:33  loss: 4.6819 (5.2253)  acc1: 0.0000 (7.2802)  acc5: 18.7500 (20.9202)  time: 0.2112  data: 0.0003  max mem: 41183
Test:  [4200/7958]  eta: 0:13:12  loss: 5.3173 (5.2188)  acc1: 0.0000 (7.3018)  acc5: 6.2500 (21.0188)  time: 0.2114  data: 0.0003  max mem: 41183
Test:  [4300/7958]  eta: 0:12:51  loss: 4.6742 (5.2105)  acc1: 6.2500 (7.3646)  acc5: 31.2500 (21.1739)  time: 0.2109  data: 0.0003  max mem: 41183
Test:  [4400/7958]  eta: 0:12:30  loss: 5.0371 (5.2122)  acc1: 6.2500 (7.3733)  acc5: 18.7500 (21.1372)  time: 0.2106  data: 0.0003  max mem: 41183
Test:  [4500/7958]  eta: 0:12:09  loss: 5.3955 (5.2129)  acc1: 0.0000 (7.3789)  acc5: 6.2500 (21.0911)  time: 0.2102  data: 0.0003  max mem: 41183
Test:  [4600/7958]  eta: 0:11:48  loss: 5.6125 (5.2123)  acc1: 0.0000 (7.3978)  acc5: 0.0000 (21.1055)  time: 0.2104  data: 0.0003  max mem: 41183
Test:  [4700/7958]  eta: 0:11:26  loss: 4.3326 (5.2065)  acc1: 6.2500 (7.4319)  acc5: 18.7500 (21.1870)  time: 0.2103  data: 0.0003  max mem: 41183
Test:  [4800/7958]  eta: 0:11:05  loss: 4.8893 (5.2009)  acc1: 6.2500 (7.4919)  acc5: 25.0000 (21.2625)  time: 0.2107  data: 0.0003  max mem: 41183
Test:  [4900/7958]  eta: 0:10:44  loss: 4.9428 (5.1996)  acc1: 0.0000 (7.4551)  acc5: 12.5000 (21.2202)  time: 0.2109  data: 0.0003  max mem: 41183
Test:  [5000/7958]  eta: 0:10:23  loss: 4.7280 (5.1897)  acc1: 0.0000 (7.4960)  acc5: 18.7500 (21.3620)  time: 0.2110  data: 0.0003  max mem: 41183
Test:  [5100/7958]  eta: 0:10:02  loss: 5.5626 (5.1858)  acc1: 0.0000 (7.5034)  acc5: 12.5000 (21.4406)  time: 0.2108  data: 0.0003  max mem: 41183
Test:  [5200/7958]  eta: 0:09:41  loss: 4.6286 (5.1805)  acc1: 12.5000 (7.6187)  acc5: 25.0000 (21.5043)  time: 0.2108  data: 0.0003  max mem: 41183
Test:  [5300/7958]  eta: 0:09:20  loss: 4.9699 (5.1762)  acc1: 6.2500 (7.6648)  acc5: 18.7500 (21.5797)  time: 0.2103  data: 0.0003  max mem: 41183
Test:  [5400/7958]  eta: 0:08:59  loss: 4.9077 (5.1728)  acc1: 6.2500 (7.7856)  acc5: 12.5000 (21.6684)  time: 0.2106  data: 0.0003  max mem: 41183
Test:  [5500/7958]  eta: 0:08:38  loss: 3.2490 (5.1633)  acc1: 31.2500 (7.9440)  acc5: 62.5000 (21.8585)  time: 0.2102  data: 0.0003  max mem: 41183
Test:  [5600/7958]  eta: 0:08:17  loss: 5.2832 (5.1646)  acc1: 0.0000 (7.8903)  acc5: 31.2500 (21.8588)  time: 0.2105  data: 0.0003  max mem: 41183
Test:  [5700/7958]  eta: 0:07:56  loss: 4.7564 (5.1606)  acc1: 0.0000 (7.8944)  acc5: 37.5000 (21.9512)  time: 0.2106  data: 0.0003  max mem: 41183
Test:  [5800/7958]  eta: 0:07:34  loss: 5.2146 (5.1628)  acc1: 0.0000 (7.8489)  acc5: 12.5000 (21.8928)  time: 0.2108  data: 0.0003  max mem: 41183
Test:  [5900/7958]  eta: 0:07:13  loss: 5.7320 (5.1594)  acc1: 0.0000 (7.8398)  acc5: 6.2500 (21.9243)  time: 0.2110  data: 0.0003  max mem: 41183
Test:  [6000/7958]  eta: 0:06:52  loss: 5.0499 (5.1581)  acc1: 0.0000 (7.8581)  acc5: 18.7500 (21.8911)  time: 0.2109  data: 0.0003  max mem: 41183
Test:  [6100/7958]  eta: 0:06:31  loss: 4.2412 (5.1516)  acc1: 6.2500 (7.9106)  acc5: 50.0000 (22.0210)  time: 0.2113  data: 0.0003  max mem: 41183
Test:  [6200/7958]  eta: 0:06:10  loss: 4.5403 (5.1551)  acc1: 6.2500 (7.8707)  acc5: 18.7500 (21.8886)  time: 0.2106  data: 0.0003  max mem: 41183
Test:  [6300/7958]  eta: 0:05:49  loss: 4.3112 (5.1505)  acc1: 18.7500 (7.9134)  acc5: 50.0000 (21.9925)  time: 0.2104  data: 0.0003  max mem: 41183
Test:  [6400/7958]  eta: 0:05:28  loss: 4.5541 (5.1450)  acc1: 0.0000 (7.9909)  acc5: 25.0000 (22.1196)  time: 0.2106  data: 0.0003  max mem: 41183
Test:  [6500/7958]  eta: 0:05:07  loss: 4.1516 (5.1386)  acc1: 12.5000 (8.0343)  acc5: 31.2500 (22.2120)  time: 0.2104  data: 0.0003  max mem: 41183
Test:  [6600/7958]  eta: 0:04:46  loss: 5.5561 (5.1432)  acc1: 0.0000 (7.9732)  acc5: 6.2500 (22.0743)  time: 0.2105  data: 0.0004  max mem: 41183
Test:  [6700/7958]  eta: 0:04:25  loss: 4.5498 (5.1443)  acc1: 12.5000 (7.9307)  acc5: 31.2500 (22.0471)  time: 0.2105  data: 0.0003  max mem: 41183
Test:  [6800/7958]  eta: 0:04:04  loss: 4.4469 (5.1384)  acc1: 6.2500 (7.9382)  acc5: 25.0000 (22.1153)  time: 0.2110  data: 0.0003  max mem: 41183
Test:  [6900/7958]  eta: 0:03:43  loss: 5.8422 (5.1325)  acc1: 0.0000 (7.9871)  acc5: 6.2500 (22.2531)  time: 0.2111  data: 0.0003  max mem: 41183
Test:  [7000/7958]  eta: 0:03:21  loss: 5.5405 (5.1333)  acc1: 0.0000 (7.9605)  acc5: 0.0000 (22.2290)  time: 0.2109  data: 0.0003  max mem: 41183
Test:  [7100/7958]  eta: 0:03:00  loss: 3.9819 (5.1322)  acc1: 18.7500 (7.9918)  acc5: 43.7500 (22.2310)  time: 0.2108  data: 0.0003  max mem: 41183
Test:  [7200/7958]  eta: 0:02:39  loss: 5.7498 (5.1348)  acc1: 0.0000 (7.9746)  acc5: 0.0000 (22.1254)  time: 0.2107  data: 0.0003  max mem: 41183
Test:  [7300/7958]  eta: 0:02:18  loss: 4.8510 (5.1208)  acc1: 6.2500 (8.2420)  acc5: 31.2500 (22.4438)  time: 0.2104  data: 0.0003  max mem: 41183
Test:  [7400/7958]  eta: 0:01:57  loss: 5.3985 (5.1248)  acc1: 0.0000 (8.1754)  acc5: 12.5000 (22.3399)  time: 0.2103  data: 0.0003  max mem: 41183
Test:  [7500/7958]  eta: 0:01:36  loss: 4.6345 (5.1262)  acc1: 12.5000 (8.1489)  acc5: 31.2500 (22.3270)  time: 0.2107  data: 0.0003  max mem: 41183
Test:  [7600/7958]  eta: 0:01:15  loss: 4.8094 (5.1270)  acc1: 0.0000 (8.1404)  acc5: 25.0000 (22.3367)  time: 0.2104  data: 0.0003  max mem: 41183
Test:  [7700/7958]  eta: 0:00:54  loss: 5.3406 (5.1270)  acc1: 0.0000 (8.1491)  acc5: 6.2500 (22.3315)  time: 0.2109  data: 0.0003  max mem: 41183
Test:  [7800/7958]  eta: 0:00:33  loss: 4.4685 (5.1180)  acc1: 6.2500 (8.2385)  acc5: 37.5000 (22.5428)  time: 0.2107  data: 0.0003  max mem: 41183
Test:  [7900/7958]  eta: 0:00:12  loss: 4.3955 (5.1172)  acc1: 18.7500 (8.2980)  acc5: 43.7500 (22.5763)  time: 0.2114  data: 0.0003  max mem: 41183
Test: Total time: 0:27:57
 * Acc@1 = 8.312390047750691, Acc@5 = 22.6446657451621, loss = 5.115854436232535
Namespace(model='QKFormer_10_768', dataset='es-imagenet', num_classes=1000, data_path='/model/es-imagenet', device='cuda', batch_size=16, workers=4, print_freq=3072, output_dir='./logs4', resume='', sync_bn=False, test_only=False, amp=True, world_size=1, dist_url='env://', tb=True, T=8, opt='adamw', opt_eps=1e-08, opt_betas=None, weight_decay=0.01, momentum=0.9, connect_f='ADD', T_train=None, sched='cosine', lr=0.0005, lr_noise=None, lr_noise_pct=0.67, lr_noise_std=1.0, lr_cycle_mul=1.0, lr_cycle_limit=1, warmup_lr=1e-05, min_lr=1e-06, epochs=100, epoch_repeats=0.0, start_epoch=0, decay_epochs=20, warmup_epochs=20, cooldown_epochs=10, patience_epochs=10, decay_rate=0.1, smoothing=0.1, mixup=0.5, cutmix=0.0, cutmix_minmax=None, mixup_prob=0.5, mixup_switch_prob=0.5, mixup_mode='batch', mixup_off_epoch=0, grad_clip=5.0, distributed=False)
Training time 23:55:42 max_test_acc1 8.312390047750691 test_acc5_at_max_test_acc1 22.6446657451621
./logs4/QKFormer_10_768_b16_T8_wd0.01_adamw_cnf_ADD/lr0.0005
Epoch: [2]  [    0/71874]  eta: 1 day, 3:06:28  lr: 5.9e-05  img/s: 42.733339701097165  loss: 5.3853 (5.3853)  acc1: 12.5000 (12.5000)  acc5: 18.7500 (18.7500)  time: 1.3578  data: 0.9833  max mem: 41183
Epoch: [2]  [ 3072/71874]  eta: 7:07:01  lr: 5.9e-05  img/s: 43.201861232835  loss: 5.9311 (5.8597)  acc1: 6.2500 (5.5727)  acc5: 12.5000 (16.3541)  time: 0.3768  data: 0.0002  max mem: 41183
Epoch: [2]  [ 6144/71874]  eta: 6:47:45  lr: 5.9e-05  img/s: 43.211291402668316  loss: 5.8645 (5.8489)  acc1: 6.2500 (5.6275)  acc5: 18.7500 (16.5785)  time: 0.3719  data: 0.0002  max mem: 41183
Epoch: [2]  [ 9216/71874]  eta: 6:28:36  lr: 5.9e-05  img/s: 43.27747385798996  loss: 5.8699 (5.8283)  acc1: 6.2500 (5.8669)  acc5: 18.7500 (17.0331)  time: 0.3740  data: 0.0002  max mem: 41183
Epoch: [2]  [12288/71874]  eta: 6:09:32  lr: 5.9e-05  img/s: 43.24827287537894  loss: 5.7915 (5.8112)  acc1: 6.2500 (6.0822)  acc5: 18.7500 (17.3997)  time: 0.3715  data: 0.0002  max mem: 41183
Epoch: [2]  [15360/71874]  eta: 5:50:30  lr: 5.9e-05  img/s: 43.1317787805538  loss: 5.7854 (5.7991)  acc1: 6.2500 (6.2378)  acc5: 18.7500 (17.6575)  time: 0.3717  data: 0.0002  max mem: 41183
Epoch: [2]  [18432/71874]  eta: 5:31:27  lr: 5.9e-05  img/s: 43.18418033287967  loss: 5.5050 (5.7821)  acc1: 6.2500 (6.4219)  acc5: 18.7500 (18.0336)  time: 0.3699  data: 0.0002  max mem: 41183
Epoch: [2]  [21504/71874]  eta: 5:12:23  lr: 5.9e-05  img/s: 42.87544698617753  loss: 5.8282 (5.7698)  acc1: 6.2500 (6.5802)  acc5: 18.7500 (18.3405)  time: 0.3718  data: 0.0002  max mem: 41183
Epoch: [2]  [24576/71874]  eta: 4:53:19  lr: 5.9e-05  img/s: 43.274683140256585  loss: 5.4143 (5.7529)  acc1: 6.2500 (6.7517)  acc5: 18.7500 (18.7093)  time: 0.3708  data: 0.0002  max mem: 41183
Epoch: [2]  [27648/71874]  eta: 4:34:16  lr: 5.9e-05  img/s: 43.1381001815932  loss: 5.2861 (5.7416)  acc1: 6.2500 (6.8816)  acc5: 18.7500 (18.9776)  time: 0.3714  data: 0.0002  max mem: 41183
Epoch: [2]  [30720/71874]  eta: 4:15:13  lr: 5.9e-05  img/s: 42.96446648510015  loss: 5.3820 (5.7272)  acc1: 6.2500 (7.0731)  acc5: 18.7500 (19.3312)  time: 0.3779  data: 0.0002  max mem: 41183
Epoch: [2]  [33792/71874]  eta: 3:56:09  lr: 5.9e-05  img/s: 43.235845835282234  loss: 5.2813 (5.7149)  acc1: 6.2500 (7.2114)  acc5: 25.0000 (19.6102)  time: 0.3708  data: 0.0002  max mem: 41183
Epoch: [2]  [36864/71874]  eta: 3:37:05  lr: 5.9e-05  img/s: 43.20486508793378  loss: 5.4426 (5.7011)  acc1: 6.2500 (7.3586)  acc5: 25.0000 (19.9381)  time: 0.3759  data: 0.0002  max mem: 41183
Epoch: [2]  [39936/71874]  eta: 3:18:03  lr: 5.9e-05  img/s: 43.320132873895034  loss: 5.5566 (5.6890)  acc1: 6.2500 (7.5145)  acc5: 18.7500 (20.2422)  time: 0.3711  data: 0.0002  max mem: 41183
Epoch: [2]  [43008/71874]  eta: 2:58:59  lr: 5.9e-05  img/s: 43.20144406377262  loss: 5.4700 (5.6768)  acc1: 6.2500 (7.6641)  acc5: 25.0000 (20.5426)  time: 0.3710  data: 0.0002  max mem: 41183
Epoch: [2]  [46080/71874]  eta: 2:39:57  lr: 5.9e-05  img/s: 43.12013894288011  loss: 5.3336 (5.6648)  acc1: 6.2500 (7.8133)  acc5: 25.0000 (20.8318)  time: 0.3715  data: 0.0002  max mem: 41183
Epoch: [2]  [49152/71874]  eta: 2:20:53  lr: 5.9e-05  img/s: 43.11620499015397  loss: 5.3218 (5.6524)  acc1: 12.5000 (7.9565)  acc5: 31.2500 (21.1235)  time: 0.3706  data: 0.0002  max mem: 41183
Epoch: [2]  [52224/71874]  eta: 2:01:50  lr: 5.9e-05  img/s: 43.02115001948838  loss: 5.2293 (5.6399)  acc1: 12.5000 (8.1010)  acc5: 25.0000 (21.4137)  time: 0.3693  data: 0.0002  max mem: 41183
Epoch: [2]  [55296/71874]  eta: 1:42:47  lr: 5.9e-05  img/s: 43.12063766421107  loss: 5.2672 (5.6286)  acc1: 6.2500 (8.2514)  acc5: 25.0000 (21.6916)  time: 0.3712  data: 0.0002  max mem: 41183
Epoch: [2]  [58368/71874]  eta: 1:23:44  lr: 5.9e-05  img/s: 42.968070168923525  loss: 5.2407 (5.6170)  acc1: 6.2500 (8.3992)  acc5: 18.7500 (21.9659)  time: 0.3778  data: 0.0002  max mem: 41183
Epoch: [2]  [61440/71874]  eta: 1:04:41  lr: 5.9e-05  img/s: 43.49530591438584  loss: 5.2757 (5.6048)  acc1: 12.5000 (8.5576)  acc5: 25.0000 (22.2573)  time: 0.3701  data: 0.0002  max mem: 41183
Epoch: [2]  [64512/71874]  eta: 0:45:38  lr: 5.9e-05  img/s: 43.67718815938311  loss: 5.5164 (5.5945)  acc1: 6.2500 (8.6942)  acc5: 25.0000 (22.5078)  time: 0.3729  data: 0.0002  max mem: 41183
Epoch: [2]  [67584/71874]  eta: 0:26:35  lr: 5.9e-05  img/s: 43.48231391250259  loss: 5.3793 (5.5846)  acc1: 12.5000 (8.8226)  acc5: 25.0000 (22.7550)  time: 0.3694  data: 0.0002  max mem: 41183
Epoch: [2]  [70656/71874]  eta: 0:07:32  lr: 5.9e-05  img/s: 43.29344368370156  loss: 5.1899 (5.5748)  acc1: 12.5000 (8.9448)  acc5: 31.2500 (22.9933)  time: 0.3705  data: 0.0002  max mem: 41183
Epoch: [2] Total time: 7:25:24
Test:  [   0/7958]  eta: 1:52:18  loss: 4.2930 (4.2930)  acc1: 18.7500 (18.7500)  acc5: 37.5000 (37.5000)  time: 0.8468  data: 0.6377  max mem: 41183
Test:  [ 100/7958]  eta: 0:28:27  loss: 4.6711 (4.8324)  acc1: 6.2500 (12.6856)  acc5: 31.2500 (29.2079)  time: 0.2109  data: 0.0004  max mem: 41183
Test:  [ 200/7958]  eta: 0:27:41  loss: 5.5807 (4.9577)  acc1: 0.0000 (11.1629)  acc5: 6.2500 (27.6119)  time: 0.2106  data: 0.0003  max mem: 41183
Test:  [ 300/7958]  eta: 0:27:11  loss: 5.0099 (5.0190)  acc1: 6.2500 (9.1154)  acc5: 25.0000 (25.2907)  time: 0.2107  data: 0.0003  max mem: 41183
Test:  [ 400/7958]  eta: 0:26:46  loss: 2.4362 (4.6791)  acc1: 50.0000 (13.6222)  acc5: 75.0000 (32.1072)  time: 0.2104  data: 0.0003  max mem: 41183
Test:  [ 500/7958]  eta: 0:26:22  loss: 5.2962 (4.6611)  acc1: 0.0000 (14.1218)  acc5: 18.7500 (32.5973)  time: 0.2110  data: 0.0003  max mem: 41183
Test:  [ 600/7958]  eta: 0:25:59  loss: 5.1974 (4.7596)  acc1: 0.0000 (12.4792)  acc5: 12.5000 (30.3349)  time: 0.2113  data: 0.0004  max mem: 41183
Test:  [ 700/7958]  eta: 0:25:37  loss: 5.5069 (4.8596)  acc1: 0.0000 (10.9397)  acc5: 6.2500 (27.5588)  time: 0.2114  data: 0.0003  max mem: 41183
Test:  [ 800/7958]  eta: 0:25:15  loss: 5.5436 (4.9569)  acc1: 0.0000 (10.0265)  acc5: 6.2500 (25.5696)  time: 0.2112  data: 0.0004  max mem: 41183
Test:  [ 900/7958]  eta: 0:24:53  loss: 5.0487 (5.0293)  acc1: 6.2500 (9.3160)  acc5: 12.5000 (24.0705)  time: 0.2105  data: 0.0003  max mem: 41183
Test:  [1000/7958]  eta: 0:24:32  loss: 5.3652 (5.0942)  acc1: 0.0000 (8.7163)  acc5: 6.2500 (22.9083)  time: 0.2110  data: 0.0005  max mem: 41183
Test:  [1100/7958]  eta: 0:24:10  loss: 5.8628 (5.1432)  acc1: 0.0000 (8.2368)  acc5: 0.0000 (21.8324)  time: 0.2107  data: 0.0003  max mem: 41183
Test:  [1200/7958]  eta: 0:23:49  loss: 5.6371 (5.1602)  acc1: 0.0000 (7.9153)  acc5: 0.0000 (21.1490)  time: 0.2108  data: 0.0003  max mem: 41183
Test:  [1300/7958]  eta: 0:23:27  loss: 5.5403 (5.1893)  acc1: 0.0000 (7.6095)  acc5: 6.2500 (20.6188)  time: 0.2106  data: 0.0003  max mem: 41183
Test:  [1400/7958]  eta: 0:23:06  loss: 5.3593 (5.1865)  acc1: 0.0000 (7.6642)  acc5: 12.5000 (20.6772)  time: 0.2111  data: 0.0003  max mem: 41183
Test:  [1500/7958]  eta: 0:22:44  loss: 5.2309 (5.1945)  acc1: 0.0000 (7.4825)  acc5: 6.2500 (20.3739)  time: 0.2112  data: 0.0003  max mem: 41183
Test:  [1600/7958]  eta: 0:22:23  loss: 4.1778 (5.1475)  acc1: 12.5000 (7.7334)  acc5: 37.5000 (21.0689)  time: 0.2113  data: 0.0003  max mem: 41183
Test:  [1700/7958]  eta: 0:22:02  loss: 3.9322 (5.1271)  acc1: 25.0000 (7.9843)  acc5: 43.7500 (21.7188)  time: 0.2112  data: 0.0003  max mem: 41183
Test:  [1800/7958]  eta: 0:21:41  loss: 4.3816 (5.1028)  acc1: 12.5000 (8.5161)  acc5: 43.7500 (22.3244)  time: 0.2106  data: 0.0003  max mem: 41183
Test:  [1900/7958]  eta: 0:21:19  loss: 4.4855 (5.1003)  acc1: 12.5000 (8.4462)  acc5: 37.5000 (22.4191)  time: 0.2105  data: 0.0003  max mem: 41183
Test:  [2000/7958]  eta: 0:20:58  loss: 3.8417 (5.0487)  acc1: 18.7500 (9.1017)  acc5: 56.2500 (23.4976)  time: 0.2106  data: 0.0003  max mem: 41183
Test:  [2100/7958]  eta: 0:20:37  loss: 4.2742 (5.0239)  acc1: 18.7500 (9.5609)  acc5: 37.5000 (24.2266)  time: 0.2108  data: 0.0003  max mem: 41183
Test:  [2200/7958]  eta: 0:20:15  loss: 5.2301 (5.0123)  acc1: 0.0000 (9.7740)  acc5: 6.2500 (24.3015)  time: 0.2106  data: 0.0003  max mem: 41183
Test:  [2300/7958]  eta: 0:19:54  loss: 5.6490 (5.0194)  acc1: 0.0000 (9.6507)  acc5: 6.2500 (24.1634)  time: 0.2109  data: 0.0003  max mem: 41183
Test:  [2400/7958]  eta: 0:19:33  loss: 5.0850 (5.0344)  acc1: 0.0000 (9.4960)  acc5: 18.7500 (23.8781)  time: 0.2112  data: 0.0003  max mem: 41183
Test:  [2500/7958]  eta: 0:19:12  loss: 5.4299 (5.0342)  acc1: 0.0000 (9.3987)  acc5: 6.2500 (23.8280)  time: 0.2111  data: 0.0003  max mem: 41183
Test:  [2600/7958]  eta: 0:18:51  loss: 4.9494 (5.0210)  acc1: 6.2500 (9.7054)  acc5: 25.0000 (24.2287)  time: 0.2113  data: 0.0003  max mem: 41183
Test:  [2700/7958]  eta: 0:18:30  loss: 3.4374 (4.9883)  acc1: 25.0000 (10.0842)  acc5: 56.2500 (25.0278)  time: 0.2109  data: 0.0003  max mem: 41183
Test:  [2800/7958]  eta: 0:18:08  loss: 4.9751 (4.9572)  acc1: 18.7500 (10.4940)  acc5: 25.0000 (25.6560)  time: 0.2105  data: 0.0003  max mem: 41183
Test:  [2900/7958]  eta: 0:17:47  loss: 3.9690 (4.9485)  acc1: 0.0000 (10.4878)  acc5: 31.2500 (25.7519)  time: 0.2109  data: 0.0003  max mem: 41183
Test:  [3000/7958]  eta: 0:17:26  loss: 3.7790 (4.9553)  acc1: 0.0000 (10.3715)  acc5: 37.5000 (25.6019)  time: 0.2104  data: 0.0003  max mem: 41183
Test:  [3100/7958]  eta: 0:17:05  loss: 5.4033 (4.9543)  acc1: 0.0000 (10.2548)  acc5: 6.2500 (25.4817)  time: 0.2106  data: 0.0003  max mem: 41183
Test:  [3200/7958]  eta: 0:16:44  loss: 5.5891 (4.9382)  acc1: 0.0000 (10.3757)  acc5: 12.5000 (25.7634)  time: 0.2108  data: 0.0002  max mem: 41183
Test:  [3300/7958]  eta: 0:16:23  loss: 5.2482 (4.9352)  acc1: 0.0000 (10.4211)  acc5: 12.5000 (25.7876)  time: 0.2109  data: 0.0003  max mem: 41183
Test:  [3400/7958]  eta: 0:16:02  loss: 3.4071 (4.9174)  acc1: 18.7500 (10.5392)  acc5: 50.0000 (26.1081)  time: 0.2112  data: 0.0003  max mem: 41183
Test:  [3500/7958]  eta: 0:15:40  loss: 4.2301 (4.8831)  acc1: 12.5000 (10.9915)  acc5: 37.5000 (26.7906)  time: 0.2111  data: 0.0003  max mem: 41183
Test:  [3600/7958]  eta: 0:15:19  loss: 4.6486 (4.8732)  acc1: 0.0000 (11.0056)  acc5: 18.7500 (26.9699)  time: 0.2108  data: 0.0003  max mem: 41183
Test:  [3700/7958]  eta: 0:14:58  loss: 5.8909 (4.8664)  acc1: 0.0000 (11.0595)  acc5: 0.0000 (27.0873)  time: 0.2107  data: 0.0003  max mem: 41183
Test:  [3800/7958]  eta: 0:14:37  loss: 3.5219 (4.8534)  acc1: 12.5000 (11.1698)  acc5: 50.0000 (27.2691)  time: 0.2107  data: 0.0003  max mem: 41183
Test:  [3900/7958]  eta: 0:14:16  loss: 4.6619 (4.8377)  acc1: 12.5000 (11.3208)  acc5: 31.2500 (27.5458)  time: 0.2106  data: 0.0003  max mem: 41183
Test:  [4000/7958]  eta: 0:13:55  loss: 4.9974 (4.8236)  acc1: 6.2500 (11.6002)  acc5: 18.7500 (27.8009)  time: 0.2106  data: 0.0003  max mem: 41183
Test:  [4100/7958]  eta: 0:13:34  loss: 4.2398 (4.8126)  acc1: 12.5000 (11.6435)  acc5: 37.5000 (28.0084)  time: 0.2107  data: 0.0003  max mem: 41183
Test:  [4200/7958]  eta: 0:13:13  loss: 4.4160 (4.8038)  acc1: 6.2500 (11.6297)  acc5: 31.2500 (28.1168)  time: 0.2113  data: 0.0003  max mem: 41183
Test:  [4300/7958]  eta: 0:12:51  loss: 3.9030 (4.7901)  acc1: 12.5000 (11.7923)  acc5: 43.7500 (28.3858)  time: 0.2112  data: 0.0003  max mem: 41183
Test:  [4400/7958]  eta: 0:12:30  loss: 4.9279 (4.7899)  acc1: 6.2500 (11.8056)  acc5: 18.7500 (28.3813)  time: 0.2113  data: 0.0003  max mem: 41183
Test:  [4500/7958]  eta: 0:12:09  loss: 4.5799 (4.7901)  acc1: 12.5000 (11.7516)  acc5: 31.2500 (28.3701)  time: 0.2108  data: 0.0003  max mem: 41183
Test:  [4600/7958]  eta: 0:11:48  loss: 5.5010 (4.7952)  acc1: 0.0000 (11.6727)  acc5: 6.2500 (28.1963)  time: 0.2105  data: 0.0003  max mem: 41183
Test:  [4700/7958]  eta: 0:11:27  loss: 4.0554 (4.7876)  acc1: 12.5000 (11.7183)  acc5: 43.7500 (28.3171)  time: 0.2105  data: 0.0003  max mem: 41183
Test:  [4800/7958]  eta: 0:11:06  loss: 4.9321 (4.7803)  acc1: 0.0000 (11.7645)  acc5: 25.0000 (28.4303)  time: 0.2107  data: 0.0003  max mem: 41183
Test:  [4900/7958]  eta: 0:10:45  loss: 5.2000 (4.7790)  acc1: 0.0000 (11.7234)  acc5: 18.7500 (28.4368)  time: 0.2105  data: 0.0003  max mem: 41183
Test:  [5000/7958]  eta: 0:10:24  loss: 4.2220 (4.7700)  acc1: 6.2500 (11.7177)  acc5: 31.2500 (28.5643)  time: 0.2108  data: 0.0003  max mem: 41183
Test:  [5100/7958]  eta: 0:10:03  loss: 5.1770 (4.7672)  acc1: 0.0000 (11.6901)  acc5: 12.5000 (28.5912)  time: 0.2107  data: 0.0003  max mem: 41183
Test:  [5200/7958]  eta: 0:09:41  loss: 4.6323 (4.7591)  acc1: 6.2500 (11.8499)  acc5: 25.0000 (28.7216)  time: 0.2111  data: 0.0003  max mem: 41183
Test:  [5300/7958]  eta: 0:09:20  loss: 5.3071 (4.7559)  acc1: 6.2500 (11.9317)  acc5: 12.5000 (28.8248)  time: 0.2112  data: 0.0003  max mem: 41183
Test:  [5400/7958]  eta: 0:08:59  loss: 4.0534 (4.7505)  acc1: 12.5000 (12.0105)  acc5: 37.5000 (28.9426)  time: 0.2113  data: 0.0003  max mem: 41183
Test:  [5500/7958]  eta: 0:08:38  loss: 3.7392 (4.7415)  acc1: 18.7500 (12.1103)  acc5: 43.7500 (29.1152)  time: 0.2101  data: 0.0003  max mem: 41183
Test:  [5600/7958]  eta: 0:08:17  loss: 4.4381 (4.7438)  acc1: 12.5000 (12.1273)  acc5: 37.5000 (29.1165)  time: 0.2104  data: 0.0003  max mem: 41183
Test:  [5700/7958]  eta: 0:07:56  loss: 4.0138 (4.7361)  acc1: 6.2500 (12.1031)  acc5: 50.0000 (29.2789)  time: 0.2106  data: 0.0003  max mem: 41183
Test:  [5800/7958]  eta: 0:07:35  loss: 3.7261 (4.7360)  acc1: 12.5000 (12.0518)  acc5: 50.0000 (29.2482)  time: 0.2103  data: 0.0003  max mem: 41183
Test:  [5900/7958]  eta: 0:07:14  loss: 4.1370 (4.7243)  acc1: 12.5000 (12.2342)  acc5: 37.5000 (29.5014)  time: 0.2106  data: 0.0003  max mem: 41183
Test:  [6000/7958]  eta: 0:06:53  loss: 5.1158 (4.7271)  acc1: 0.0000 (12.1719)  acc5: 18.7500 (29.3670)  time: 0.2109  data: 0.0002  max mem: 41183
Test:  [6100/7958]  eta: 0:06:31  loss: 4.2005 (4.7205)  acc1: 6.2500 (12.2634)  acc5: 37.5000 (29.4675)  time: 0.2111  data: 0.0003  max mem: 41183
Test:  [6200/7958]  eta: 0:06:10  loss: 3.7677 (4.7236)  acc1: 0.0000 (12.2460)  acc5: 43.7500 (29.4307)  time: 0.2113  data: 0.0003  max mem: 41183
Test:  [6300/7958]  eta: 0:05:49  loss: 4.8547 (4.7223)  acc1: 0.0000 (12.2362)  acc5: 25.0000 (29.4636)  time: 0.2110  data: 0.0003  max mem: 41183
Test:  [6400/7958]  eta: 0:05:28  loss: 3.8187 (4.7158)  acc1: 18.7500 (12.3457)  acc5: 43.7500 (29.6087)  time: 0.2109  data: 0.0003  max mem: 41183
Test:  [6500/7958]  eta: 0:05:07  loss: 3.8723 (4.7049)  acc1: 18.7500 (12.4519)  acc5: 50.0000 (29.8348)  time: 0.2106  data: 0.0003  max mem: 41183
Test:  [6600/7958]  eta: 0:04:46  loss: 4.8284 (4.7113)  acc1: 0.0000 (12.3599)  acc5: 12.5000 (29.6868)  time: 0.2105  data: 0.0003  max mem: 41183
Test:  [6700/7958]  eta: 0:04:25  loss: 4.2238 (4.7113)  acc1: 18.7500 (12.3321)  acc5: 37.5000 (29.6933)  time: 0.2106  data: 0.0003  max mem: 41183
Test:  [6800/7958]  eta: 0:04:04  loss: 3.6738 (4.7058)  acc1: 6.2500 (12.3566)  acc5: 43.7500 (29.7769)  time: 0.2105  data: 0.0003  max mem: 41183
Test:  [6900/7958]  eta: 0:03:43  loss: 5.4155 (4.6947)  acc1: 0.0000 (12.5245)  acc5: 6.2500 (30.0545)  time: 0.2109  data: 0.0003  max mem: 41183
Test:  [7000/7958]  eta: 0:03:22  loss: 4.9348 (4.6930)  acc1: 6.2500 (12.5955)  acc5: 18.7500 (30.1073)  time: 0.2111  data: 0.0003  max mem: 41183
Test:  [7100/7958]  eta: 0:03:00  loss: 3.9158 (4.6907)  acc1: 18.7500 (12.6021)  acc5: 43.7500 (30.1208)  time: 0.2112  data: 0.0003  max mem: 41183
Test:  [7200/7958]  eta: 0:02:39  loss: 5.2890 (4.6932)  acc1: 0.0000 (12.5825)  acc5: 12.5000 (30.0540)  time: 0.2113  data: 0.0003  max mem: 41183
Test:  [7300/7958]  eta: 0:02:18  loss: 4.7681 (4.6785)  acc1: 6.2500 (12.8296)  acc5: 31.2500 (30.3434)  time: 0.2109  data: 0.0003  max mem: 41183
Test:  [7400/7958]  eta: 0:01:57  loss: 4.5586 (4.6844)  acc1: 12.5000 (12.7719)  acc5: 37.5000 (30.2484)  time: 0.2105  data: 0.0003  max mem: 41183
Test:  [7500/7958]  eta: 0:01:36  loss: 5.0753 (4.6905)  acc1: 0.0000 (12.6916)  acc5: 18.7500 (30.1393)  time: 0.2108  data: 0.0003  max mem: 41183
Test:  [7600/7958]  eta: 0:01:15  loss: 3.8649 (4.6902)  acc1: 25.0000 (12.7220)  acc5: 50.0000 (30.1901)  time: 0.2106  data: 0.0002  max mem: 41183
Test:  [7700/7958]  eta: 0:00:54  loss: 5.5618 (4.6942)  acc1: 0.0000 (12.6566)  acc5: 0.0000 (30.1341)  time: 0.2104  data: 0.0003  max mem: 41183
Test:  [7800/7958]  eta: 0:00:33  loss: 4.0925 (4.6902)  acc1: 12.5000 (12.6378)  acc5: 43.7500 (30.1956)  time: 0.2103  data: 0.0003  max mem: 41183
Test:  [7900/7958]  eta: 0:00:12  loss: 3.4529 (4.6880)  acc1: 37.5000 (12.7500)  acc5: 62.5000 (30.2683)  time: 0.2113  data: 0.0003  max mem: 41183
Test: Total time: 0:27:58
 * Acc@1 = 12.79137346066851, Acc@5 = 30.31697662729329, loss = 4.6862352130685085
Namespace(model='QKFormer_10_768', dataset='es-imagenet', num_classes=1000, data_path='/model/es-imagenet', device='cuda', batch_size=16, workers=4, print_freq=3072, output_dir='./logs4', resume='', sync_bn=False, test_only=False, amp=True, world_size=1, dist_url='env://', tb=True, T=8, opt='adamw', opt_eps=1e-08, opt_betas=None, weight_decay=0.01, momentum=0.9, connect_f='ADD', T_train=None, sched='cosine', lr=0.0005, lr_noise=None, lr_noise_pct=0.67, lr_noise_std=1.0, lr_cycle_mul=1.0, lr_cycle_limit=1, warmup_lr=1e-05, min_lr=1e-06, epochs=100, epoch_repeats=0.0, start_epoch=0, decay_epochs=20, warmup_epochs=20, cooldown_epochs=10, patience_epochs=10, decay_rate=0.1, smoothing=0.1, mixup=0.5, cutmix=0.0, cutmix_minmax=None, mixup_prob=0.5, mixup_switch_prob=0.5, mixup_mode='batch', mixup_off_epoch=0, grad_clip=5.0, distributed=False)
Training time 1 day, 7:49:10 max_test_acc1 12.79137346066851 test_acc5_at_max_test_acc1 30.31697662729329
./logs4/QKFormer_10_768_b16_T8_wd0.01_adamw_cnf_ADD/lr0.0005
Epoch: [3]  [    0/71874]  eta: 19:34:38  lr: 8.35e-05  img/s: 42.92730954881745  loss: 5.9927 (5.9927)  acc1: 12.5000 (12.5000)  acc5: 18.7500 (18.7500)  time: 0.9806  data: 0.6078  max mem: 41183
Epoch: [3]  [ 3072/71874]  eta: 7:05:24  lr: 8.35e-05  img/s: 43.58559020798167  loss: 5.3647 (5.4015)  acc1: 6.2500 (11.2329)  acc5: 18.7500 (27.3633)  time: 0.3759  data: 0.0002  max mem: 41183
Epoch: [3]  [ 6144/71874]  eta: 6:46:25  lr: 8.35e-05  img/s: 43.385639633850296  loss: 5.5065 (5.3817)  acc1: 12.5000 (11.4036)  acc5: 25.0000 (27.7227)  time: 0.3705  data: 0.0002  max mem: 41183
Epoch: [3]  [ 9216/71874]  eta: 6:27:28  lr: 8.35e-05  img/s: 43.08818942430611  loss: 5.4096 (5.3662)  acc1: 12.5000 (11.5717)  acc5: 25.0000 (27.9748)  time: 0.3717  data: 0.0002  max mem: 41183
Epoch: [3]  [12288/71874]  eta: 6:08:33  lr: 8.35e-05  img/s: 43.31085080705015  loss: 4.9163 (5.3541)  acc1: 12.5000 (11.7173)  acc5: 31.2500 (28.2738)  time: 0.3752  data: 0.0002  max mem: 41183
Epoch: [3]  [15360/71874]  eta: 5:49:30  lr: 8.35e-05  img/s: 43.414071546772966  loss: 5.0267 (5.3455)  acc1: 12.5000 (11.8555)  acc5: 31.2500 (28.4450)  time: 0.3723  data: 0.0002  max mem: 41183
Epoch: [3]  [18432/71874]  eta: 5:30:34  lr: 8.35e-05  img/s: 43.4080059404839  loss: 5.2173 (5.3381)  acc1: 6.2500 (11.9463)  acc5: 25.0000 (28.6385)  time: 0.3698  data: 0.0002  max mem: 41183
Epoch: [3]  [21504/71874]  eta: 5:11:37  lr: 8.35e-05  img/s: 42.4451394717385  loss: 5.2025 (5.3267)  acc1: 12.5000 (12.1196)  acc5: 31.2500 (28.9732)  time: 0.3704  data: 0.0002  max mem: 41183
Epoch: [3]  [24576/71874]  eta: 4:52:39  lr: 8.35e-05  img/s: 43.234341700747066  loss: 4.9959 (5.3175)  acc1: 12.5000 (12.2737)  acc5: 31.2500 (29.1843)  time: 0.3702  data: 0.0002  max mem: 41183
Epoch: [3]  [27648/71874]  eta: 4:33:39  lr: 8.35e-05  img/s: 43.40446845280598  loss: 5.0603 (5.3083)  acc1: 12.5000 (12.4134)  acc5: 31.2500 (29.4050)  time: 0.3706  data: 0.0002  max mem: 41183
Epoch: [3]  [30720/71874]  eta: 4:14:39  lr: 8.35e-05  img/s: 43.48022915135989  loss: 5.0388 (5.2989)  acc1: 18.7500 (12.5547)  acc5: 31.2500 (29.6715)  time: 0.3703  data: 0.0002  max mem: 41183
Epoch: [3]  [33792/71874]  eta: 3:57:21  lr: 8.35e-05  img/s: 39.77189239420059  loss: 4.8599 (5.2903)  acc1: 18.7500 (12.6862)  acc5: 37.5000 (29.8734)  time: 0.4725  data: 0.0031  max mem: 41183
Epoch: [3]  [36864/71874]  eta: 3:41:56  lr: 8.35e-05  img/s: 41.58517359052008  loss: 5.0185 (5.2793)  acc1: 12.5000 (12.8301)  acc5: 31.2500 (30.1551)  time: 0.3863  data: 0.0002  max mem: 41183
Epoch: [3]  [39936/71874]  eta: 3:22:17  lr: 8.35e-05  img/s: 43.30766450866813  loss: 5.2592 (5.2704)  acc1: 6.2500 (12.9662)  acc5: 31.2500 (30.3771)  time: 0.3717  data: 0.0002  max mem: 41183
Epoch: [3]  [43008/71874]  eta: 3:02:33  lr: 8.35e-05  img/s: 43.41468943512722  loss: 4.8625 (5.2610)  acc1: 18.7500 (13.0990)  acc5: 37.5000 (30.6267)  time: 0.3767  data: 0.0002  max mem: 41183
Epoch: [3]  [46080/71874]  eta: 2:42:55  lr: 8.35e-05  img/s: 43.22921728734163  loss: 5.0329 (5.2513)  acc1: 18.7500 (13.2511)  acc5: 37.5000 (30.8649)  time: 0.3719  data: 0.0002  max mem: 41183
Epoch: [3]  [49152/71874]  eta: 2:23:21  lr: 8.35e-05  img/s: 43.08984941091564  loss: 5.1477 (5.2426)  acc1: 12.5000 (13.3948)  acc5: 31.2500 (31.0811)  time: 0.3716  data: 0.0002  max mem: 41183
Epoch: [3]  [52224/71874]  eta: 2:03:52  lr: 8.35e-05  img/s: 43.16867975965104  loss: 4.9482 (5.2340)  acc1: 12.5000 (13.5169)  acc5: 37.5000 (31.2828)  time: 0.3710  data: 0.0002  max mem: 41183
Epoch: [3]  [55296/71874]  eta: 1:44:24  lr: 8.35e-05  img/s: 43.39582368749822  loss: 5.3573 (5.2239)  acc1: 12.5000 (13.6582)  acc5: 31.2500 (31.5147)  time: 0.3711  data: 0.0002  max mem: 41183
Epoch: [3]  [58368/71874]  eta: 1:24:59  lr: 8.35e-05  img/s: 43.47375076441505  loss: 4.8941 (5.2152)  acc1: 12.5000 (13.7892)  acc5: 37.5000 (31.7405)  time: 0.3755  data: 0.0002  max mem: 41183
Epoch: [3]  [61440/71874]  eta: 1:05:36  lr: 8.35e-05  img/s: 43.47591940072053  loss: 5.0614 (5.2074)  acc1: 12.5000 (13.9008)  acc5: 31.2500 (31.9324)  time: 0.3704  data: 0.0002  max mem: 41183
Epoch: [3]  [64512/71874]  eta: 0:46:15  lr: 8.35e-05  img/s: 43.13141840562087  loss: 4.8027 (5.1975)  acc1: 18.7500 (14.0489)  acc5: 37.5000 (32.1641)  time: 0.3704  data: 0.0002  max mem: 41183
Epoch: [3]  [67584/71874]  eta: 0:26:56  lr: 8.35e-05  img/s: 43.435848676805534  loss: 4.7689 (5.1884)  acc1: 12.5000 (14.1874)  acc5: 37.5000 (32.3862)  time: 0.3761  data: 0.0002  max mem: 41183
Epoch: [3]  [70656/71874]  eta: 0:07:38  lr: 8.35e-05  img/s: 41.74267515923567  loss: 4.9025 (5.1805)  acc1: 18.7500 (14.3109)  acc5: 31.2500 (32.5911)  time: 0.3779  data: 0.0002  max mem: 41183
Epoch: [3] Total time: 7:31:01
Test:  [   0/7958]  eta: 1:47:40  loss: 2.3681 (2.3681)  acc1: 50.0000 (50.0000)  acc5: 81.2500 (81.2500)  time: 0.8119  data: 0.6029  max mem: 41183
Test:  [ 100/7958]  eta: 0:28:28  loss: 3.9918 (3.6538)  acc1: 18.7500 (28.8985)  acc5: 50.0000 (50.7426)  time: 0.2117  data: 0.0004  max mem: 41183
Test:  [ 200/7958]  eta: 0:27:42  loss: 3.6552 (3.6797)  acc1: 12.5000 (26.4614)  acc5: 50.0000 (50.4975)  time: 0.2112  data: 0.0003  max mem: 41183
Test:  [ 300/7958]  eta: 0:27:13  loss: 3.6661 (3.8449)  acc1: 25.0000 (22.7575)  acc5: 50.0000 (46.3040)  time: 0.2116  data: 0.0003  max mem: 41183
Test:  [ 400/7958]  eta: 0:26:48  loss: 1.9166 (3.6239)  acc1: 43.7500 (24.6883)  acc5: 87.5000 (51.0910)  time: 0.2112  data: 0.0003  max mem: 41183
Test:  [ 500/7958]  eta: 0:26:24  loss: 3.7876 (3.6336)  acc1: 18.7500 (24.8378)  acc5: 56.2500 (50.6737)  time: 0.2108  data: 0.0004  max mem: 41183
Test:  [ 600/7958]  eta: 0:26:01  loss: 4.2389 (3.7397)  acc1: 6.2500 (22.4938)  acc5: 37.5000 (48.4089)  time: 0.2113  data: 0.0004  max mem: 41183
Test:  [ 700/7958]  eta: 0:25:39  loss: 4.6146 (3.8937)  acc1: 0.0000 (20.1320)  acc5: 25.0000 (44.5524)  time: 0.2110  data: 0.0003  max mem: 41183
Test:  [ 800/7958]  eta: 0:25:17  loss: 4.2603 (3.9905)  acc1: 6.2500 (19.0543)  acc5: 18.7500 (42.4860)  time: 0.2109  data: 0.0003  max mem: 41183
Test:  [ 900/7958]  eta: 0:24:55  loss: 3.3788 (4.0195)  acc1: 31.2500 (18.7916)  acc5: 56.2500 (41.6482)  time: 0.2112  data: 0.0003  max mem: 41183
Test:  [1000/7958]  eta: 0:24:33  loss: 5.0553 (4.0783)  acc1: 0.0000 (18.1444)  acc5: 6.2500 (40.2348)  time: 0.2117  data: 0.0003  max mem: 41183
Test:  [1100/7958]  eta: 0:24:12  loss: 4.3587 (4.1451)  acc1: 6.2500 (17.0073)  acc5: 31.2500 (38.7432)  time: 0.2114  data: 0.0003  max mem: 41183
Test:  [1200/7958]  eta: 0:23:50  loss: 4.0581 (4.1651)  acc1: 18.7500 (16.5955)  acc5: 43.7500 (38.3066)  time: 0.2115  data: 0.0003  max mem: 41183
Test:  [1300/7958]  eta: 0:23:29  loss: 4.7185 (4.1723)  acc1: 0.0000 (16.4921)  acc5: 18.7500 (38.2494)  time: 0.2115  data: 0.0003  max mem: 41183
Test:  [1400/7958]  eta: 0:23:08  loss: 4.0630 (4.1807)  acc1: 12.5000 (16.4481)  acc5: 43.7500 (38.1736)  time: 0.2109  data: 0.0003  max mem: 41183
Test:  [1500/7958]  eta: 0:22:46  loss: 4.1447 (4.1866)  acc1: 6.2500 (16.1018)  acc5: 31.2500 (38.0913)  time: 0.2109  data: 0.0003  max mem: 41183
Test:  [1600/7958]  eta: 0:22:25  loss: 3.4572 (4.1839)  acc1: 25.0000 (16.0056)  acc5: 56.2500 (38.0231)  time: 0.2109  data: 0.0003  max mem: 41183
Test:  [1700/7958]  eta: 0:22:04  loss: 2.9331 (4.1589)  acc1: 37.5000 (16.3837)  acc5: 56.2500 (38.6464)  time: 0.2110  data: 0.0003  max mem: 41183
Test:  [1800/7958]  eta: 0:21:42  loss: 2.9705 (4.1288)  acc1: 31.2500 (17.0738)  acc5: 62.5000 (39.4017)  time: 0.2111  data: 0.0003  max mem: 41183
Test:  [1900/7958]  eta: 0:21:21  loss: 4.3028 (4.1190)  acc1: 12.5000 (17.1291)  acc5: 25.0000 (39.5680)  time: 0.2114  data: 0.0004  max mem: 41183
Test:  [2000/7958]  eta: 0:21:00  loss: 2.8463 (4.0949)  acc1: 31.2500 (17.4819)  acc5: 75.0000 (39.9988)  time: 0.2116  data: 0.0003  max mem: 41183
Test:  [2100/7958]  eta: 0:20:38  loss: 3.6743 (4.0700)  acc1: 25.0000 (18.0004)  acc5: 50.0000 (40.6473)  time: 0.2117  data: 0.0003  max mem: 41183
Test:  [2200/7958]  eta: 0:20:17  loss: 4.0891 (4.0729)  acc1: 12.5000 (18.1253)  acc5: 43.7500 (40.6065)  time: 0.2114  data: 0.0003  max mem: 41183
Test:  [2300/7958]  eta: 0:19:56  loss: 5.0563 (4.0988)  acc1: 6.2500 (17.8048)  acc5: 18.7500 (40.1266)  time: 0.2110  data: 0.0003  max mem: 41183
Test:  [2400/7958]  eta: 0:19:35  loss: 4.2550 (4.1173)  acc1: 6.2500 (17.6307)  acc5: 18.7500 (39.6501)  time: 0.2113  data: 0.0003  max mem: 41183
Test:  [2500/7958]  eta: 0:19:14  loss: 4.1603 (4.1298)  acc1: 6.2500 (17.2681)  acc5: 31.2500 (39.3817)  time: 0.2107  data: 0.0003  max mem: 41183
Test:  [2600/7958]  eta: 0:18:52  loss: 3.8573 (4.1166)  acc1: 18.7500 (17.5846)  acc5: 37.5000 (39.6650)  time: 0.2114  data: 0.0007  max mem: 41183
Test:  [2700/7958]  eta: 0:18:31  loss: 3.7573 (4.1003)  acc1: 31.2500 (17.8823)  acc5: 43.7500 (40.1425)  time: 0.2110  data: 0.0003  max mem: 41183
Test:  [2800/7958]  eta: 0:18:10  loss: 4.2310 (4.0834)  acc1: 12.5000 (18.2056)  acc5: 31.2500 (40.5547)  time: 0.2111  data: 0.0003  max mem: 41183
Test:  [2900/7958]  eta: 0:17:49  loss: 2.9983 (4.0866)  acc1: 37.5000 (18.3794)  acc5: 62.5000 (40.6412)  time: 0.2117  data: 0.0003  max mem: 41183
Test:  [3000/7958]  eta: 0:17:28  loss: 2.8725 (4.0984)  acc1: 31.2500 (18.3564)  acc5: 68.7500 (40.5032)  time: 0.2111  data: 0.0003  max mem: 41183
Test:  [3100/7958]  eta: 0:17:06  loss: 4.8583 (4.0958)  acc1: 6.2500 (18.4779)  acc5: 25.0000 (40.7207)  time: 0.2111  data: 0.0003  max mem: 41183
Test:  [3200/7958]  eta: 0:16:45  loss: 4.0958 (4.0944)  acc1: 25.0000 (18.5196)  acc5: 50.0000 (40.7978)  time: 0.2111  data: 0.0003  max mem: 41183
Test:  [3300/7958]  eta: 0:16:24  loss: 4.4490 (4.0968)  acc1: 12.5000 (18.5777)  acc5: 31.2500 (40.7661)  time: 0.2107  data: 0.0003  max mem: 41183
Test:  [3400/7958]  eta: 0:16:03  loss: 3.5439 (4.0915)  acc1: 18.7500 (18.6526)  acc5: 56.2500 (40.9494)  time: 0.2111  data: 0.0003  max mem: 41183
Test:  [3500/7958]  eta: 0:15:42  loss: 3.7729 (4.0891)  acc1: 25.0000 (18.6732)  acc5: 37.5000 (41.0704)  time: 0.2109  data: 0.0003  max mem: 41183
Test:  [3600/7958]  eta: 0:15:21  loss: 4.2879 (4.0926)  acc1: 6.2500 (18.5573)  acc5: 31.2500 (41.0476)  time: 0.2110  data: 0.0003  max mem: 41183
Test:  [3700/7958]  eta: 0:14:59  loss: 5.4419 (4.0993)  acc1: 0.0000 (18.4764)  acc5: 18.7500 (40.9822)  time: 0.2117  data: 0.0003  max mem: 41183
Test:  [3800/7958]  eta: 0:14:38  loss: 4.0683 (4.1010)  acc1: 12.5000 (18.4442)  acc5: 31.2500 (40.9843)  time: 0.2113  data: 0.0003  max mem: 41183
Test:  [3900/7958]  eta: 0:14:17  loss: 4.3872 (4.0954)  acc1: 12.5000 (18.5834)  acc5: 43.7500 (41.1337)  time: 0.2116  data: 0.0003  max mem: 41183
Test:  [4000/7958]  eta: 0:13:56  loss: 3.6643 (4.0910)  acc1: 25.0000 (18.7219)  acc5: 43.7500 (41.1897)  time: 0.2110  data: 0.0003  max mem: 41183
Test:  [4100/7958]  eta: 0:13:35  loss: 3.7235 (4.0894)  acc1: 25.0000 (18.8201)  acc5: 43.7500 (41.2887)  time: 0.2112  data: 0.0003  max mem: 41183
Test:  [4200/7958]  eta: 0:13:14  loss: 3.1538 (4.0865)  acc1: 31.2500 (18.9226)  acc5: 56.2500 (41.3399)  time: 0.2112  data: 0.0003  max mem: 41183
Test:  [4300/7958]  eta: 0:12:53  loss: 4.0000 (4.0860)  acc1: 18.7500 (18.9607)  acc5: 43.7500 (41.3538)  time: 0.2110  data: 0.0003  max mem: 41183
Test:  [4400/7958]  eta: 0:12:31  loss: 4.5842 (4.0909)  acc1: 25.0000 (18.9999)  acc5: 37.5000 (41.3145)  time: 0.2110  data: 0.0003  max mem: 41183
Test:  [4500/7958]  eta: 0:12:10  loss: 4.2496 (4.0978)  acc1: 18.7500 (18.8791)  acc5: 37.5000 (41.1825)  time: 0.2110  data: 0.0003  max mem: 41183
Test:  [4600/7958]  eta: 0:11:49  loss: 4.2863 (4.0987)  acc1: 6.2500 (18.8940)  acc5: 31.2500 (41.1500)  time: 0.2112  data: 0.0003  max mem: 41183
Test:  [4700/7958]  eta: 0:11:28  loss: 3.7465 (4.0997)  acc1: 6.2500 (18.8710)  acc5: 50.0000 (41.1774)  time: 0.2111  data: 0.0003  max mem: 41183
Test:  [4800/7958]  eta: 0:11:07  loss: 4.0849 (4.0933)  acc1: 18.7500 (18.9401)  acc5: 37.5000 (41.3377)  time: 0.2117  data: 0.0003  max mem: 41183
Test:  [4900/7958]  eta: 0:10:46  loss: 4.2406 (4.0971)  acc1: 6.2500 (18.9081)  acc5: 31.2500 (41.2709)  time: 0.2110  data: 0.0003  max mem: 41183
Test:  [5000/7958]  eta: 0:10:25  loss: 3.8279 (4.0921)  acc1: 6.2500 (18.8725)  acc5: 37.5000 (41.4180)  time: 0.2109  data: 0.0003  max mem: 41183
Test:  [5100/7958]  eta: 0:10:03  loss: 5.2439 (4.0944)  acc1: 0.0000 (18.7696)  acc5: 18.7500 (41.4245)  time: 0.2106  data: 0.0003  max mem: 41183
Test:  [5200/7958]  eta: 0:09:42  loss: 2.7074 (4.0885)  acc1: 56.2500 (18.9026)  acc5: 81.2500 (41.5629)  time: 0.2109  data: 0.0004  max mem: 41183
Test:  [5300/7958]  eta: 0:09:21  loss: 4.6509 (4.0883)  acc1: 18.7500 (18.9941)  acc5: 31.2500 (41.6655)  time: 0.2110  data: 0.0003  max mem: 41183
Test:  [5400/7958]  eta: 0:09:00  loss: 3.9807 (4.0887)  acc1: 12.5000 (19.0208)  acc5: 43.7500 (41.7145)  time: 0.2113  data: 0.0004  max mem: 41183
Test:  [5500/7958]  eta: 0:08:39  loss: 3.6311 (4.0799)  acc1: 18.7500 (19.2658)  acc5: 43.7500 (41.8799)  time: 0.2113  data: 0.0003  max mem: 41183
Test:  [5600/7958]  eta: 0:08:18  loss: 4.4687 (4.0830)  acc1: 6.2500 (19.2600)  acc5: 31.2500 (41.8720)  time: 0.2113  data: 0.0003  max mem: 41183
Test:  [5700/7958]  eta: 0:07:57  loss: 4.1208 (4.0823)  acc1: 18.7500 (19.2729)  acc5: 43.7500 (41.9685)  time: 0.2116  data: 0.0003  max mem: 41183
Test:  [5800/7958]  eta: 0:07:35  loss: 4.1595 (4.0860)  acc1: 6.2500 (19.2154)  acc5: 37.5000 (41.9572)  time: 0.2110  data: 0.0003  max mem: 41183
Test:  [5900/7958]  eta: 0:07:14  loss: 4.0070 (4.0827)  acc1: 12.5000 (19.3050)  acc5: 50.0000 (42.0638)  time: 0.2110  data: 0.0003  max mem: 41183
Test:  [6000/7958]  eta: 0:06:53  loss: 4.4410 (4.0874)  acc1: 18.7500 (19.2676)  acc5: 43.7500 (42.0211)  time: 0.2109  data: 0.0003  max mem: 41183
Test:  [6100/7958]  eta: 0:06:32  loss: 4.7959 (4.0861)  acc1: 0.0000 (19.3073)  acc5: 25.0000 (42.0464)  time: 0.2110  data: 0.0003  max mem: 41183
Test:  [6200/7958]  eta: 0:06:11  loss: 3.6641 (4.0910)  acc1: 12.5000 (19.2540)  acc5: 43.7500 (41.9811)  time: 0.2111  data: 0.0003  max mem: 41183
Test:  [6300/7958]  eta: 0:05:50  loss: 3.7092 (4.0885)  acc1: 6.2500 (19.3114)  acc5: 43.7500 (42.0330)  time: 0.2113  data: 0.0003  max mem: 41183
Test:  [6400/7958]  eta: 0:05:29  loss: 2.9461 (4.0864)  acc1: 37.5000 (19.4013)  acc5: 62.5000 (42.0921)  time: 0.2116  data: 0.0003  max mem: 41183
Test:  [6500/7958]  eta: 0:05:08  loss: 3.4579 (4.0829)  acc1: 31.2500 (19.4758)  acc5: 56.2500 (42.1329)  time: 0.2112  data: 0.0003  max mem: 41183
Test:  [6600/7958]  eta: 0:04:46  loss: 5.3150 (4.0891)  acc1: 6.2500 (19.4043)  acc5: 18.7500 (42.0628)  time: 0.2113  data: 0.0003  max mem: 41183
Test:  [6700/7958]  eta: 0:04:25  loss: 2.9833 (4.0836)  acc1: 37.5000 (19.4915)  acc5: 68.7500 (42.1896)  time: 0.2111  data: 0.0003  max mem: 41183
Test:  [6800/7958]  eta: 0:04:04  loss: 3.4679 (4.0813)  acc1: 25.0000 (19.5523)  acc5: 62.5000 (42.2557)  time: 0.2113  data: 0.0003  max mem: 41183
Test:  [6900/7958]  eta: 0:03:43  loss: 4.7998 (4.0787)  acc1: 6.2500 (19.5760)  acc5: 18.7500 (42.3562)  time: 0.2111  data: 0.0003  max mem: 41183
Test:  [7000/7958]  eta: 0:03:22  loss: 4.3904 (4.0829)  acc1: 18.7500 (19.5490)  acc5: 31.2500 (42.2824)  time: 0.2111  data: 0.0003  max mem: 41183
Test:  [7100/7958]  eta: 0:03:01  loss: 3.0849 (4.0853)  acc1: 43.7500 (19.5333)  acc5: 68.7500 (42.2590)  time: 0.2110  data: 0.0003  max mem: 41183
Test:  [7200/7958]  eta: 0:02:40  loss: 4.6883 (4.0937)  acc1: 0.0000 (19.4027)  acc5: 25.0000 (42.0593)  time: 0.2113  data: 0.0003  max mem: 41183
Test:  [7300/7958]  eta: 0:02:19  loss: 3.6932 (4.0834)  acc1: 12.5000 (19.6180)  acc5: 50.0000 (42.2827)  time: 0.2114  data: 0.0003  max mem: 41183
Test:  [7400/7958]  eta: 0:01:57  loss: 4.4546 (4.0883)  acc1: 0.0000 (19.5497)  acc5: 31.2500 (42.1506)  time: 0.2116  data: 0.0003  max mem: 41183
Test:  [7500/7958]  eta: 0:01:36  loss: 3.5544 (4.0914)  acc1: 25.0000 (19.4907)  acc5: 56.2500 (42.0586)  time: 0.2115  data: 0.0003  max mem: 41183
Test:  [7600/7958]  eta: 0:01:15  loss: 3.0243 (4.0904)  acc1: 31.2500 (19.5418)  acc5: 62.5000 (42.0767)  time: 0.2111  data: 0.0003  max mem: 41183
Test:  [7700/7958]  eta: 0:00:54  loss: 3.9584 (4.0893)  acc1: 18.7500 (19.5226)  acc5: 37.5000 (42.0668)  time: 0.2111  data: 0.0003  max mem: 41183
Test:  [7800/7958]  eta: 0:00:33  loss: 3.4914 (4.0883)  acc1: 25.0000 (19.5344)  acc5: 68.7500 (42.1300)  time: 0.2107  data: 0.0003  max mem: 41183
Test:  [7900/7958]  eta: 0:00:12  loss: 3.1958 (4.0873)  acc1: 43.7500 (19.6194)  acc5: 62.5000 (42.1402)  time: 0.2113  data: 0.0003  max mem: 41183
Test: Total time: 0:28:01
 * Acc@1 = 19.69009173159085, Acc@5 = 42.198887911535564, loss = 4.084417137579272
Namespace(model='QKFormer_10_768', dataset='es-imagenet', num_classes=1000, data_path='/model/es-imagenet', device='cuda', batch_size=16, workers=4, print_freq=3072, output_dir='./logs4', resume='', sync_bn=False, test_only=False, amp=True, world_size=1, dist_url='env://', tb=True, T=8, opt='adamw', opt_eps=1e-08, opt_betas=None, weight_decay=0.01, momentum=0.9, connect_f='ADD', T_train=None, sched='cosine', lr=0.0005, lr_noise=None, lr_noise_pct=0.67, lr_noise_std=1.0, lr_cycle_mul=1.0, lr_cycle_limit=1, warmup_lr=1e-05, min_lr=1e-06, epochs=100, epoch_repeats=0.0, start_epoch=0, decay_epochs=20, warmup_epochs=20, cooldown_epochs=10, patience_epochs=10, decay_rate=0.1, smoothing=0.1, mixup=0.5, cutmix=0.0, cutmix_minmax=None, mixup_prob=0.5, mixup_switch_prob=0.5, mixup_mode='batch', mixup_off_epoch=0, grad_clip=5.0, distributed=False)
Training time 1 day, 15:48:18 max_test_acc1 19.69009173159085 test_acc5_at_max_test_acc1 42.198887911535564
./logs4/QKFormer_10_768_b16_T8_wd0.01_adamw_cnf_ADD/lr0.0005
Epoch: [4]  [    0/71874]  eta: 23:03:51  lr: 0.000108  img/s: 41.74496016402172  loss: 4.7271 (4.7271)  acc1: 12.5000 (12.5000)  acc5: 50.0000 (50.0000)  time: 1.1552  data: 0.7719  max mem: 41183
Epoch: [4]  [ 3072/71874]  eta: 7:10:35  lr: 0.000108  img/s: 43.32270571693804  loss: 4.9583 (5.0443)  acc1: 18.7500 (16.3867)  acc5: 37.5000 (35.8404)  time: 0.3757  data: 0.0004  max mem: 41183
Epoch: [4]  [ 6144/71874]  eta: 6:59:45  lr: 0.000108  img/s: 39.18040514544169  loss: 4.8460 (5.0470)  acc1: 12.5000 (16.4117)  acc5: 31.2500 (36.0212)  time: 0.4020  data: 0.0003  max mem: 41183
Epoch: [4]  [ 9216/71874]  eta: 6:45:29  lr: 0.000108  img/s: 42.01364918916855  loss: 4.7147 (5.0388)  acc1: 18.7500 (16.4546)  acc5: 37.5000 (36.1526)  time: 0.3981  data: 0.0017  max mem: 41183
Epoch: [4]  [12288/71874]  eta: 6:28:27  lr: 0.000108  img/s: 41.126297436840254  loss: 4.9138 (5.0326)  acc1: 18.7500 (16.5346)  acc5: 31.2500 (36.2631)  time: 0.4386  data: 0.0004  max mem: 41183
Epoch: [4]  [15360/71874]  eta: 6:11:12  lr: 0.000108  img/s: 33.78994793712174  loss: 4.8767 (5.0267)  acc1: 18.7500 (16.6550)  acc5: 37.5000 (36.5048)  time: 0.4174  data: 0.0003  max mem: 41183
Epoch: [4]  [18432/71874]  eta: 5:52:50  lr: 0.000108  img/s: 43.00697889924366  loss: 4.6024 (5.0244)  acc1: 18.7500 (16.7556)  acc5: 43.7500 (36.5981)  time: 0.4008  data: 0.0003  max mem: 41183
Epoch: [4]  [21504/71874]  eta: 5:33:44  lr: 0.000108  img/s: 39.391042098825  loss: 4.9860 (5.0168)  acc1: 12.5000 (16.8132)  acc5: 43.7500 (36.7531)  time: 0.4009  data: 0.0007  max mem: 41183
Epoch: [4]  [24576/71874]  eta: 5:14:32  lr: 0.000108  img/s: 41.599377145556275  loss: 4.7808 (5.0098)  acc1: 18.7500 (16.8989)  acc5: 43.7500 (36.9260)  time: 0.4038  data: 0.0004  max mem: 41183
Epoch: [4]  [27648/71874]  eta: 4:54:54  lr: 0.000108  img/s: 43.05004500092055  loss: 5.0583 (5.0075)  acc1: 12.5000 (16.9796)  acc5: 37.5000 (37.0041)  time: 0.3978  data: 0.0003  max mem: 41183
Epoch: [4]  [30720/71874]  eta: 4:35:03  lr: 0.000108  img/s: 39.24254007794843  loss: 4.6704 (5.0046)  acc1: 18.7500 (17.0394)  acc5: 37.5000 (37.1033)  time: 0.4102  data: 0.0007  max mem: 41183
Epoch: [4]  [33792/71874]  eta: 4:14:50  lr: 0.000108  img/s: 40.716530851591166  loss: 4.6749 (4.9976)  acc1: 18.7500 (17.1376)  acc5: 43.7500 (37.2529)  time: 0.4010  data: 0.0003  max mem: 41183
Epoch: [4]  [36864/71874]  eta: 3:54:36  lr: 0.000108  img/s: 40.962350134834395  loss: 4.6056 (4.9904)  acc1: 18.7500 (17.2399)  acc5: 37.5000 (37.4035)  time: 0.3960  data: 0.0003  max mem: 41183
Epoch: [4]  [39936/71874]  eta: 3:34:11  lr: 0.000108  img/s: 38.12065781543518  loss: 4.7993 (4.9865)  acc1: 18.7500 (17.3290)  acc5: 37.5000 (37.5300)  time: 0.4034  data: 0.0004  max mem: 41183
Epoch: [4]  [43008/71874]  eta: 3:13:42  lr: 0.000108  img/s: 37.17052982333314  loss: 4.7780 (4.9837)  acc1: 18.7500 (17.3905)  acc5: 37.5000 (37.6250)  time: 0.3949  data: 0.0005  max mem: 41183
Epoch: [4]  [46080/71874]  eta: 2:53:08  lr: 0.000108  img/s: 42.88616027208346  loss: 4.8502 (4.9810)  acc1: 12.5000 (17.4355)  acc5: 37.5000 (37.7085)  time: 0.4065  data: 0.0007  max mem: 41183
Epoch: [4]  [49152/71874]  eta: 2:32:35  lr: 0.000108  img/s: 40.9158975372005  loss: 4.5249 (4.9760)  acc1: 18.7500 (17.5143)  acc5: 37.5000 (37.8527)  time: 0.4129  data: 0.0004  max mem: 41183
Epoch: [4]  [52224/71874]  eta: 2:12:02  lr: 0.000108  img/s: 42.29346781425851  loss: 4.8784 (4.9710)  acc1: 18.7500 (17.6166)  acc5: 37.5000 (37.9877)  time: 0.4089  data: 0.0003  max mem: 41183
Epoch: [4]  [55296/71874]  eta: 1:51:27  lr: 0.000108  img/s: 39.6869133869164  loss: 4.6991 (4.9643)  acc1: 12.5000 (17.7349)  acc5: 37.5000 (38.1628)  time: 0.4070  data: 0.0010  max mem: 41183
Epoch: [4]  [58368/71874]  eta: 1:30:52  lr: 0.000108  img/s: 39.33987152626747  loss: 4.5697 (4.9573)  acc1: 18.7500 (17.8357)  acc5: 43.7500 (38.3191)  time: 0.4059  data: 0.0007  max mem: 41183
Epoch: [4]  [61440/71874]  eta: 1:10:15  lr: 0.000108  img/s: 40.01415753597817  loss: 4.8708 (4.9502)  acc1: 18.7500 (17.9630)  acc5: 43.7500 (38.4935)  time: 0.4031  data: 0.0003  max mem: 41183
Epoch: [4]  [64512/71874]  eta: 0:49:35  lr: 0.000108  img/s: 39.33302347771706  loss: 4.2408 (4.9442)  acc1: 25.0000 (18.0745)  acc5: 43.7500 (38.6401)  time: 0.4095  data: 0.0003  max mem: 41183
Epoch: [4]  [67584/71874]  eta: 0:28:54  lr: 0.000108  img/s: 39.19413485557029  loss: 4.8464 (4.9380)  acc1: 18.7500 (18.1685)  acc5: 31.2500 (38.7799)  time: 0.4052  data: 0.0003  max mem: 41183
Epoch: [4]  [70656/71874]  eta: 0:08:12  lr: 0.000108  img/s: 43.24211418920791  loss: 4.6644 (4.9331)  acc1: 18.7500 (18.2420)  acc5: 43.7500 (38.8904)  time: 0.4181  data: 0.0003  max mem: 41183
Epoch: [4] Total time: 8:04:30
Test:  [   0/7958]  eta: 2:52:28  loss: 0.9342 (0.9342)  acc1: 87.5000 (87.5000)  acc5: 93.7500 (93.7500)  time: 1.3004  data: 1.0920  max mem: 41183
Test:  [ 100/7958]  eta: 0:30:05  loss: 3.3413 (3.3779)  acc1: 31.2500 (32.6114)  acc5: 50.0000 (55.3837)  time: 0.2133  data: 0.0019  max mem: 41183
Test:  [ 200/7958]  eta: 0:28:38  loss: 4.0261 (3.6000)  acc1: 12.5000 (28.3271)  acc5: 37.5000 (51.6480)  time: 0.2138  data: 0.0005  max mem: 41183
Test:  [ 300/7958]  eta: 0:28:09  loss: 2.8440 (3.5425)  acc1: 37.5000 (27.8862)  acc5: 68.7500 (52.2010)  time: 0.2118  data: 0.0006  max mem: 41183
Test:  [ 400/7958]  eta: 0:27:31  loss: 1.8773 (3.3471)  acc1: 62.5000 (29.9408)  acc5: 87.5000 (56.0786)  time: 0.2116  data: 0.0007  max mem: 41183
Test:  [ 500/7958]  eta: 0:26:59  loss: 3.6069 (3.3690)  acc1: 18.7500 (29.6282)  acc5: 43.7500 (55.7385)  time: 0.2115  data: 0.0006  max mem: 41183
Test:  [ 600/7958]  eta: 0:26:30  loss: 4.5474 (3.5201)  acc1: 0.0000 (27.1527)  acc5: 25.0000 (52.6830)  time: 0.2113  data: 0.0004  max mem: 41183
Test:  [ 700/7958]  eta: 0:26:04  loss: 4.7888 (3.6847)  acc1: 12.5000 (24.5364)  acc5: 25.0000 (49.0460)  time: 0.2115  data: 0.0008  max mem: 41183
Test:  [ 800/7958]  eta: 0:25:39  loss: 3.7483 (3.7660)  acc1: 18.7500 (23.7594)  acc5: 43.7500 (47.5421)  time: 0.2108  data: 0.0004  max mem: 41183
Test:  [ 900/7958]  eta: 0:25:14  loss: 3.9496 (3.8328)  acc1: 12.5000 (22.5236)  acc5: 43.7500 (46.2472)  time: 0.2119  data: 0.0009  max mem: 41183
Test:  [1000/7958]  eta: 0:24:51  loss: 4.7843 (3.8970)  acc1: 6.2500 (21.6409)  acc5: 18.7500 (44.8239)  time: 0.2119  data: 0.0004  max mem: 41183
Test:  [1100/7958]  eta: 0:24:28  loss: 3.5678 (3.9283)  acc1: 18.7500 (21.1569)  acc5: 56.2500 (44.2552)  time: 0.2120  data: 0.0013  max mem: 41183
Test:  [1200/7958]  eta: 0:24:06  loss: 4.5892 (3.9532)  acc1: 0.0000 (20.5506)  acc5: 31.2500 (43.6615)  time: 0.2131  data: 0.0005  max mem: 41183
Test:  [1300/7958]  eta: 0:23:43  loss: 4.8843 (3.9563)  acc1: 6.2500 (20.5659)  acc5: 18.7500 (43.6587)  time: 0.2117  data: 0.0004  max mem: 41183
Test:  [1400/7958]  eta: 0:23:21  loss: 4.0229 (3.9420)  acc1: 6.2500 (20.9359)  acc5: 43.7500 (44.1337)  time: 0.2112  data: 0.0004  max mem: 41183
Test:  [1500/7958]  eta: 0:22:59  loss: 4.1473 (3.9801)  acc1: 6.2500 (20.2199)  acc5: 31.2500 (43.1296)  time: 0.2113  data: 0.0004  max mem: 41183
Test:  [1600/7958]  eta: 0:22:37  loss: 3.4051 (3.9458)  acc1: 18.7500 (20.3779)  acc5: 56.2500 (43.7617)  time: 0.2112  data: 0.0004  max mem: 41183
Test:  [1700/7958]  eta: 0:22:15  loss: 2.9296 (3.9219)  acc1: 25.0000 (20.7084)  acc5: 68.7500 (44.4371)  time: 0.2117  data: 0.0004  max mem: 41183
Test:  [1800/7958]  eta: 0:21:53  loss: 2.3371 (3.8723)  acc1: 56.2500 (21.8386)  acc5: 75.0000 (45.5615)  time: 0.2108  data: 0.0003  max mem: 41183
Test:  [1900/7958]  eta: 0:21:31  loss: 4.2072 (3.8580)  acc1: 6.2500 (21.8701)  acc5: 31.2500 (45.8772)  time: 0.2109  data: 0.0004  max mem: 41183
Test:  [2000/7958]  eta: 0:21:09  loss: 1.8702 (3.8138)  acc1: 43.7500 (22.5044)  acc5: 81.2500 (46.7298)  time: 0.2132  data: 0.0011  max mem: 41183
Test:  [2100/7958]  eta: 0:20:48  loss: 4.0001 (3.7977)  acc1: 18.7500 (22.9236)  acc5: 43.7500 (47.0758)  time: 0.2124  data: 0.0004  max mem: 41183
Test:  [2200/7958]  eta: 0:20:26  loss: 3.7813 (3.8127)  acc1: 18.7500 (22.7993)  acc5: 50.0000 (46.7998)  time: 0.2120  data: 0.0004  max mem: 41183
Test:  [2300/7958]  eta: 0:20:04  loss: 4.7912 (3.8293)  acc1: 6.2500 (22.4848)  acc5: 25.0000 (46.4798)  time: 0.2118  data: 0.0004  max mem: 41183
Test:  [2400/7958]  eta: 0:19:43  loss: 3.4426 (3.8299)  acc1: 25.0000 (22.5557)  acc5: 50.0000 (46.4077)  time: 0.2112  data: 0.0005  max mem: 41183
Test:  [2500/7958]  eta: 0:19:21  loss: 4.1382 (3.8446)  acc1: 6.2500 (22.1611)  acc5: 31.2500 (46.1265)  time: 0.2108  data: 0.0004  max mem: 41183
Test:  [2600/7958]  eta: 0:19:00  loss: 3.5852 (3.8297)  acc1: 6.2500 (22.3928)  acc5: 37.5000 (46.4076)  time: 0.2112  data: 0.0004  max mem: 41183
Test:  [2700/7958]  eta: 0:18:38  loss: 2.4365 (3.7881)  acc1: 50.0000 (23.3224)  acc5: 68.7500 (47.2556)  time: 0.2132  data: 0.0010  max mem: 41183
Test:  [2800/7958]  eta: 0:18:17  loss: 3.8003 (3.7766)  acc1: 25.0000 (23.3042)  acc5: 50.0000 (47.5254)  time: 0.2128  data: 0.0010  max mem: 41183
Test:  [2900/7958]  eta: 0:17:55  loss: 3.8213 (3.7793)  acc1: 12.5000 (23.3605)  acc5: 50.0000 (47.4944)  time: 0.2118  data: 0.0004  max mem: 41183
Test:  [3000/7958]  eta: 0:17:34  loss: 3.0198 (3.7870)  acc1: 18.7500 (23.2298)  acc5: 75.0000 (47.3405)  time: 0.2125  data: 0.0009  max mem: 41183
Test:  [3100/7958]  eta: 0:17:12  loss: 4.3190 (3.7891)  acc1: 12.5000 (23.2546)  acc5: 37.5000 (47.4000)  time: 0.2124  data: 0.0008  max mem: 41183
Test:  [3200/7958]  eta: 0:16:51  loss: 4.0329 (3.7897)  acc1: 12.5000 (23.2213)  acc5: 43.7500 (47.4012)  time: 0.2130  data: 0.0006  max mem: 41183
Test:  [3300/7958]  eta: 0:16:30  loss: 4.4895 (3.7990)  acc1: 6.2500 (23.1142)  acc5: 31.2500 (47.2130)  time: 0.2114  data: 0.0006  max mem: 41183
Test:  [3400/7958]  eta: 0:16:08  loss: 3.2302 (3.7874)  acc1: 18.7500 (23.2909)  acc5: 56.2500 (47.4879)  time: 0.2110  data: 0.0003  max mem: 41183
Test:  [3500/7958]  eta: 0:15:47  loss: 2.7798 (3.7715)  acc1: 37.5000 (23.6272)  acc5: 62.5000 (47.8506)  time: 0.2110  data: 0.0004  max mem: 41183
Test:  [3600/7958]  eta: 0:15:26  loss: 3.9125 (3.7804)  acc1: 18.7500 (23.5143)  acc5: 43.7500 (47.7645)  time: 0.2118  data: 0.0005  max mem: 41183
Test:  [3700/7958]  eta: 0:15:04  loss: 4.7760 (3.7786)  acc1: 6.2500 (23.4582)  acc5: 25.0000 (47.8925)  time: 0.2118  data: 0.0004  max mem: 41183
Test:  [3800/7958]  eta: 0:14:43  loss: 3.4604 (3.7749)  acc1: 12.5000 (23.5037)  acc5: 43.7500 (48.0087)  time: 0.2122  data: 0.0006  max mem: 41183
Test:  [3900/7958]  eta: 0:14:22  loss: 3.5702 (3.7616)  acc1: 25.0000 (23.7824)  acc5: 56.2500 (48.3241)  time: 0.2128  data: 0.0006  max mem: 41183
Test:  [4000/7958]  eta: 0:14:00  loss: 3.9190 (3.7589)  acc1: 6.2500 (23.9487)  acc5: 43.7500 (48.2676)  time: 0.2105  data: 0.0004  max mem: 41183
Test:  [4100/7958]  eta: 0:13:39  loss: 2.9797 (3.7495)  acc1: 31.2500 (24.1511)  acc5: 68.7500 (48.4806)  time: 0.2124  data: 0.0010  max mem: 41183
Test:  [4200/7958]  eta: 0:13:18  loss: 3.6913 (3.7479)  acc1: 25.0000 (24.1698)  acc5: 50.0000 (48.5331)  time: 0.2116  data: 0.0008  max mem: 41183
Test:  [4300/7958]  eta: 0:12:56  loss: 4.0572 (3.7416)  acc1: 18.7500 (24.3141)  acc5: 43.7500 (48.6471)  time: 0.2116  data: 0.0011  max mem: 41183
Test:  [4400/7958]  eta: 0:12:35  loss: 4.0013 (3.7467)  acc1: 25.0000 (24.3297)  acc5: 43.7500 (48.5870)  time: 0.2117  data: 0.0004  max mem: 41183
Test:  [4500/7958]  eta: 0:12:14  loss: 3.8356 (3.7496)  acc1: 25.0000 (24.2085)  acc5: 50.0000 (48.5725)  time: 0.2123  data: 0.0013  max mem: 41183
Test:  [4600/7958]  eta: 0:11:53  loss: 4.6788 (3.7539)  acc1: 6.2500 (24.1877)  acc5: 25.0000 (48.4895)  time: 0.2124  data: 0.0005  max mem: 41183
Test:  [4700/7958]  eta: 0:11:31  loss: 3.8472 (3.7585)  acc1: 18.7500 (24.0946)  acc5: 43.7500 (48.3900)  time: 0.2118  data: 0.0006  max mem: 41183
Test:  [4800/7958]  eta: 0:11:10  loss: 3.7123 (3.7558)  acc1: 25.0000 (24.1525)  acc5: 56.2500 (48.4756)  time: 0.2117  data: 0.0006  max mem: 41183
Test:  [4900/7958]  eta: 0:10:49  loss: 3.6187 (3.7581)  acc1: 18.7500 (24.1367)  acc5: 37.5000 (48.4034)  time: 0.2115  data: 0.0004  max mem: 41183
Test:  [5000/7958]  eta: 0:10:28  loss: 3.5781 (3.7556)  acc1: 12.5000 (24.0764)  acc5: 50.0000 (48.4778)  time: 0.2121  data: 0.0004  max mem: 41183
Test:  [5100/7958]  eta: 0:10:06  loss: 3.8337 (3.7496)  acc1: 18.7500 (24.1252)  acc5: 50.0000 (48.6596)  time: 0.2108  data: 0.0004  max mem: 41183
Test:  [5200/7958]  eta: 0:09:45  loss: 2.7570 (3.7443)  acc1: 50.0000 (24.2477)  acc5: 62.5000 (48.7647)  time: 0.2114  data: 0.0004  max mem: 41183
Test:  [5300/7958]  eta: 0:09:24  loss: 4.4360 (3.7389)  acc1: 18.7500 (24.4223)  acc5: 31.2500 (48.8752)  time: 0.2117  data: 0.0006  max mem: 41183
Test:  [5400/7958]  eta: 0:09:03  loss: 4.2463 (3.7382)  acc1: 12.5000 (24.4445)  acc5: 37.5000 (48.9203)  time: 0.2129  data: 0.0007  max mem: 41183
Test:  [5500/7958]  eta: 0:08:41  loss: 3.2069 (3.7374)  acc1: 31.2500 (24.5137)  acc5: 62.5000 (48.9343)  time: 0.2125  data: 0.0005  max mem: 41183
Test:  [5600/7958]  eta: 0:08:20  loss: 4.3952 (3.7415)  acc1: 6.2500 (24.5302)  acc5: 37.5000 (48.9042)  time: 0.2122  data: 0.0008  max mem: 41183
Test:  [5700/7958]  eta: 0:07:59  loss: 4.3459 (3.7401)  acc1: 12.5000 (24.5593)  acc5: 31.2500 (48.9826)  time: 0.2116  data: 0.0006  max mem: 41183
Test:  [5800/7958]  eta: 0:07:38  loss: 4.1848 (3.7443)  acc1: 6.2500 (24.4678)  acc5: 37.5000 (48.9107)  time: 0.2113  data: 0.0004  max mem: 41183
Test:  [5900/7958]  eta: 0:07:16  loss: 4.0043 (3.7410)  acc1: 12.5000 (24.5668)  acc5: 37.5000 (48.9800)  time: 0.2115  data: 0.0004  max mem: 41183
Test:  [6000/7958]  eta: 0:06:55  loss: 3.9030 (3.7435)  acc1: 25.0000 (24.5532)  acc5: 50.0000 (48.9512)  time: 0.2115  data: 0.0004  max mem: 41183
Test:  [6100/7958]  eta: 0:06:34  loss: 3.5693 (3.7420)  acc1: 12.5000 (24.5841)  acc5: 43.7500 (49.0053)  time: 0.2116  data: 0.0007  max mem: 41183
Test:  [6200/7958]  eta: 0:06:13  loss: 3.5752 (3.7459)  acc1: 12.5000 (24.5374)  acc5: 43.7500 (48.9498)  time: 0.2128  data: 0.0007  max mem: 41183
Test:  [6300/7958]  eta: 0:05:51  loss: 2.9462 (3.7430)  acc1: 31.2500 (24.5884)  acc5: 68.7500 (49.0012)  time: 0.2118  data: 0.0006  max mem: 41183
Test:  [6400/7958]  eta: 0:05:30  loss: 2.5066 (3.7376)  acc1: 43.7500 (24.7129)  acc5: 62.5000 (49.0783)  time: 0.2126  data: 0.0003  max mem: 41183
Test:  [6500/7958]  eta: 0:05:09  loss: 2.6864 (3.7324)  acc1: 50.0000 (24.7827)  acc5: 56.2500 (49.1886)  time: 0.2113  data: 0.0003  max mem: 41183
Test:  [6600/7958]  eta: 0:04:48  loss: 4.1791 (3.7416)  acc1: 6.2500 (24.6383)  acc5: 37.5000 (49.0371)  time: 0.2118  data: 0.0004  max mem: 41183
Test:  [6700/7958]  eta: 0:04:26  loss: 3.0883 (3.7423)  acc1: 25.0000 (24.6474)  acc5: 62.5000 (49.0654)  time: 0.2124  data: 0.0004  max mem: 41183
Test:  [6800/7958]  eta: 0:04:05  loss: 2.3468 (3.7354)  acc1: 50.0000 (24.8190)  acc5: 75.0000 (49.2253)  time: 0.2123  data: 0.0004  max mem: 41183
Test:  [6900/7958]  eta: 0:03:44  loss: 3.3048 (3.7274)  acc1: 25.0000 (24.9755)  acc5: 68.7500 (49.3878)  time: 0.2117  data: 0.0004  max mem: 41183
Test:  [7000/7958]  eta: 0:03:23  loss: 3.3221 (3.7267)  acc1: 25.0000 (25.0223)  acc5: 56.2500 (49.4269)  time: 0.2130  data: 0.0012  max mem: 41183
Test:  [7100/7958]  eta: 0:03:02  loss: 2.5293 (3.7268)  acc1: 56.2500 (25.0757)  acc5: 68.7500 (49.4085)  time: 0.2123  data: 0.0011  max mem: 41183
Test:  [7200/7958]  eta: 0:02:40  loss: 4.6902 (3.7325)  acc1: 6.2500 (25.0009)  acc5: 25.0000 (49.2909)  time: 0.2128  data: 0.0007  max mem: 41183
Test:  [7300/7958]  eta: 0:02:19  loss: 3.8702 (3.7205)  acc1: 6.2500 (25.2371)  acc5: 37.5000 (49.4992)  time: 0.2115  data: 0.0004  max mem: 41183
Test:  [7400/7958]  eta: 0:01:58  loss: 3.3773 (3.7216)  acc1: 18.7500 (25.1596)  acc5: 56.2500 (49.4714)  time: 0.2111  data: 0.0004  max mem: 41183
Test:  [7500/7958]  eta: 0:01:37  loss: 3.7080 (3.7224)  acc1: 18.7500 (25.1266)  acc5: 56.2500 (49.4559)  time: 0.2112  data: 0.0004  max mem: 41183
Test:  [7600/7958]  eta: 0:01:15  loss: 2.8707 (3.7197)  acc1: 25.0000 (25.1603)  acc5: 50.0000 (49.4960)  time: 0.2113  data: 0.0003  max mem: 41183
Test:  [7700/7958]  eta: 0:00:54  loss: 3.6810 (3.7180)  acc1: 18.7500 (25.1729)  acc5: 43.7500 (49.5252)  time: 0.2109  data: 0.0003  max mem: 41183
Test:  [7800/7958]  eta: 0:00:33  loss: 2.5913 (3.7122)  acc1: 37.5000 (25.2139)  acc5: 68.7500 (49.6595)  time: 0.2119  data: 0.0004  max mem: 41183
Test:  [7900/7958]  eta: 0:00:12  loss: 2.0330 (3.7067)  acc1: 62.5000 (25.3441)  acc5: 75.0000 (49.7445)  time: 0.2124  data: 0.0005  max mem: 41183
Test: Total time: 0:28:08
 * Acc@1 = 25.424886906257854, Acc@5 = 49.82643252073385, loss = 3.7030660801869777
Namespace(model='QKFormer_10_768', dataset='es-imagenet', num_classes=1000, data_path='/model/es-imagenet', device='cuda', batch_size=16, workers=4, print_freq=3072, output_dir='./logs4', resume='', sync_bn=False, test_only=False, amp=True, world_size=1, dist_url='env://', tb=True, T=8, opt='adamw', opt_eps=1e-08, opt_betas=None, weight_decay=0.01, momentum=0.9, connect_f='ADD', T_train=None, sched='cosine', lr=0.0005, lr_noise=None, lr_noise_pct=0.67, lr_noise_std=1.0, lr_cycle_mul=1.0, lr_cycle_limit=1, warmup_lr=1e-05, min_lr=1e-06, epochs=100, epoch_repeats=0.0, start_epoch=0, decay_epochs=20, warmup_epochs=20, cooldown_epochs=10, patience_epochs=10, decay_rate=0.1, smoothing=0.1, mixup=0.5, cutmix=0.0, cutmix_minmax=None, mixup_prob=0.5, mixup_switch_prob=0.5, mixup_mode='batch', mixup_off_epoch=0, grad_clip=5.0, distributed=False)
Training time 2 days, 0:21:01 max_test_acc1 25.424886906257854 test_acc5_at_max_test_acc1 49.82643252073385
./logs4/QKFormer_10_768_b16_T8_wd0.01_adamw_cnf_ADD/lr0.0005
Epoch: [5]  [    0/71874]  eta: 1 day, 9:19:32  lr: 0.0001325  img/s: 34.93730285287091  loss: 3.8505 (3.8505)  acc1: 25.0000 (25.0000)  acc5: 62.5000 (62.5000)  time: 1.6692  data: 1.2112  max mem: 41183
Epoch: [5]  [ 3072/71874]  eta: 7:33:38  lr: 0.0001325  img/s: 38.65878308316935  loss: 4.6116 (4.8428)  acc1: 18.7500 (19.9215)  acc5: 37.5000 (41.4945)  time: 0.3884  data: 0.0003  max mem: 41183
Epoch: [5]  [ 6144/71874]  eta: 7:04:11  lr: 0.0001325  img/s: 43.079393630098956  loss: 4.7529 (4.8250)  acc1: 18.7500 (20.1993)  acc5: 43.7500 (41.7545)  time: 0.3762  data: 0.0002  max mem: 41183
Epoch: [5]  [ 9216/71874]  eta: 6:39:56  lr: 0.0001325  img/s: 43.29335989512908  loss: 5.1139 (4.8123)  acc1: 18.7500 (20.3211)  acc5: 37.5000 (41.8852)  time: 0.3691  data: 0.0002  max mem: 41183
Epoch: [5]  [12288/71874]  eta: 6:18:00  lr: 0.0001325  img/s: 43.4307607080544  loss: 4.7765 (4.7972)  acc1: 25.0000 (20.5234)  acc5: 37.5000 (42.1505)  time: 0.3750  data: 0.0003  max mem: 41183
Epoch: [5]  [15360/71874]  eta: 5:57:16  lr: 0.0001325  img/s: 43.538706377026536  loss: 4.5666 (4.7951)  acc1: 25.0000 (20.5305)  acc5: 56.2500 (42.1433)  time: 0.3743  data: 0.0003  max mem: 41183
Epoch: [5]  [18432/71874]  eta: 5:36:58  lr: 0.0001325  img/s: 43.40730401215502  loss: 4.5107 (4.7921)  acc1: 18.7500 (20.6033)  acc5: 43.7500 (42.2547)  time: 0.3722  data: 0.0002  max mem: 41183
Epoch: [5]  [21504/71874]  eta: 5:17:00  lr: 0.0001325  img/s: 43.60714308921324  loss: 4.4079 (4.7914)  acc1: 25.0000 (20.6391)  acc5: 50.0000 (42.3457)  time: 0.3716  data: 0.0002  max mem: 41183
Epoch: [5]  [24576/71874]  eta: 4:57:12  lr: 0.0001325  img/s: 43.55356933091473  loss: 4.5340 (4.7844)  acc1: 18.7500 (20.7130)  acc5: 43.7500 (42.4904)  time: 0.3681  data: 0.0002  max mem: 41183
Epoch: [5]  [27648/71874]  eta: 4:37:43  lr: 0.0001325  img/s: 43.14309207036988  loss: 4.6139 (4.7822)  acc1: 25.0000 (20.7883)  acc5: 50.0000 (42.5886)  time: 0.3756  data: 0.0005  max mem: 41183
Epoch: [5]  [30720/71874]  eta: 4:18:14  lr: 0.0001325  img/s: 43.39935976615297  loss: 4.7882 (4.7742)  acc1: 12.5000 (20.9136)  acc5: 37.5000 (42.7637)  time: 0.3696  data: 0.0002  max mem: 41183
Epoch: [5]  [33792/71874]  eta: 3:58:38  lr: 0.0001325  img/s: 43.15765834710638  loss: 4.5230 (4.7708)  acc1: 18.7500 (21.0001)  acc5: 43.7500 (42.8717)  time: 0.3713  data: 0.0002  max mem: 41183
Epoch: [5]  [36864/71874]  eta: 3:39:07  lr: 0.0001325  img/s: 43.587175501916995  loss: 4.6004 (4.7658)  acc1: 12.5000 (21.0835)  acc5: 37.5000 (43.0142)  time: 0.3772  data: 0.0002  max mem: 41183
Epoch: [5]  [39936/71874]  eta: 3:19:44  lr: 0.0001325  img/s: 43.144589862296286  loss: 4.4570 (4.7593)  acc1: 25.0000 (21.1965)  acc5: 50.0000 (43.1742)  time: 0.3697  data: 0.0002  max mem: 41183
Epoch: [5]  [43008/71874]  eta: 3:00:32  lr: 0.0001325  img/s: 41.326169434620596  loss: 4.2590 (4.7531)  acc1: 25.0000 (21.3146)  acc5: 50.0000 (43.3340)  time: 0.4038  data: 0.0003  max mem: 41183
Epoch: [5]  [46080/71874]  eta: 2:41:54  lr: 0.0001325  img/s: 41.0505748462336  loss: 4.1898 (4.7467)  acc1: 31.2500 (21.4297)  acc5: 50.0000 (43.4981)  time: 0.3949  data: 0.0012  max mem: 41183
Epoch: [5]  [49152/71874]  eta: 2:22:51  lr: 0.0001325  img/s: 43.067450377897444  loss: 4.5236 (4.7410)  acc1: 18.7500 (21.5200)  acc5: 43.7500 (43.6409)  time: 0.3828  data: 0.0004  max mem: 41183
Epoch: [5]  [52224/71874]  eta: 2:03:40  lr: 0.0001325  img/s: 40.67886790691528  loss: 4.3798 (4.7355)  acc1: 18.7500 (21.6303)  acc5: 43.7500 (43.7694)  time: 0.3820  data: 0.0002  max mem: 41183
Epoch: [5]  [55296/71874]  eta: 1:44:26  lr: 0.0001325  img/s: 41.91508787577284  loss: 4.4487 (4.7331)  acc1: 18.7500 (21.6894)  acc5: 43.7500 (43.8414)  time: 0.3792  data: 0.0002  max mem: 41183
Epoch: [5]  [58368/71874]  eta: 1:25:09  lr: 0.0001325  img/s: 43.56207912321312  loss: 4.7688 (4.7280)  acc1: 25.0000 (21.7760)  acc5: 43.7500 (43.9503)  time: 0.3787  data: 0.0002  max mem: 41183
Epoch: [5]  [61440/71874]  eta: 1:05:51  lr: 0.0001325  img/s: 41.99784719058371  loss: 4.4421 (4.7240)  acc1: 25.0000 (21.8407)  acc5: 50.0000 (44.0403)  time: 0.3825  data: 0.0002  max mem: 41183
Epoch: [5]  [64512/71874]  eta: 0:46:28  lr: 0.0001325  img/s: 42.998877435426905  loss: 4.5254 (4.7188)  acc1: 25.0000 (21.9316)  acc5: 37.5000 (44.1770)  time: 0.3855  data: 0.0002  max mem: 41183
Epoch: [5]  [67584/71874]  eta: 0:27:04  lr: 0.0001325  img/s: 42.35654577815928  loss: 4.4305 (4.7133)  acc1: 25.0000 (22.0259)  acc5: 50.0000 (44.3046)  time: 0.3731  data: 0.0002  max mem: 41183
Epoch: [5]  [70656/71874]  eta: 0:07:41  lr: 0.0001325  img/s: 43.29363919163195  loss: 4.5541 (4.7075)  acc1: 25.0000 (22.1147)  acc5: 50.0000 (44.4344)  time: 0.3740  data: 0.0002  max mem: 41183
Epoch: [5] Total time: 7:33:27
Test:  [   0/7958]  eta: 1:48:49  loss: 1.4754 (1.4754)  acc1: 75.0000 (75.0000)  acc5: 87.5000 (87.5000)  time: 0.8205  data: 0.6122  max mem: 41183
Test:  [ 100/7958]  eta: 0:28:26  loss: 3.1989 (2.7719)  acc1: 25.0000 (40.8416)  acc5: 56.2500 (67.8218)  time: 0.2107  data: 0.0003  max mem: 41183
Test:  [ 200/7958]  eta: 0:27:41  loss: 3.8743 (3.0729)  acc1: 12.5000 (35.8209)  acc5: 43.7500 (62.4689)  time: 0.2112  data: 0.0003  max mem: 41183
Test:  [ 300/7958]  eta: 0:27:13  loss: 3.2822 (3.2190)  acc1: 25.0000 (32.9734)  acc5: 56.2500 (60.2159)  time: 0.2114  data: 0.0003  max mem: 41183
Test:  [ 400/7958]  eta: 0:26:48  loss: 1.9798 (3.0869)  acc1: 50.0000 (35.3959)  acc5: 81.2500 (62.5935)  time: 0.2114  data: 0.0003  max mem: 41183
Test:  [ 500/7958]  eta: 0:26:24  loss: 3.5995 (3.0781)  acc1: 18.7500 (35.5913)  acc5: 50.0000 (62.2879)  time: 0.2115  data: 0.0003  max mem: 41183
Test:  [ 600/7958]  eta: 0:26:01  loss: 2.9337 (3.1115)  acc1: 25.0000 (34.2762)  acc5: 62.5000 (61.9696)  time: 0.2116  data: 0.0003  max mem: 41183
Test:  [ 700/7958]  eta: 0:25:39  loss: 4.0850 (3.2593)  acc1: 0.0000 (31.0004)  acc5: 18.7500 (58.0599)  time: 0.2115  data: 0.0003  max mem: 41183
Test:  [ 800/7958]  eta: 0:25:17  loss: 3.2367 (3.3290)  acc1: 31.2500 (30.1030)  acc5: 50.0000 (56.2812)  time: 0.2111  data: 0.0004  max mem: 41183
Test:  [ 900/7958]  eta: 0:24:56  loss: 3.7218 (3.4061)  acc1: 31.2500 (28.7666)  acc5: 56.2500 (54.8002)  time: 0.2110  data: 0.0003  max mem: 41183
Test:  [1000/7958]  eta: 0:24:34  loss: 3.5302 (3.4382)  acc1: 6.2500 (27.8534)  acc5: 43.7500 (53.9835)  time: 0.2113  data: 0.0003  max mem: 41183
Test:  [1100/7958]  eta: 0:24:12  loss: 2.9455 (3.4705)  acc1: 31.2500 (26.9414)  acc5: 62.5000 (53.2130)  time: 0.2111  data: 0.0003  max mem: 41183
Test:  [1200/7958]  eta: 0:23:51  loss: 3.5893 (3.4989)  acc1: 12.5000 (26.0824)  acc5: 50.0000 (52.3938)  time: 0.2114  data: 0.0003  max mem: 41183
Test:  [1300/7958]  eta: 0:23:30  loss: 3.2323 (3.4902)  acc1: 25.0000 (25.8791)  acc5: 62.5000 (52.4356)  time: 0.2117  data: 0.0003  max mem: 41183
Test:  [1400/7958]  eta: 0:23:08  loss: 3.4254 (3.4707)  acc1: 18.7500 (26.1108)  acc5: 62.5000 (52.9086)  time: 0.2115  data: 0.0003  max mem: 41183
Test:  [1500/7958]  eta: 0:22:47  loss: 3.1403 (3.5005)  acc1: 25.0000 (25.4164)  acc5: 56.2500 (52.2235)  time: 0.2118  data: 0.0003  max mem: 41183
Test:  [1600/7958]  eta: 0:22:26  loss: 3.1103 (3.4797)  acc1: 12.5000 (25.3513)  acc5: 62.5000 (52.6702)  time: 0.2113  data: 0.0003  max mem: 41183
Test:  [1700/7958]  eta: 0:22:04  loss: 2.6723 (3.4629)  acc1: 12.5000 (25.4336)  acc5: 68.7500 (53.1232)  time: 0.2113  data: 0.0003  max mem: 41183
Test:  [1800/7958]  eta: 0:21:43  loss: 1.9330 (3.4239)  acc1: 62.5000 (26.2979)  acc5: 81.2500 (54.0325)  time: 0.2110  data: 0.0003  max mem: 41183
Test:  [1900/7958]  eta: 0:21:22  loss: 3.3326 (3.4198)  acc1: 25.0000 (26.5288)  acc5: 62.5000 (54.1984)  time: 0.2108  data: 0.0003  max mem: 41183
Test:  [2000/7958]  eta: 0:21:00  loss: 1.4847 (3.3927)  acc1: 56.2500 (27.2989)  acc5: 87.5000 (54.6664)  time: 0.2112  data: 0.0003  max mem: 41183
Test:  [2100/7958]  eta: 0:20:39  loss: 2.8744 (3.3701)  acc1: 31.2500 (27.8766)  acc5: 68.7500 (55.1910)  time: 0.2115  data: 0.0003  max mem: 41183
Test:  [2200/7958]  eta: 0:20:18  loss: 3.5708 (3.3674)  acc1: 25.0000 (27.9362)  acc5: 56.2500 (55.2902)  time: 0.2117  data: 0.0003  max mem: 41183
Test:  [2300/7958]  eta: 0:19:57  loss: 4.2328 (3.3803)  acc1: 12.5000 (27.6782)  acc5: 37.5000 (55.1228)  time: 0.2118  data: 0.0003  max mem: 41183
Test:  [2400/7958]  eta: 0:19:36  loss: 3.1568 (3.3860)  acc1: 31.2500 (27.6760)  acc5: 62.5000 (55.0344)  time: 0.2116  data: 0.0003  max mem: 41183
Test:  [2500/7958]  eta: 0:19:14  loss: 4.0291 (3.4050)  acc1: 6.2500 (27.3466)  acc5: 37.5000 (54.6531)  time: 0.2113  data: 0.0003  max mem: 41183
Test:  [2600/7958]  eta: 0:18:53  loss: 3.5023 (3.3942)  acc1: 31.2500 (27.7297)  acc5: 56.2500 (54.9356)  time: 0.2112  data: 0.0003  max mem: 41183
Test:  [2700/7958]  eta: 0:18:32  loss: 2.9984 (3.3767)  acc1: 37.5000 (28.2210)  acc5: 62.5000 (55.3036)  time: 0.2111  data: 0.0003  max mem: 41183
Test:  [2800/7958]  eta: 0:18:11  loss: 3.2377 (3.3552)  acc1: 37.5000 (28.6728)  acc5: 50.0000 (55.6609)  time: 0.2112  data: 0.0003  max mem: 41183
Test:  [2900/7958]  eta: 0:17:50  loss: 2.0972 (3.3620)  acc1: 56.2500 (28.8112)  acc5: 81.2500 (55.5520)  time: 0.2113  data: 0.0003  max mem: 41183
Test:  [3000/7958]  eta: 0:17:28  loss: 2.7063 (3.3675)  acc1: 18.7500 (28.7779)  acc5: 75.0000 (55.5273)  time: 0.2111  data: 0.0003  max mem: 41183
Test:  [3100/7958]  eta: 0:17:07  loss: 4.2323 (3.3772)  acc1: 25.0000 (28.6924)  acc5: 43.7500 (55.3813)  time: 0.2115  data: 0.0003  max mem: 41183
Test:  [3200/7958]  eta: 0:16:46  loss: 3.3422 (3.3769)  acc1: 37.5000 (28.7254)  acc5: 56.2500 (55.4651)  time: 0.2116  data: 0.0003  max mem: 41183
Test:  [3300/7958]  eta: 0:16:25  loss: 4.1477 (3.3906)  acc1: 6.2500 (28.5292)  acc5: 37.5000 (55.1973)  time: 0.2115  data: 0.0003  max mem: 41183
Test:  [3400/7958]  eta: 0:16:04  loss: 3.2847 (3.3820)  acc1: 25.0000 (28.7599)  acc5: 56.2500 (55.3495)  time: 0.2112  data: 0.0003  max mem: 41183
Test:  [3500/7958]  eta: 0:15:43  loss: 2.5359 (3.3700)  acc1: 43.7500 (29.0613)  acc5: 68.7500 (55.6305)  time: 0.2111  data: 0.0003  max mem: 41183
Test:  [3600/7958]  eta: 0:15:21  loss: 2.8455 (3.3723)  acc1: 31.2500 (29.0058)  acc5: 68.7500 (55.6599)  time: 0.2109  data: 0.0003  max mem: 41183
Test:  [3700/7958]  eta: 0:15:00  loss: 4.0317 (3.3683)  acc1: 18.7500 (29.1205)  acc5: 37.5000 (55.7772)  time: 0.2114  data: 0.0003  max mem: 41183
Test:  [3800/7958]  eta: 0:14:39  loss: 3.0643 (3.3686)  acc1: 12.5000 (29.1436)  acc5: 56.2500 (55.7699)  time: 0.2112  data: 0.0003  max mem: 41183
Test:  [3900/7958]  eta: 0:14:18  loss: 3.7105 (3.3590)  acc1: 25.0000 (29.4171)  acc5: 56.2500 (55.9520)  time: 0.2116  data: 0.0003  max mem: 41183
Test:  [4000/7958]  eta: 0:13:57  loss: 3.6489 (3.3581)  acc1: 18.7500 (29.4754)  acc5: 50.0000 (55.9313)  time: 0.2115  data: 0.0003  max mem: 41183
Test:  [4100/7958]  eta: 0:13:36  loss: 3.4278 (3.3568)  acc1: 25.0000 (29.5599)  acc5: 56.2500 (55.9818)  time: 0.2119  data: 0.0003  max mem: 41183
Test:  [4200/7958]  eta: 0:13:14  loss: 2.6414 (3.3546)  acc1: 37.5000 (29.6403)  acc5: 62.5000 (56.0254)  time: 0.2113  data: 0.0003  max mem: 41183
Test:  [4300/7958]  eta: 0:12:53  loss: 3.0329 (3.3498)  acc1: 31.2500 (29.8041)  acc5: 68.7500 (56.1367)  time: 0.2112  data: 0.0003  max mem: 41183
Test:  [4400/7958]  eta: 0:12:32  loss: 3.3354 (3.3637)  acc1: 18.7500 (29.6282)  acc5: 56.2500 (55.9120)  time: 0.2114  data: 0.0003  max mem: 41183
Test:  [4500/7958]  eta: 0:12:11  loss: 3.4244 (3.3644)  acc1: 31.2500 (29.5837)  acc5: 56.2500 (55.8904)  time: 0.2110  data: 0.0003  max mem: 41183
Test:  [4600/7958]  eta: 0:11:50  loss: 4.2392 (3.3715)  acc1: 18.7500 (29.4719)  acc5: 37.5000 (55.7474)  time: 0.2111  data: 0.0003  max mem: 41183
Test:  [4700/7958]  eta: 0:11:29  loss: 2.9105 (3.3774)  acc1: 18.7500 (29.3820)  acc5: 62.5000 (55.6158)  time: 0.2109  data: 0.0003  max mem: 41183
Test:  [4800/7958]  eta: 0:11:07  loss: 3.9668 (3.3783)  acc1: 12.5000 (29.3767)  acc5: 43.7500 (55.6342)  time: 0.2117  data: 0.0003  max mem: 41183
Test:  [4900/7958]  eta: 0:10:46  loss: 4.1075 (3.3815)  acc1: 12.5000 (29.3320)  acc5: 37.5000 (55.5843)  time: 0.2117  data: 0.0003  max mem: 41183
Test:  [5000/7958]  eta: 0:10:25  loss: 3.2605 (3.3795)  acc1: 18.7500 (29.3041)  acc5: 62.5000 (55.7014)  time: 0.2118  data: 0.0003  max mem: 41183
Test:  [5100/7958]  eta: 0:10:04  loss: 4.4088 (3.3776)  acc1: 6.2500 (29.2320)  acc5: 31.2500 (55.7991)  time: 0.2112  data: 0.0003  max mem: 41183
Test:  [5200/7958]  eta: 0:09:43  loss: 1.8154 (3.3742)  acc1: 62.5000 (29.3225)  acc5: 81.2500 (55.8234)  time: 0.2111  data: 0.0003  max mem: 41183
Test:  [5300/7958]  eta: 0:09:22  loss: 4.0896 (3.3773)  acc1: 18.7500 (29.3553)  acc5: 37.5000 (55.7996)  time: 0.2111  data: 0.0003  max mem: 41183
Test:  [5400/7958]  eta: 0:09:00  loss: 3.4554 (3.3769)  acc1: 31.2500 (29.4205)  acc5: 50.0000 (55.8438)  time: 0.2112  data: 0.0003  max mem: 41183
Test:  [5500/7958]  eta: 0:08:39  loss: 2.3529 (3.3779)  acc1: 43.7500 (29.4492)  acc5: 81.2500 (55.8194)  time: 0.2110  data: 0.0003  max mem: 41183
Test:  [5600/7958]  eta: 0:08:18  loss: 3.9403 (3.3814)  acc1: 12.5000 (29.4144)  acc5: 43.7500 (55.7735)  time: 0.2112  data: 0.0003  max mem: 41183
Test:  [5700/7958]  eta: 0:07:57  loss: 3.0080 (3.3810)  acc1: 31.2500 (29.4104)  acc5: 62.5000 (55.7819)  time: 0.2116  data: 0.0003  max mem: 41183
Test:  [5800/7958]  eta: 0:07:36  loss: 3.5718 (3.3871)  acc1: 12.5000 (29.3031)  acc5: 50.0000 (55.6725)  time: 0.2116  data: 0.0003  max mem: 41183
Test:  [5900/7958]  eta: 0:07:15  loss: 3.3784 (3.3835)  acc1: 37.5000 (29.4166)  acc5: 50.0000 (55.7490)  time: 0.2117  data: 0.0003  max mem: 41183
Test:  [6000/7958]  eta: 0:06:54  loss: 3.7418 (3.3863)  acc1: 25.0000 (29.4170)  acc5: 50.0000 (55.6855)  time: 0.2113  data: 0.0003  max mem: 41183
Test:  [6100/7958]  eta: 0:06:32  loss: 3.9450 (3.3809)  acc1: 12.5000 (29.5290)  acc5: 43.7500 (55.8034)  time: 0.2116  data: 0.0003  max mem: 41183
Test:  [6200/7958]  eta: 0:06:11  loss: 3.7480 (3.3893)  acc1: 12.5000 (29.4630)  acc5: 43.7500 (55.6493)  time: 0.2113  data: 0.0003  max mem: 41183
Test:  [6300/7958]  eta: 0:05:50  loss: 2.4163 (3.3862)  acc1: 25.0000 (29.5558)  acc5: 75.0000 (55.7005)  time: 0.2108  data: 0.0003  max mem: 41183
Test:  [6400/7958]  eta: 0:05:29  loss: 2.7270 (3.3874)  acc1: 43.7500 (29.5296)  acc5: 68.7500 (55.6759)  time: 0.2111  data: 0.0003  max mem: 41183
Test:  [6500/7958]  eta: 0:05:08  loss: 1.8760 (3.3800)  acc1: 62.5000 (29.6829)  acc5: 81.2500 (55.8222)  time: 0.2115  data: 0.0003  max mem: 41183
Test:  [6600/7958]  eta: 0:04:47  loss: 3.7085 (3.3898)  acc1: 25.0000 (29.5410)  acc5: 37.5000 (55.6544)  time: 0.2114  data: 0.0003  max mem: 41183
Test:  [6700/7958]  eta: 0:04:25  loss: 2.6130 (3.3880)  acc1: 43.7500 (29.5609)  acc5: 75.0000 (55.7072)  time: 0.2112  data: 0.0004  max mem: 41183
Test:  [6800/7958]  eta: 0:04:04  loss: 3.2152 (3.3829)  acc1: 12.5000 (29.6556)  acc5: 56.2500 (55.8282)  time: 0.2114  data: 0.0003  max mem: 41183
Test:  [6900/7958]  eta: 0:03:43  loss: 3.1647 (3.3771)  acc1: 31.2500 (29.7475)  acc5: 62.5000 (55.9412)  time: 0.2113  data: 0.0003  max mem: 41183
Test:  [7000/7958]  eta: 0:03:22  loss: 3.3987 (3.3764)  acc1: 25.0000 (29.7984)  acc5: 56.2500 (55.9429)  time: 0.2111  data: 0.0003  max mem: 41183
Test:  [7100/7958]  eta: 0:03:01  loss: 2.0963 (3.3763)  acc1: 62.5000 (29.8338)  acc5: 75.0000 (55.9217)  time: 0.2110  data: 0.0003  max mem: 41183
Test:  [7200/7958]  eta: 0:02:40  loss: 4.1289 (3.3831)  acc1: 12.5000 (29.7355)  acc5: 37.5000 (55.8082)  time: 0.2114  data: 0.0003  max mem: 41183
Test:  [7300/7958]  eta: 0:02:19  loss: 3.5963 (3.3729)  acc1: 12.5000 (29.9385)  acc5: 56.2500 (55.9915)  time: 0.2109  data: 0.0003  max mem: 41183
Test:  [7400/7958]  eta: 0:01:57  loss: 4.0896 (3.3778)  acc1: 18.7500 (29.8532)  acc5: 31.2500 (55.8987)  time: 0.2113  data: 0.0003  max mem: 41183
Test:  [7500/7958]  eta: 0:01:36  loss: 3.0674 (3.3835)  acc1: 31.2500 (29.7577)  acc5: 68.7500 (55.7667)  time: 0.2117  data: 0.0003  max mem: 41183
Test:  [7600/7958]  eta: 0:01:15  loss: 2.7234 (3.3853)  acc1: 43.7500 (29.7831)  acc5: 75.0000 (55.7657)  time: 0.2116  data: 0.0003  max mem: 41183
Test:  [7700/7958]  eta: 0:00:54  loss: 3.2756 (3.3863)  acc1: 25.0000 (29.7607)  acc5: 50.0000 (55.7282)  time: 0.2114  data: 0.0003  max mem: 41183
Test:  [7800/7958]  eta: 0:00:33  loss: 2.8756 (3.3850)  acc1: 31.2500 (29.7462)  acc5: 68.7500 (55.7701)  time: 0.2107  data: 0.0003  max mem: 41183
Test:  [7900/7958]  eta: 0:00:12  loss: 1.8772 (3.3843)  acc1: 62.5000 (29.8522)  acc5: 81.2500 (55.7659)  time: 0.2113  data: 0.0003  max mem: 41183
Test: Total time: 0:28:02
 * Acc@1 = 29.883450615732595, Acc@5 = 55.78191756722795, loss = 3.384451653799929
Namespace(model='QKFormer_10_768', dataset='es-imagenet', num_classes=1000, data_path='/model/es-imagenet', device='cuda', batch_size=16, workers=4, print_freq=3072, output_dir='./logs4', resume='', sync_bn=False, test_only=False, amp=True, world_size=1, dist_url='env://', tb=True, T=8, opt='adamw', opt_eps=1e-08, opt_betas=None, weight_decay=0.01, momentum=0.9, connect_f='ADD', T_train=None, sched='cosine', lr=0.0005, lr_noise=None, lr_noise_pct=0.67, lr_noise_std=1.0, lr_cycle_mul=1.0, lr_cycle_limit=1, warmup_lr=1e-05, min_lr=1e-06, epochs=100, epoch_repeats=0.0, start_epoch=0, decay_epochs=20, warmup_epochs=20, cooldown_epochs=10, patience_epochs=10, decay_rate=0.1, smoothing=0.1, mixup=0.5, cutmix=0.0, cutmix_minmax=None, mixup_prob=0.5, mixup_switch_prob=0.5, mixup_mode='batch', mixup_off_epoch=0, grad_clip=5.0, distributed=False)
Training time 2 days, 8:22:35 max_test_acc1 29.883450615732595 test_acc5_at_max_test_acc1 55.78191756722795
./logs4/QKFormer_10_768_b16_T8_wd0.01_adamw_cnf_ADD/lr0.0005
Epoch: [6]  [    0/71874]  eta: 23:34:07  lr: 0.000157  img/s: 40.428317289648405  loss: 4.6331 (4.6331)  acc1: 18.7500 (18.7500)  acc5: 37.5000 (37.5000)  time: 1.1805  data: 0.7847  max mem: 41183
Epoch: [6]  [ 3072/71874]  eta: 7:13:51  lr: 0.000157  img/s: 43.004746558632846  loss: 4.4511 (4.6319)  acc1: 18.7500 (23.7085)  acc5: 50.0000 (46.7031)  time: 0.3745  data: 0.0003  max mem: 41183
Epoch: [6]  [ 6144/71874]  eta: 6:54:40  lr: 0.000157  img/s: 43.32427194494477  loss: 4.5126 (4.6084)  acc1: 25.0000 (23.9738)  acc5: 56.2500 (47.1654)  time: 0.3748  data: 0.0002  max mem: 41183
Epoch: [6]  [ 9216/71874]  eta: 6:32:42  lr: 0.000157  img/s: 43.486202244395166  loss: 4.5926 (4.6098)  acc1: 18.7500 (23.9788)  acc5: 50.0000 (47.0116)  time: 0.3687  data: 0.0002  max mem: 41183
Epoch: [6]  [12288/71874]  eta: 6:12:17  lr: 0.000157  img/s: 43.53791547753357  loss: 4.5567 (4.6078)  acc1: 25.0000 (24.0301)  acc5: 50.0000 (47.0939)  time: 0.3708  data: 0.0002  max mem: 41183
Epoch: [6]  [15360/71874]  eta: 5:52:28  lr: 0.000157  img/s: 42.294294112605186  loss: 4.5123 (4.6060)  acc1: 18.7500 (24.0674)  acc5: 50.0000 (47.0729)  time: 0.3706  data: 0.0002  max mem: 41183
Epoch: [6]  [18432/71874]  eta: 5:32:55  lr: 0.000157  img/s: 43.43354348249588  loss: 4.6379 (4.6040)  acc1: 12.5000 (24.0109)  acc5: 37.5000 (47.0491)  time: 0.3702  data: 0.0002  max mem: 41183
Epoch: [6]  [21504/71874]  eta: 5:13:33  lr: 0.000157  img/s: 43.18595888802157  loss: 4.3068 (4.6015)  acc1: 25.0000 (24.0398)  acc5: 50.0000 (47.1411)  time: 0.3752  data: 0.0002  max mem: 41183
Epoch: [6]  [24576/71874]  eta: 4:54:11  lr: 0.000157  img/s: 43.30590386068569  loss: 4.4700 (4.5986)  acc1: 25.0000 (24.0748)  acc5: 50.0000 (47.1569)  time: 0.3711  data: 0.0002  max mem: 41183
Epoch: [6]  [27648/71874]  eta: 4:34:54  lr: 0.000157  img/s: 42.68080437919716  loss: 4.1146 (4.5923)  acc1: 25.0000 (24.1390)  acc5: 56.2500 (47.2614)  time: 0.3705  data: 0.0002  max mem: 41183
Epoch: [6]  [30720/71874]  eta: 4:15:42  lr: 0.000157  img/s: 43.545091117909855  loss: 4.4407 (4.5904)  acc1: 25.0000 (24.1699)  acc5: 50.0000 (47.3410)  time: 0.3699  data: 0.0002  max mem: 41183
Epoch: [6]  [33792/71874]  eta: 3:56:30  lr: 0.000157  img/s: 43.56134392688373  loss: 4.3666 (4.5891)  acc1: 25.0000 (24.1757)  acc5: 50.0000 (47.3711)  time: 0.3694  data: 0.0002  max mem: 41183
Epoch: [6]  [36864/71874]  eta: 3:37:13  lr: 0.000157  img/s: 43.67528364033241  loss: 4.4359 (4.5803)  acc1: 25.0000 (24.3139)  acc5: 43.7500 (47.5437)  time: 0.3678  data: 0.0002  max mem: 41183
Epoch: [6]  [39936/71874]  eta: 3:18:02  lr: 0.000157  img/s: 43.638987423097255  loss: 4.3887 (4.5777)  acc1: 25.0000 (24.3735)  acc5: 50.0000 (47.6186)  time: 0.3669  data: 0.0002  max mem: 41183
Epoch: [6]  [43008/71874]  eta: 2:58:53  lr: 0.000157  img/s: 43.67292454107186  loss: 4.4703 (4.5722)  acc1: 31.2500 (24.4751)  acc5: 56.2500 (47.7532)  time: 0.3686  data: 0.0002  max mem: 41183
Epoch: [6]  [46080/71874]  eta: 2:39:47  lr: 0.000157  img/s: 42.529360394742014  loss: 4.3894 (4.5688)  acc1: 31.2500 (24.5505)  acc5: 50.0000 (47.8431)  time: 0.3705  data: 0.0002  max mem: 41183
Epoch: [6]  [49152/71874]  eta: 2:20:42  lr: 0.000157  img/s: 43.33926871576424  loss: 4.7931 (4.5628)  acc1: 25.0000 (24.6384)  acc5: 43.7500 (47.9696)  time: 0.3740  data: 0.0002  max mem: 41183
Epoch: [6]  [52224/71874]  eta: 2:01:39  lr: 0.000157  img/s: 43.633851755526656  loss: 4.3223 (4.5589)  acc1: 31.2500 (24.7078)  acc5: 50.0000 (48.0467)  time: 0.3698  data: 0.0002  max mem: 41183
Epoch: [6]  [55296/71874]  eta: 1:42:37  lr: 0.000157  img/s: 43.66028070307839  loss: 4.2487 (4.5529)  acc1: 25.0000 (24.8223)  acc5: 56.2500 (48.1785)  time: 0.3735  data: 0.0002  max mem: 41183
Epoch: [6]  [58368/71874]  eta: 1:23:35  lr: 0.000157  img/s: 43.30526112010944  loss: 4.4386 (4.5470)  acc1: 18.7500 (24.9374)  acc5: 50.0000 (48.3031)  time: 0.3680  data: 0.0002  max mem: 41183
Epoch: [6]  [61440/71874]  eta: 1:04:33  lr: 0.000157  img/s: 43.462263417768085  loss: 4.5278 (4.5430)  acc1: 25.0000 (25.0056)  acc5: 43.7500 (48.3895)  time: 0.3688  data: 0.0001  max mem: 41183
Epoch: [6]  [64512/71874]  eta: 0:45:32  lr: 0.000157  img/s: 43.554078128681084  loss: 4.0863 (4.5376)  acc1: 25.0000 (25.1051)  acc5: 56.2500 (48.5141)  time: 0.3679  data: 0.0002  max mem: 41183
Epoch: [6]  [67584/71874]  eta: 0:26:32  lr: 0.000157  img/s: 43.51818054481975  loss: 3.9988 (4.5323)  acc1: 31.2500 (25.2119)  acc5: 62.5000 (48.6529)  time: 0.3683  data: 0.0002  max mem: 41183
Epoch: [6]  [70656/71874]  eta: 0:07:31  lr: 0.000157  img/s: 43.802854446218376  loss: 4.2846 (4.5292)  acc1: 31.2500 (25.2692)  acc5: 50.0000 (48.7345)  time: 0.3668  data: 0.0002  max mem: 41183
Epoch: [6] Total time: 7:24:24
Test:  [   0/7958]  eta: 1:37:25  loss: 0.6793 (0.6793)  acc1: 93.7500 (93.7500)  acc5: 100.0000 (100.0000)  time: 0.7346  data: 0.5256  max mem: 41183
Test:  [ 100/7958]  eta: 0:28:20  loss: 2.9680 (2.7882)  acc1: 37.5000 (40.4703)  acc5: 62.5000 (65.7797)  time: 0.2109  data: 0.0003  max mem: 41183
Test:  [ 200/7958]  eta: 0:27:38  loss: 3.6051 (2.9542)  acc1: 18.7500 (38.0597)  acc5: 62.5000 (63.3085)  time: 0.2109  data: 0.0003  max mem: 41183
Test:  [ 300/7958]  eta: 0:27:10  loss: 2.8512 (3.0738)  acc1: 31.2500 (34.1777)  acc5: 68.7500 (61.3787)  time: 0.2111  data: 0.0003  max mem: 41183
Test:  [ 400/7958]  eta: 0:26:46  loss: 1.6569 (2.8060)  acc1: 50.0000 (38.9963)  acc5: 87.5000 (66.1315)  time: 0.2114  data: 0.0003  max mem: 41183
Test:  [ 500/7958]  eta: 0:26:22  loss: 3.1617 (2.8175)  acc1: 31.2500 (39.3089)  acc5: 56.2500 (65.8184)  time: 0.2113  data: 0.0003  max mem: 41183
Test:  [ 600/7958]  eta: 0:26:00  loss: 3.6553 (3.0342)  acc1: 12.5000 (35.2329)  acc5: 50.0000 (61.7408)  time: 0.2116  data: 0.0003  max mem: 41183
Test:  [ 700/7958]  eta: 0:25:38  loss: 4.0109 (3.1768)  acc1: 18.7500 (32.4358)  acc5: 43.7500 (58.6394)  time: 0.2110  data: 0.0003  max mem: 41183
Test:  [ 800/7958]  eta: 0:25:16  loss: 2.9839 (3.2342)  acc1: 37.5000 (31.4217)  acc5: 62.5000 (57.3814)  time: 0.2109  data: 0.0003  max mem: 41183
Test:  [ 900/7958]  eta: 0:24:54  loss: 2.6825 (3.2481)  acc1: 25.0000 (30.8546)  acc5: 62.5000 (57.0685)  time: 0.2110  data: 0.0003  max mem: 41183
Test:  [1000/7958]  eta: 0:24:33  loss: 4.0757 (3.2936)  acc1: 6.2500 (29.9763)  acc5: 31.2500 (56.2375)  time: 0.2111  data: 0.0003  max mem: 41183
Test:  [1100/7958]  eta: 0:24:11  loss: 3.2556 (3.3674)  acc1: 31.2500 (28.9055)  acc5: 56.2500 (54.8876)  time: 0.2110  data: 0.0003  max mem: 41183
Test:  [1200/7958]  eta: 0:23:50  loss: 3.1722 (3.3864)  acc1: 25.0000 (28.3410)  acc5: 62.5000 (54.4546)  time: 0.2117  data: 0.0003  max mem: 41183
Test:  [1300/7958]  eta: 0:23:29  loss: 3.4346 (3.3820)  acc1: 18.7500 (28.2571)  acc5: 50.0000 (54.5830)  time: 0.2116  data: 0.0003  max mem: 41183
Test:  [1400/7958]  eta: 0:23:07  loss: 3.1131 (3.3826)  acc1: 31.2500 (28.4440)  acc5: 62.5000 (54.7689)  time: 0.2114  data: 0.0003  max mem: 41183
Test:  [1500/7958]  eta: 0:22:46  loss: 2.9492 (3.4172)  acc1: 31.2500 (27.7940)  acc5: 68.7500 (54.1014)  time: 0.2115  data: 0.0003  max mem: 41183
Test:  [1600/7958]  eta: 0:22:25  loss: 2.8699 (3.3871)  acc1: 31.2500 (28.0723)  acc5: 62.5000 (54.6182)  time: 0.2109  data: 0.0003  max mem: 41183
Test:  [1700/7958]  eta: 0:22:03  loss: 2.0432 (3.3593)  acc1: 31.2500 (28.5384)  acc5: 75.0000 (55.1955)  time: 0.2113  data: 0.0003  max mem: 41183
Test:  [1800/7958]  eta: 0:21:42  loss: 1.7179 (3.3122)  acc1: 68.7500 (29.4697)  acc5: 81.2500 (56.1181)  time: 0.2108  data: 0.0003  max mem: 41183
Test:  [1900/7958]  eta: 0:21:21  loss: 3.0644 (3.2954)  acc1: 25.0000 (29.5798)  acc5: 56.2500 (56.3848)  time: 0.2110  data: 0.0003  max mem: 41183
Test:  [2000/7958]  eta: 0:21:00  loss: 1.5849 (3.2495)  acc1: 62.5000 (30.5191)  acc5: 87.5000 (57.2745)  time: 0.2111  data: 0.0003  max mem: 41183
Test:  [2100/7958]  eta: 0:20:38  loss: 2.3556 (3.2210)  acc1: 43.7500 (31.1489)  acc5: 75.0000 (57.8623)  time: 0.2116  data: 0.0003  max mem: 41183
Test:  [2200/7958]  eta: 0:20:17  loss: 2.8442 (3.2293)  acc1: 43.7500 (31.1251)  acc5: 68.7500 (57.6783)  time: 0.2118  data: 0.0003  max mem: 41183
Test:  [2300/7958]  eta: 0:19:56  loss: 3.5051 (3.2303)  acc1: 25.0000 (31.0843)  acc5: 43.7500 (57.7847)  time: 0.2115  data: 0.0003  max mem: 41183
Test:  [2400/7958]  eta: 0:19:35  loss: 3.0165 (3.2281)  acc1: 31.2500 (31.1459)  acc5: 62.5000 (57.8639)  time: 0.2117  data: 0.0003  max mem: 41183
Test:  [2500/7958]  eta: 0:19:14  loss: 4.0600 (3.2567)  acc1: 6.2500 (30.6502)  acc5: 37.5000 (57.3446)  time: 0.2111  data: 0.0003  max mem: 41183
Test:  [2600/7958]  eta: 0:18:52  loss: 4.6290 (3.2479)  acc1: 6.2500 (30.9040)  acc5: 50.0000 (57.4827)  time: 0.2111  data: 0.0003  max mem: 41183
Test:  [2700/7958]  eta: 0:18:31  loss: 2.2337 (3.2264)  acc1: 50.0000 (31.4166)  acc5: 75.0000 (57.8397)  time: 0.2111  data: 0.0003  max mem: 41183
Test:  [2800/7958]  eta: 0:18:10  loss: 3.7203 (3.2075)  acc1: 25.0000 (31.7565)  acc5: 50.0000 (58.1868)  time: 0.2111  data: 0.0003  max mem: 41183
Test:  [2900/7958]  eta: 0:17:49  loss: 2.8704 (3.2084)  acc1: 37.5000 (31.8145)  acc5: 56.2500 (58.1674)  time: 0.2111  data: 0.0003  max mem: 41183
Test:  [3000/7958]  eta: 0:17:28  loss: 1.2729 (3.2119)  acc1: 62.5000 (31.8123)  acc5: 87.5000 (58.0911)  time: 0.2114  data: 0.0003  max mem: 41183
Test:  [3100/7958]  eta: 0:17:07  loss: 3.3185 (3.2016)  acc1: 31.2500 (31.9655)  acc5: 56.2500 (58.2957)  time: 0.2118  data: 0.0003  max mem: 41183
Test:  [3200/7958]  eta: 0:16:45  loss: 4.2315 (3.2085)  acc1: 6.2500 (31.8943)  acc5: 43.7500 (58.2025)  time: 0.2116  data: 0.0003  max mem: 41183
Test:  [3300/7958]  eta: 0:16:24  loss: 3.8310 (3.2168)  acc1: 18.7500 (31.8066)  acc5: 43.7500 (58.0336)  time: 0.2110  data: 0.0003  max mem: 41183
Test:  [3400/7958]  eta: 0:16:03  loss: 2.4840 (3.1994)  acc1: 43.7500 (32.1597)  acc5: 75.0000 (58.3450)  time: 0.2109  data: 0.0003  max mem: 41183
Test:  [3500/7958]  eta: 0:15:42  loss: 3.2050 (3.1936)  acc1: 25.0000 (32.1408)  acc5: 50.0000 (58.4851)  time: 0.2110  data: 0.0003  max mem: 41183
Test:  [3600/7958]  eta: 0:15:21  loss: 3.3281 (3.2008)  acc1: 25.0000 (32.0067)  acc5: 50.0000 (58.4161)  time: 0.2107  data: 0.0003  max mem: 41183
Test:  [3700/7958]  eta: 0:15:00  loss: 4.0406 (3.1969)  acc1: 12.5000 (32.0488)  acc5: 43.7500 (58.5365)  time: 0.2112  data: 0.0003  max mem: 41183
Test:  [3800/7958]  eta: 0:14:38  loss: 2.5311 (3.1967)  acc1: 31.2500 (31.9949)  acc5: 68.7500 (58.5931)  time: 0.2112  data: 0.0003  max mem: 41183
Test:  [3900/7958]  eta: 0:14:17  loss: 2.6965 (3.1871)  acc1: 31.2500 (32.1584)  acc5: 62.5000 (58.7766)  time: 0.2114  data: 0.0003  max mem: 41183
Test:  [4000/7958]  eta: 0:13:56  loss: 3.1797 (3.1874)  acc1: 25.0000 (32.1013)  acc5: 62.5000 (58.7806)  time: 0.2114  data: 0.0003  max mem: 41183
Test:  [4100/7958]  eta: 0:13:35  loss: 2.5986 (3.1812)  acc1: 50.0000 (32.2696)  acc5: 68.7500 (58.8545)  time: 0.2115  data: 0.0003  max mem: 41183
Test:  [4200/7958]  eta: 0:13:14  loss: 2.3835 (3.1713)  acc1: 37.5000 (32.4863)  acc5: 68.7500 (59.0261)  time: 0.2113  data: 0.0003  max mem: 41183
Test:  [4300/7958]  eta: 0:12:53  loss: 3.8883 (3.1620)  acc1: 12.5000 (32.6232)  acc5: 50.0000 (59.1868)  time: 0.2110  data: 0.0003  max mem: 41183
Test:  [4400/7958]  eta: 0:12:31  loss: 2.7486 (3.1691)  acc1: 43.7500 (32.6176)  acc5: 68.7500 (59.0562)  time: 0.2112  data: 0.0003  max mem: 41183
Test:  [4500/7958]  eta: 0:12:10  loss: 3.1825 (3.1725)  acc1: 37.5000 (32.5317)  acc5: 62.5000 (58.9702)  time: 0.2109  data: 0.0003  max mem: 41183
Test:  [4600/7958]  eta: 0:11:49  loss: 3.9300 (3.1842)  acc1: 18.7500 (32.3938)  acc5: 43.7500 (58.7495)  time: 0.2108  data: 0.0003  max mem: 41183
Test:  [4700/7958]  eta: 0:11:28  loss: 3.0780 (3.1812)  acc1: 31.2500 (32.4240)  acc5: 56.2500 (58.7987)  time: 0.2110  data: 0.0003  max mem: 41183
Test:  [4800/7958]  eta: 0:11:07  loss: 2.3801 (3.1760)  acc1: 50.0000 (32.5141)  acc5: 81.2500 (58.9343)  time: 0.2116  data: 0.0003  max mem: 41183
Test:  [4900/7958]  eta: 0:10:46  loss: 3.0334 (3.1765)  acc1: 31.2500 (32.5048)  acc5: 62.5000 (58.8949)  time: 0.2114  data: 0.0003  max mem: 41183
Test:  [5000/7958]  eta: 0:10:25  loss: 2.9289 (3.1713)  acc1: 18.7500 (32.4885)  acc5: 62.5000 (59.0319)  time: 0.2115  data: 0.0003  max mem: 41183
Test:  [5100/7958]  eta: 0:10:03  loss: 3.7960 (3.1683)  acc1: 18.7500 (32.4544)  acc5: 43.7500 (59.0950)  time: 0.2111  data: 0.0003  max mem: 41183
Test:  [5200/7958]  eta: 0:09:42  loss: 2.2984 (3.1635)  acc1: 50.0000 (32.5142)  acc5: 81.2500 (59.2002)  time: 0.2110  data: 0.0003  max mem: 41183
Test:  [5300/7958]  eta: 0:09:21  loss: 4.1704 (3.1637)  acc1: 18.7500 (32.5917)  acc5: 37.5000 (59.2270)  time: 0.2110  data: 0.0003  max mem: 41183
Test:  [5400/7958]  eta: 0:09:00  loss: 3.6562 (3.1618)  acc1: 18.7500 (32.6490)  acc5: 56.2500 (59.2761)  time: 0.2109  data: 0.0003  max mem: 41183
Test:  [5500/7958]  eta: 0:08:39  loss: 2.9057 (3.1667)  acc1: 25.0000 (32.5782)  acc5: 62.5000 (59.1733)  time: 0.2109  data: 0.0003  max mem: 41183
Test:  [5600/7958]  eta: 0:08:18  loss: 3.1340 (3.1712)  acc1: 18.7500 (32.5511)  acc5: 62.5000 (59.0888)  time: 0.2112  data: 0.0003  max mem: 41183
Test:  [5700/7958]  eta: 0:07:57  loss: 2.8165 (3.1712)  acc1: 31.2500 (32.4614)  acc5: 68.7500 (59.1420)  time: 0.2117  data: 0.0003  max mem: 41183
Test:  [5800/7958]  eta: 0:07:36  loss: 3.0679 (3.1736)  acc1: 18.7500 (32.4007)  acc5: 56.2500 (59.0717)  time: 0.2116  data: 0.0003  max mem: 41183
Test:  [5900/7958]  eta: 0:07:14  loss: 3.0523 (3.1683)  acc1: 31.2500 (32.5178)  acc5: 62.5000 (59.1605)  time: 0.2115  data: 0.0003  max mem: 41183
Test:  [6000/7958]  eta: 0:06:53  loss: 2.7605 (3.1732)  acc1: 37.5000 (32.4644)  acc5: 62.5000 (59.0495)  time: 0.2109  data: 0.0003  max mem: 41183
Test:  [6100/7958]  eta: 0:06:32  loss: 3.6494 (3.1753)  acc1: 18.7500 (32.4383)  acc5: 50.0000 (58.9975)  time: 0.2113  data: 0.0003  max mem: 41183
Test:  [6200/7958]  eta: 0:06:11  loss: 3.3145 (3.1801)  acc1: 18.7500 (32.4161)  acc5: 56.2500 (58.9058)  time: 0.2108  data: 0.0003  max mem: 41183
Test:  [6300/7958]  eta: 0:05:50  loss: 2.3185 (3.1744)  acc1: 43.7500 (32.5345)  acc5: 75.0000 (59.0025)  time: 0.2108  data: 0.0003  max mem: 41183
Test:  [6400/7958]  eta: 0:05:29  loss: 1.3856 (3.1683)  acc1: 68.7500 (32.6365)  acc5: 81.2500 (59.1109)  time: 0.2110  data: 0.0003  max mem: 41183
Test:  [6500/7958]  eta: 0:05:08  loss: 2.2680 (3.1662)  acc1: 43.7500 (32.6892)  acc5: 81.2500 (59.1496)  time: 0.2110  data: 0.0003  max mem: 41183
Test:  [6600/7958]  eta: 0:04:46  loss: 4.3517 (3.1765)  acc1: 12.5000 (32.5377)  acc5: 31.2500 (58.9551)  time: 0.2114  data: 0.0003  max mem: 41183
Test:  [6700/7958]  eta: 0:04:25  loss: 2.3818 (3.1785)  acc1: 43.7500 (32.4746)  acc5: 75.0000 (58.9567)  time: 0.2114  data: 0.0003  max mem: 41183
Test:  [6800/7958]  eta: 0:04:04  loss: 3.1011 (3.1738)  acc1: 12.5000 (32.5412)  acc5: 62.5000 (59.0648)  time: 0.2114  data: 0.0003  max mem: 41183
Test:  [6900/7958]  eta: 0:03:43  loss: 3.6820 (3.1671)  acc1: 25.0000 (32.6891)  acc5: 56.2500 (59.1780)  time: 0.2112  data: 0.0003  max mem: 41183
Test:  [7000/7958]  eta: 0:03:22  loss: 2.6475 (3.1652)  acc1: 37.5000 (32.7694)  acc5: 68.7500 (59.2031)  time: 0.2110  data: 0.0003  max mem: 41183
Test:  [7100/7958]  eta: 0:03:01  loss: 1.9242 (3.1667)  acc1: 62.5000 (32.7788)  acc5: 81.2500 (59.1651)  time: 0.2110  data: 0.0003  max mem: 41183
Test:  [7200/7958]  eta: 0:02:40  loss: 3.5715 (3.1714)  acc1: 18.7500 (32.6595)  acc5: 43.7500 (59.0595)  time: 0.2110  data: 0.0003  max mem: 41183
Test:  [7300/7958]  eta: 0:02:19  loss: 3.6305 (3.1613)  acc1: 12.5000 (32.8619)  acc5: 62.5000 (59.2504)  time: 0.2110  data: 0.0003  max mem: 41183
Test:  [7400/7958]  eta: 0:01:57  loss: 4.1275 (3.1710)  acc1: 6.2500 (32.7025)  acc5: 31.2500 (59.0554)  time: 0.2110  data: 0.0003  max mem: 41183
Test:  [7500/7958]  eta: 0:01:36  loss: 3.2712 (3.1808)  acc1: 12.5000 (32.5482)  acc5: 68.7500 (58.8472)  time: 0.2117  data: 0.0003  max mem: 41183
Test:  [7600/7958]  eta: 0:01:15  loss: 1.9902 (3.1823)  acc1: 62.5000 (32.5755)  acc5: 81.2500 (58.8048)  time: 0.2116  data: 0.0003  max mem: 41183
Test:  [7700/7958]  eta: 0:00:54  loss: 2.5585 (3.1815)  acc1: 37.5000 (32.5875)  acc5: 68.7500 (58.8187)  time: 0.2114  data: 0.0003  max mem: 41183
Test:  [7800/7958]  eta: 0:00:33  loss: 2.3054 (3.1745)  acc1: 50.0000 (32.6561)  acc5: 81.2500 (58.9796)  time: 0.2109  data: 0.0003  max mem: 41183
Test:  [7900/7958]  eta: 0:00:12  loss: 1.9174 (3.1734)  acc1: 62.5000 (32.7419)  acc5: 75.0000 (58.9870)  time: 0.2112  data: 0.0003  max mem: 41183
Test: Total time: 0:28:01
 * Acc@1 = 32.77755089218397, Acc@5 = 58.992523247047, loss = 3.1734729482927837
Namespace(model='QKFormer_10_768', dataset='es-imagenet', num_classes=1000, data_path='/model/es-imagenet', device='cuda', batch_size=16, workers=4, print_freq=3072, output_dir='./logs4', resume='', sync_bn=False, test_only=False, amp=True, world_size=1, dist_url='env://', tb=True, T=8, opt='adamw', opt_eps=1e-08, opt_betas=None, weight_decay=0.01, momentum=0.9, connect_f='ADD', T_train=None, sched='cosine', lr=0.0005, lr_noise=None, lr_noise_pct=0.67, lr_noise_std=1.0, lr_cycle_mul=1.0, lr_cycle_limit=1, warmup_lr=1e-05, min_lr=1e-06, epochs=100, epoch_repeats=0.0, start_epoch=0, decay_epochs=20, warmup_epochs=20, cooldown_epochs=10, patience_epochs=10, decay_rate=0.1, smoothing=0.1, mixup=0.5, cutmix=0.0, cutmix_minmax=None, mixup_prob=0.5, mixup_switch_prob=0.5, mixup_mode='batch', mixup_off_epoch=0, grad_clip=5.0, distributed=False)
Training time 2 days, 16:15:05 max_test_acc1 32.77755089218397 test_acc5_at_max_test_acc1 58.992523247047
./logs4/QKFormer_10_768_b16_T8_wd0.01_adamw_cnf_ADD/lr0.0005
Epoch: [7]  [    0/71874]  eta: 20:13:25  lr: 0.0001815  img/s: 43.08769145326309  loss: 4.2911 (4.2911)  acc1: 25.0000 (25.0000)  acc5: 50.0000 (50.0000)  time: 1.0130  data: 0.6416  max mem: 41183
Epoch: [7]  [ 3072/71874]  eta: 7:03:10  lr: 0.0001815  img/s: 43.86633190595935  loss: 4.2685 (4.4568)  acc1: 25.0000 (26.9281)  acc5: 50.0000 (50.5735)  time: 0.3671  data: 0.0002  max mem: 41183
Epoch: [7]  [ 6144/71874]  eta: 6:43:43  lr: 0.0001815  img/s: 43.45542457335453  loss: 4.2396 (4.4418)  acc1: 25.0000 (27.0759)  acc5: 50.0000 (50.8757)  time: 0.3680  data: 0.0002  max mem: 41183
Epoch: [7]  [ 9216/71874]  eta: 6:25:02  lr: 0.0001815  img/s: 43.022115318658166  loss: 4.0750 (4.4315)  acc1: 31.2500 (27.2248)  acc5: 50.0000 (51.0104)  time: 0.3685  data: 0.0002  max mem: 41183
Epoch: [7]  [12288/71874]  eta: 6:06:12  lr: 0.0001815  img/s: 43.77802320385405  loss: 4.1171 (4.4311)  acc1: 18.7500 (27.1122)  acc5: 56.2500 (50.9806)  time: 0.3677  data: 0.0002  max mem: 41183
Epoch: [7]  [15360/71874]  eta: 5:47:11  lr: 0.0001815  img/s: 43.66172940069667  loss: 4.3106 (4.4263)  acc1: 25.0000 (27.1833)  acc5: 50.0000 (51.0469)  time: 0.3666  data: 0.0002  max mem: 41183
Epoch: [7]  [18432/71874]  eta: 5:28:09  lr: 0.0001815  img/s: 43.75721409643833  loss: 4.2682 (4.4262)  acc1: 25.0000 (27.1629)  acc5: 50.0000 (51.0809)  time: 0.3671  data: 0.0002  max mem: 41183
Epoch: [7]  [21504/71874]  eta: 5:09:17  lr: 0.0001815  img/s: 43.80914530572917  loss: 4.3558 (4.4283)  acc1: 25.0000 (27.1376)  acc5: 50.0000 (51.0323)  time: 0.3673  data: 0.0002  max mem: 41183
Epoch: [7]  [24576/71874]  eta: 4:50:24  lr: 0.0001815  img/s: 43.650483214020426  loss: 4.3867 (4.4286)  acc1: 25.0000 (27.1494)  acc5: 50.0000 (51.0823)  time: 0.3738  data: 0.0002  max mem: 41183
Epoch: [7]  [27648/71874]  eta: 4:31:34  lr: 0.0001815  img/s: 43.431688259913706  loss: 4.3162 (4.4273)  acc1: 25.0000 (27.2017)  acc5: 50.0000 (51.1183)  time: 0.3671  data: 0.0002  max mem: 41183
Epoch: [7]  [30720/71874]  eta: 4:12:44  lr: 0.0001815  img/s: 43.59045969194514  loss: 4.2732 (4.4218)  acc1: 31.2500 (27.3099)  acc5: 50.0000 (51.2463)  time: 0.3679  data: 0.0002  max mem: 41183
Epoch: [7]  [33792/71874]  eta: 3:53:53  lr: 0.0001815  img/s: 43.34175985636462  loss: 3.9241 (4.4166)  acc1: 25.0000 (27.3786)  acc5: 56.2500 (51.3607)  time: 0.3687  data: 0.0002  max mem: 41183
Epoch: [7]  [36864/71874]  eta: 3:35:05  lr: 0.0001815  img/s: 43.409746820704555  loss: 4.2961 (4.4130)  acc1: 31.2500 (27.4717)  acc5: 56.2500 (51.4529)  time: 0.3696  data: 0.0002  max mem: 41183
Epoch: [7]  [39936/71874]  eta: 3:16:15  lr: 0.0001815  img/s: 43.648439075217595  loss: 4.1578 (4.4100)  acc1: 25.0000 (27.5568)  acc5: 50.0000 (51.5298)  time: 0.3688  data: 0.0002  max mem: 41183
Epoch: [7]  [43008/71874]  eta: 2:57:24  lr: 0.0001815  img/s: 43.547097330156305  loss: 4.1830 (4.4051)  acc1: 31.2500 (27.6346)  acc5: 56.2500 (51.6438)  time: 0.3692  data: 0.0002  max mem: 41183
Epoch: [7]  [46080/71874]  eta: 2:38:33  lr: 0.0001815  img/s: 43.439278809027705  loss: 4.2644 (4.4017)  acc1: 25.0000 (27.7377)  acc5: 50.0000 (51.7437)  time: 0.3736  data: 0.0002  max mem: 41183
Epoch: [7]  [49152/71874]  eta: 2:19:42  lr: 0.0001815  img/s: 43.53415909730773  loss: 3.7733 (4.3986)  acc1: 31.2500 (27.8057)  acc5: 56.2500 (51.8289)  time: 0.3685  data: 0.0002  max mem: 41183
Epoch: [7]  [52224/71874]  eta: 2:00:50  lr: 0.0001815  img/s: 43.43919445501692  loss: 4.3039 (4.3955)  acc1: 25.0000 (27.8643)  acc5: 50.0000 (51.9006)  time: 0.3734  data: 0.0002  max mem: 41183
Epoch: [7]  [55296/71874]  eta: 1:41:58  lr: 0.0001815  img/s: 43.42123451422197  loss: 3.9326 (4.3935)  acc1: 25.0000 (27.9261)  acc5: 56.2500 (51.9546)  time: 0.3686  data: 0.0002  max mem: 41183
Epoch: [7]  [58368/71874]  eta: 1:23:05  lr: 0.0001815  img/s: 43.52258335646449  loss: 3.9346 (4.3904)  acc1: 31.2500 (27.9928)  acc5: 56.2500 (52.0321)  time: 0.3739  data: 0.0002  max mem: 41183
Epoch: [7]  [61440/71874]  eta: 1:04:11  lr: 0.0001815  img/s: 43.23882655917879  loss: 3.7610 (4.3865)  acc1: 25.0000 (28.0569)  acc5: 56.2500 (52.1212)  time: 0.3699  data: 0.0002  max mem: 41183
Epoch: [7]  [64512/71874]  eta: 0:45:18  lr: 0.0001815  img/s: 43.44304695566611  loss: 4.3791 (4.3818)  acc1: 31.2500 (28.1485)  acc5: 50.0000 (52.2399)  time: 0.3738  data: 0.0002  max mem: 41183
Epoch: [7]  [67584/71874]  eta: 0:26:23  lr: 0.0001815  img/s: 43.269632856334134  loss: 4.2402 (4.3764)  acc1: 31.2500 (28.2531)  acc5: 50.0000 (52.3579)  time: 0.3697  data: 0.0002  max mem: 41183
Epoch: [7]  [70656/71874]  eta: 0:07:29  lr: 0.0001815  img/s: 43.52678943794295  loss: 3.8467 (4.3716)  acc1: 31.2500 (28.3392)  acc5: 56.2500 (52.4523)  time: 0.3689  data: 0.0002  max mem: 41183
Epoch: [7] Total time: 7:22:20
Test:  [   0/7958]  eta: 1:46:00  loss: 0.8046 (0.8046)  acc1: 87.5000 (87.5000)  acc5: 93.7500 (93.7500)  time: 0.7993  data: 0.5899  max mem: 41183
Test:  [ 100/7958]  eta: 0:28:25  loss: 2.0284 (2.2658)  acc1: 56.2500 (53.5272)  acc5: 81.2500 (75.7426)  time: 0.2115  data: 0.0003  max mem: 41183
Test:  [ 200/7958]  eta: 0:27:42  loss: 3.4827 (2.6344)  acc1: 18.7500 (44.6517)  acc5: 50.0000 (69.2164)  time: 0.2115  data: 0.0004  max mem: 41183
Test:  [ 300/7958]  eta: 0:27:13  loss: 1.9838 (2.7722)  acc1: 43.7500 (41.3621)  acc5: 75.0000 (66.6321)  time: 0.2111  data: 0.0003  max mem: 41183
Test:  [ 400/7958]  eta: 0:26:48  loss: 1.5157 (2.5524)  acc1: 56.2500 (44.8410)  acc5: 87.5000 (70.2618)  time: 0.2112  data: 0.0003  max mem: 41183
Test:  [ 500/7958]  eta: 0:26:24  loss: 2.3918 (2.5323)  acc1: 43.7500 (45.3593)  acc5: 68.7500 (70.5215)  time: 0.2109  data: 0.0003  max mem: 41183
Test:  [ 600/7958]  eta: 0:26:02  loss: 3.5357 (2.6516)  acc1: 12.5000 (42.2317)  acc5: 43.7500 (68.1260)  time: 0.2112  data: 0.0003  max mem: 41183
Test:  [ 700/7958]  eta: 0:25:40  loss: 2.9759 (2.7175)  acc1: 31.2500 (40.3976)  acc5: 62.5000 (67.0025)  time: 0.2116  data: 0.0003  max mem: 41183
Test:  [ 800/7958]  eta: 0:25:18  loss: 2.6332 (2.7702)  acc1: 37.5000 (39.2322)  acc5: 62.5000 (65.8630)  time: 0.2114  data: 0.0003  max mem: 41183
Test:  [ 900/7958]  eta: 0:24:56  loss: 2.8620 (2.8219)  acc1: 37.5000 (37.9925)  acc5: 68.7500 (65.0943)  time: 0.2117  data: 0.0003  max mem: 41183
Test:  [1000/7958]  eta: 0:24:34  loss: 3.2186 (2.8810)  acc1: 18.7500 (36.4323)  acc5: 50.0000 (63.8986)  time: 0.2115  data: 0.0003  max mem: 41183
Test:  [1100/7958]  eta: 0:24:12  loss: 2.9151 (2.9285)  acc1: 25.0000 (35.4394)  acc5: 68.7500 (63.0052)  time: 0.2112  data: 0.0003  max mem: 41183
Test:  [1200/7958]  eta: 0:23:51  loss: 2.8211 (2.9367)  acc1: 31.2500 (34.9604)  acc5: 75.0000 (62.8539)  time: 0.2110  data: 0.0003  max mem: 41183
Test:  [1300/7958]  eta: 0:23:30  loss: 3.0419 (2.9447)  acc1: 25.0000 (34.3246)  acc5: 62.5000 (62.7546)  time: 0.2111  data: 0.0003  max mem: 41183
Test:  [1400/7958]  eta: 0:23:08  loss: 3.3195 (2.9535)  acc1: 18.7500 (34.2032)  acc5: 62.5000 (62.6918)  time: 0.2112  data: 0.0003  max mem: 41183
Test:  [1500/7958]  eta: 0:22:47  loss: 3.0937 (2.9743)  acc1: 25.0000 (33.7858)  acc5: 62.5000 (62.3751)  time: 0.2112  data: 0.0003  max mem: 41183
Test:  [1600/7958]  eta: 0:22:26  loss: 2.9258 (2.9713)  acc1: 25.0000 (33.7367)  acc5: 68.7500 (62.3868)  time: 0.2118  data: 0.0003  max mem: 41183
Test:  [1700/7958]  eta: 0:22:04  loss: 1.6828 (2.9449)  acc1: 56.2500 (34.1931)  acc5: 81.2500 (63.1430)  time: 0.2116  data: 0.0003  max mem: 41183
Test:  [1800/7958]  eta: 0:21:43  loss: 1.4177 (2.9067)  acc1: 75.0000 (35.2027)  acc5: 87.5000 (63.7632)  time: 0.2114  data: 0.0003  max mem: 41183
Test:  [1900/7958]  eta: 0:21:22  loss: 2.5268 (2.8939)  acc1: 43.7500 (35.2873)  acc5: 75.0000 (64.1307)  time: 0.2115  data: 0.0003  max mem: 41183
Test:  [2000/7958]  eta: 0:21:00  loss: 0.9616 (2.8540)  acc1: 81.2500 (36.2787)  acc5: 93.7500 (64.8051)  time: 0.2111  data: 0.0003  max mem: 41183
Test:  [2100/7958]  eta: 0:20:39  loss: 2.9444 (2.8313)  acc1: 31.2500 (36.8337)  acc5: 68.7500 (65.2784)  time: 0.2113  data: 0.0003  max mem: 41183
Test:  [2200/7958]  eta: 0:20:18  loss: 3.3073 (2.8375)  acc1: 18.7500 (36.7787)  acc5: 62.5000 (65.1976)  time: 0.2112  data: 0.0003  max mem: 41183
Test:  [2300/7958]  eta: 0:19:57  loss: 3.8396 (2.8390)  acc1: 25.0000 (36.8209)  acc5: 56.2500 (65.2760)  time: 0.2113  data: 0.0003  max mem: 41183
Test:  [2400/7958]  eta: 0:19:36  loss: 3.2643 (2.8406)  acc1: 18.7500 (36.8544)  acc5: 56.2500 (65.1630)  time: 0.2113  data: 0.0003  max mem: 41183
Test:  [2500/7958]  eta: 0:19:14  loss: 3.4075 (2.8564)  acc1: 18.7500 (36.5029)  acc5: 56.2500 (64.8416)  time: 0.2119  data: 0.0003  max mem: 41183
Test:  [2600/7958]  eta: 0:18:53  loss: 3.3740 (2.8436)  acc1: 25.0000 (36.8080)  acc5: 62.5000 (65.0375)  time: 0.2113  data: 0.0003  max mem: 41183
Test:  [2700/7958]  eta: 0:18:32  loss: 2.0219 (2.8322)  acc1: 56.2500 (37.1598)  acc5: 75.0000 (65.3115)  time: 0.2118  data: 0.0003  max mem: 41183
Test:  [2800/7958]  eta: 0:18:11  loss: 3.2389 (2.8146)  acc1: 31.2500 (37.5937)  acc5: 56.2500 (65.6507)  time: 0.2115  data: 0.0003  max mem: 41183
Test:  [2900/7958]  eta: 0:17:50  loss: 2.3790 (2.8195)  acc1: 50.0000 (37.6874)  acc5: 75.0000 (65.5162)  time: 0.2113  data: 0.0003  max mem: 41183
Test:  [3000/7958]  eta: 0:17:28  loss: 2.2326 (2.8127)  acc1: 37.5000 (37.8353)  acc5: 87.5000 (65.7385)  time: 0.2109  data: 0.0003  max mem: 41183
Test:  [3100/7958]  eta: 0:17:07  loss: 3.0505 (2.8129)  acc1: 31.2500 (37.8991)  acc5: 62.5000 (65.7409)  time: 0.2112  data: 0.0003  max mem: 41183
Test:  [3200/7958]  eta: 0:16:46  loss: 3.2535 (2.8168)  acc1: 18.7500 (37.8300)  acc5: 56.2500 (65.7060)  time: 0.2113  data: 0.0003  max mem: 41183
Test:  [3300/7958]  eta: 0:16:25  loss: 3.6342 (2.8363)  acc1: 25.0000 (37.5095)  acc5: 50.0000 (65.3666)  time: 0.2111  data: 0.0003  max mem: 41183
Test:  [3400/7958]  eta: 0:16:04  loss: 3.3300 (2.8337)  acc1: 25.0000 (37.6433)  acc5: 56.2500 (65.3778)  time: 0.2117  data: 0.0003  max mem: 41183
Test:  [3500/7958]  eta: 0:15:42  loss: 3.2989 (2.8335)  acc1: 18.7500 (37.7999)  acc5: 50.0000 (65.4170)  time: 0.2115  data: 0.0003  max mem: 41183
Test:  [3600/7958]  eta: 0:15:21  loss: 2.8129 (2.8417)  acc1: 31.2500 (37.7256)  acc5: 62.5000 (65.3273)  time: 0.2116  data: 0.0003  max mem: 41183
Test:  [3700/7958]  eta: 0:15:00  loss: 2.9031 (2.8452)  acc1: 43.7500 (37.6554)  acc5: 68.7500 (65.3827)  time: 0.2112  data: 0.0003  max mem: 41183
Test:  [3800/7958]  eta: 0:14:39  loss: 2.4774 (2.8427)  acc1: 37.5000 (37.7351)  acc5: 81.2500 (65.4729)  time: 0.2113  data: 0.0003  max mem: 41183
Test:  [3900/7958]  eta: 0:14:18  loss: 2.1934 (2.8333)  acc1: 43.7500 (37.9550)  acc5: 75.0000 (65.6530)  time: 0.2110  data: 0.0003  max mem: 41183
Test:  [4000/7958]  eta: 0:13:57  loss: 2.8141 (2.8341)  acc1: 31.2500 (37.9233)  acc5: 75.0000 (65.5945)  time: 0.2111  data: 0.0003  max mem: 41183
Test:  [4100/7958]  eta: 0:13:35  loss: 1.4712 (2.8277)  acc1: 75.0000 (38.0867)  acc5: 87.5000 (65.6882)  time: 0.2112  data: 0.0003  max mem: 41183
Test:  [4200/7958]  eta: 0:13:14  loss: 3.0927 (2.8272)  acc1: 31.2500 (38.1472)  acc5: 62.5000 (65.7046)  time: 0.2114  data: 0.0003  max mem: 41183
Test:  [4300/7958]  eta: 0:12:53  loss: 3.2768 (2.8234)  acc1: 25.0000 (38.2615)  acc5: 56.2500 (65.7609)  time: 0.2115  data: 0.0003  max mem: 41183
Test:  [4400/7958]  eta: 0:12:32  loss: 2.6731 (2.8289)  acc1: 37.5000 (38.2768)  acc5: 68.7500 (65.6456)  time: 0.2119  data: 0.0003  max mem: 41183
Test:  [4500/7958]  eta: 0:12:11  loss: 3.2911 (2.8409)  acc1: 31.2500 (38.1151)  acc5: 62.5000 (65.4146)  time: 0.2114  data: 0.0003  max mem: 41183
Test:  [4600/7958]  eta: 0:11:50  loss: 3.8820 (2.8461)  acc1: 18.7500 (38.0800)  acc5: 50.0000 (65.3051)  time: 0.2112  data: 0.0003  max mem: 41183
Test:  [4700/7958]  eta: 0:11:28  loss: 2.6426 (2.8546)  acc1: 31.2500 (37.9082)  acc5: 62.5000 (65.1803)  time: 0.2109  data: 0.0003  max mem: 41183
Test:  [4800/7958]  eta: 0:11:07  loss: 2.2988 (2.8512)  acc1: 43.7500 (37.9634)  acc5: 81.2500 (65.2559)  time: 0.2112  data: 0.0003  max mem: 41183
Test:  [4900/7958]  eta: 0:10:46  loss: 3.4851 (2.8587)  acc1: 31.2500 (37.8915)  acc5: 43.7500 (65.0990)  time: 0.2111  data: 0.0003  max mem: 41183
Test:  [5000/7958]  eta: 0:10:25  loss: 2.8917 (2.8575)  acc1: 18.7500 (37.7699)  acc5: 68.7500 (65.1845)  time: 0.2111  data: 0.0003  max mem: 41183
Test:  [5100/7958]  eta: 0:10:04  loss: 3.8890 (2.8532)  acc1: 18.7500 (37.8492)  acc5: 43.7500 (65.3230)  time: 0.2113  data: 0.0003  max mem: 41183
Test:  [5200/7958]  eta: 0:09:43  loss: 1.1736 (2.8470)  acc1: 75.0000 (38.0095)  acc5: 87.5000 (65.3997)  time: 0.2115  data: 0.0003  max mem: 41183
Test:  [5300/7958]  eta: 0:09:22  loss: 3.7666 (2.8500)  acc1: 25.0000 (38.0023)  acc5: 50.0000 (65.3414)  time: 0.2114  data: 0.0003  max mem: 41183
Test:  [5400/7958]  eta: 0:09:00  loss: 2.6686 (2.8518)  acc1: 43.7500 (37.9779)  acc5: 75.0000 (65.3224)  time: 0.2117  data: 0.0003  max mem: 41183
Test:  [5500/7958]  eta: 0:08:39  loss: 2.2972 (2.8525)  acc1: 37.5000 (38.0067)  acc5: 75.0000 (65.3120)  time: 0.2109  data: 0.0003  max mem: 41183
Test:  [5600/7958]  eta: 0:08:18  loss: 3.7011 (2.8591)  acc1: 18.7500 (37.9586)  acc5: 37.5000 (65.1926)  time: 0.2110  data: 0.0003  max mem: 41183
Test:  [5700/7958]  eta: 0:07:57  loss: 2.8904 (2.8641)  acc1: 37.5000 (37.7971)  acc5: 62.5000 (65.1826)  time: 0.2112  data: 0.0003  max mem: 41183
Test:  [5800/7958]  eta: 0:07:36  loss: 2.7570 (2.8635)  acc1: 31.2500 (37.8038)  acc5: 68.7500 (65.1935)  time: 0.2110  data: 0.0003  max mem: 41183
Test:  [5900/7958]  eta: 0:07:15  loss: 3.0737 (2.8626)  acc1: 31.2500 (37.8379)  acc5: 56.2500 (65.1987)  time: 0.2111  data: 0.0003  max mem: 41183
Test:  [6000/7958]  eta: 0:06:53  loss: 2.5909 (2.8657)  acc1: 43.7500 (37.8135)  acc5: 68.7500 (65.1662)  time: 0.2114  data: 0.0003  max mem: 41183
Test:  [6100/7958]  eta: 0:06:32  loss: 3.1018 (2.8651)  acc1: 31.2500 (37.8667)  acc5: 68.7500 (65.1922)  time: 0.2119  data: 0.0003  max mem: 41183
Test:  [6200/7958]  eta: 0:06:11  loss: 2.9638 (2.8711)  acc1: 25.0000 (37.8205)  acc5: 62.5000 (65.0903)  time: 0.2116  data: 0.0003  max mem: 41183
Test:  [6300/7958]  eta: 0:05:50  loss: 2.5365 (2.8687)  acc1: 31.2500 (37.8462)  acc5: 75.0000 (65.1484)  time: 0.2115  data: 0.0003  max mem: 41183
Test:  [6400/7958]  eta: 0:05:29  loss: 1.7962 (2.8631)  acc1: 56.2500 (38.0312)  acc5: 87.5000 (65.1724)  time: 0.2112  data: 0.0003  max mem: 41183
Test:  [6500/7958]  eta: 0:05:08  loss: 1.8947 (2.8603)  acc1: 56.2500 (38.1095)  acc5: 87.5000 (65.2111)  time: 0.2111  data: 0.0003  max mem: 41183
Test:  [6600/7958]  eta: 0:04:47  loss: 4.3433 (2.8730)  acc1: 12.5000 (37.9261)  acc5: 31.2500 (64.9636)  time: 0.2110  data: 0.0003  max mem: 41183
Test:  [6700/7958]  eta: 0:04:25  loss: 2.2857 (2.8704)  acc1: 56.2500 (37.9869)  acc5: 81.2500 (65.0341)  time: 0.2109  data: 0.0003  max mem: 41183
Test:  [6800/7958]  eta: 0:04:04  loss: 2.2869 (2.8708)  acc1: 50.0000 (38.0054)  acc5: 75.0000 (65.0419)  time: 0.2113  data: 0.0003  max mem: 41183
Test:  [6900/7958]  eta: 0:03:43  loss: 3.5826 (2.8677)  acc1: 25.0000 (38.0697)  acc5: 50.0000 (65.1183)  time: 0.2115  data: 0.0003  max mem: 41183
Test:  [7000/7958]  eta: 0:03:22  loss: 2.6071 (2.8664)  acc1: 31.2500 (38.1356)  acc5: 68.7500 (65.1264)  time: 0.2116  data: 0.0003  max mem: 41183
Test:  [7100/7958]  eta: 0:03:01  loss: 1.5399 (2.8655)  acc1: 68.7500 (38.1944)  acc5: 81.2500 (65.1264)  time: 0.2115  data: 0.0003  max mem: 41183
Test:  [7200/7958]  eta: 0:02:40  loss: 3.5791 (2.8712)  acc1: 25.0000 (38.1102)  acc5: 50.0000 (65.0274)  time: 0.2117  data: 0.0003  max mem: 41183
Test:  [7300/7958]  eta: 0:02:19  loss: 3.9773 (2.8641)  acc1: 6.2500 (38.2910)  acc5: 43.7500 (65.1452)  time: 0.2110  data: 0.0003  max mem: 41183
Test:  [7400/7958]  eta: 0:01:57  loss: 3.4468 (2.8730)  acc1: 25.0000 (38.1046)  acc5: 56.2500 (64.9862)  time: 0.2111  data: 0.0003  max mem: 41183
Test:  [7500/7958]  eta: 0:01:36  loss: 2.2374 (2.8737)  acc1: 43.7500 (38.1083)  acc5: 81.2500 (64.9572)  time: 0.2110  data: 0.0003  max mem: 41183
Test:  [7600/7958]  eta: 0:01:15  loss: 2.3588 (2.8729)  acc1: 56.2500 (38.1570)  acc5: 75.0000 (64.9791)  time: 0.2111  data: 0.0003  max mem: 41183
Test:  [7700/7958]  eta: 0:00:54  loss: 3.2077 (2.8768)  acc1: 18.7500 (38.0868)  acc5: 62.5000 (64.8990)  time: 0.2109  data: 0.0003  max mem: 41183
Test:  [7800/7958]  eta: 0:00:33  loss: 2.4948 (2.8764)  acc1: 37.5000 (38.0344)  acc5: 75.0000 (64.9556)  time: 0.2115  data: 0.0003  max mem: 41183
Test:  [7900/7958]  eta: 0:00:12  loss: 1.4783 (2.8714)  acc1: 68.7500 (38.1692)  acc5: 87.5000 (65.0052)  time: 0.2118  data: 0.0003  max mem: 41183
Test: Total time: 0:28:02
 * Acc@1 = 38.17070872078412, Acc@5 = 64.99827217893943, loss = 2.872133557227133
Namespace(model='QKFormer_10_768', dataset='es-imagenet', num_classes=1000, data_path='/model/es-imagenet', device='cuda', batch_size=16, workers=4, print_freq=3072, output_dir='./logs4', resume='', sync_bn=False, test_only=False, amp=True, world_size=1, dist_url='env://', tb=True, T=8, opt='adamw', opt_eps=1e-08, opt_betas=None, weight_decay=0.01, momentum=0.9, connect_f='ADD', T_train=None, sched='cosine', lr=0.0005, lr_noise=None, lr_noise_pct=0.67, lr_noise_std=1.0, lr_cycle_mul=1.0, lr_cycle_limit=1, warmup_lr=1e-05, min_lr=1e-06, epochs=100, epoch_repeats=0.0, start_epoch=0, decay_epochs=20, warmup_epochs=20, cooldown_epochs=10, patience_epochs=10, decay_rate=0.1, smoothing=0.1, mixup=0.5, cutmix=0.0, cutmix_minmax=None, mixup_prob=0.5, mixup_switch_prob=0.5, mixup_mode='batch', mixup_off_epoch=0, grad_clip=5.0, distributed=False)
Training time 3 days, 0:05:31 max_test_acc1 38.17070872078412 test_acc5_at_max_test_acc1 64.99827217893943
./logs4/QKFormer_10_768_b16_T8_wd0.01_adamw_cnf_ADD/lr0.0005
Epoch: [8]  [    0/71874]  eta: 1 day, 0:10:09  lr: 0.000206  img/s: 42.96952831964594  loss: 2.9253 (2.9253)  acc1: 37.5000 (37.5000)  acc5: 75.0000 (75.0000)  time: 1.2106  data: 0.8382  max mem: 41183
Epoch: [8]  [ 3072/71874]  eta: 7:04:05  lr: 0.000206  img/s: 43.640264434175634  loss: 4.2123 (4.2511)  acc1: 31.2500 (30.5463)  acc5: 56.2500 (55.4060)  time: 0.3684  data: 0.0002  max mem: 41183
Epoch: [8]  [ 6144/71874]  eta: 6:45:10  lr: 0.000206  img/s: 42.9451654354359  loss: 3.9356 (4.2566)  acc1: 31.2500 (30.3997)  acc5: 56.2500 (55.2034)  time: 0.3698  data: 0.0002  max mem: 41183
Epoch: [8]  [ 9216/71874]  eta: 6:26:19  lr: 0.000206  img/s: 43.601901597464014  loss: 4.0031 (4.2505)  acc1: 31.2500 (30.5373)  acc5: 56.2500 (55.3081)  time: 0.3676  data: 0.0002  max mem: 41183
Epoch: [8]  [12288/71874]  eta: 6:07:21  lr: 0.000206  img/s: 43.393073802451156  loss: 4.1575 (4.2535)  acc1: 25.0000 (30.4586)  acc5: 50.0000 (55.1855)  time: 0.3704  data: 0.0002  max mem: 41183
Epoch: [8]  [15360/71874]  eta: 5:48:32  lr: 0.000206  img/s: 43.16743019828665  loss: 3.9924 (4.2518)  acc1: 31.2500 (30.5595)  acc5: 56.2500 (55.2483)  time: 0.3695  data: 0.0002  max mem: 41183
Epoch: [8]  [18432/71874]  eta: 5:29:30  lr: 0.000206  img/s: 43.56159841511251  loss: 4.0263 (4.2516)  acc1: 31.2500 (30.5875)  acc5: 56.2500 (55.2396)  time: 0.3679  data: 0.0002  max mem: 41183
Epoch: [8]  [21504/71874]  eta: 5:10:29  lr: 0.000206  img/s: 43.490175823563376  loss: 3.9946 (4.2502)  acc1: 25.0000 (30.5702)  acc5: 56.2500 (55.2351)  time: 0.3698  data: 0.0002  max mem: 41183
Epoch: [8]  [24576/71874]  eta: 4:51:31  lr: 0.000206  img/s: 43.44625320705588  loss: 3.7968 (4.2502)  acc1: 31.2500 (30.5222)  acc5: 62.5000 (55.2180)  time: 0.3694  data: 0.0002  max mem: 41183
Epoch: [8]  [27648/71874]  eta: 4:32:34  lr: 0.000206  img/s: 43.607398112848315  loss: 4.0791 (4.2466)  acc1: 31.2500 (30.5979)  acc5: 56.2500 (55.2884)  time: 0.3737  data: 0.0002  max mem: 41183
Epoch: [8]  [30720/71874]  eta: 4:13:37  lr: 0.000206  img/s: 43.58425978243221  loss: 4.0632 (4.2434)  acc1: 31.2500 (30.7192)  acc5: 56.2500 (55.3831)  time: 0.3677  data: 0.0002  max mem: 41183
Epoch: [8]  [33792/71874]  eta: 3:54:39  lr: 0.000206  img/s: 43.64156990052857  loss: 4.0359 (4.2411)  acc1: 25.0000 (30.7608)  acc5: 50.0000 (55.4013)  time: 0.3742  data: 0.0002  max mem: 41183
Epoch: [8]  [36864/71874]  eta: 3:35:40  lr: 0.000206  img/s: 43.50881342306246  loss: 3.8613 (4.2391)  acc1: 31.2500 (30.8077)  acc5: 56.2500 (55.4454)  time: 0.3693  data: 0.0002  max mem: 41183
Epoch: [8]  [39936/71874]  eta: 3:16:44  lr: 0.000206  img/s: 43.448869183735304  loss: 4.1668 (4.2385)  acc1: 25.0000 (30.8162)  acc5: 56.2500 (55.4869)  time: 0.3679  data: 0.0002  max mem: 41183
Epoch: [8]  [43008/71874]  eta: 2:57:49  lr: 0.000206  img/s: 43.65085231504337  loss: 4.0770 (4.2379)  acc1: 31.2500 (30.8372)  acc5: 56.2500 (55.4962)  time: 0.3683  data: 0.0002  max mem: 41183
Epoch: [8]  [46080/71874]  eta: 2:38:53  lr: 0.000206  img/s: 42.91391365403037  loss: 3.8585 (4.2356)  acc1: 31.2500 (30.8842)  acc5: 56.2500 (55.5400)  time: 0.3691  data: 0.0002  max mem: 41183
Epoch: [8]  [49152/71874]  eta: 2:19:59  lr: 0.000206  img/s: 43.48270834926193  loss: 4.0086 (4.2322)  acc1: 37.5000 (30.9314)  acc5: 56.2500 (55.6152)  time: 0.3693  data: 0.0002  max mem: 41183
Epoch: [8]  [52224/71874]  eta: 2:01:04  lr: 0.000206  img/s: 43.33554653371105  loss: 3.8523 (4.2294)  acc1: 37.5000 (30.9862)  acc5: 62.5000 (55.6879)  time: 0.3695  data: 0.0002  max mem: 41183
Epoch: [8]  [55296/71874]  eta: 1:42:08  lr: 0.000206  img/s: 43.50043721563968  loss: 4.2141 (4.2263)  acc1: 25.0000 (31.0488)  acc5: 56.2500 (55.7684)  time: 0.3694  data: 0.0002  max mem: 41183
Epoch: [8]  [58368/71874]  eta: 1:23:13  lr: 0.000206  img/s: 43.450894672367845  loss: 4.2102 (4.2240)  acc1: 31.2500 (31.0982)  acc5: 56.2500 (55.8182)  time: 0.3694  data: 0.0002  max mem: 41183
Epoch: [8]  [61440/71874]  eta: 1:04:17  lr: 0.000206  img/s: 43.11858743917773  loss: 4.0321 (4.2197)  acc1: 31.2500 (31.1811)  acc5: 50.0000 (55.8834)  time: 0.3693  data: 0.0002  max mem: 41183
Epoch: [8]  [64512/71874]  eta: 0:45:21  lr: 0.000206  img/s: 43.59399924386419  loss: 4.0507 (4.2170)  acc1: 31.2500 (31.2342)  acc5: 56.2500 (55.9518)  time: 0.3677  data: 0.0002  max mem: 41183
Epoch: [8]  [67584/71874]  eta: 0:26:25  lr: 0.000206  img/s: 43.450191356302135  loss: 3.9937 (4.2141)  acc1: 31.2500 (31.2821)  acc5: 56.2500 (56.0005)  time: 0.3692  data: 0.0002  max mem: 41183
Epoch: [8]  [70656/71874]  eta: 0:07:30  lr: 0.000206  img/s: 43.410083781392146  loss: 4.2836 (4.2128)  acc1: 31.2500 (31.3197)  acc5: 56.2500 (56.0375)  time: 0.3707  data: 0.0002  max mem: 41183
Epoch: [8] Total time: 7:22:54
Test:  [   0/7958]  eta: 1:53:41  loss: 0.6888 (0.6888)  acc1: 81.2500 (81.2500)  acc5: 100.0000 (100.0000)  time: 0.8571  data: 0.6482  max mem: 41183
Test:  [ 100/7958]  eta: 0:28:29  loss: 2.6448 (2.2482)  acc1: 37.5000 (52.0421)  acc5: 75.0000 (75.8663)  time: 0.2109  data: 0.0003  max mem: 41183
Test:  [ 200/7958]  eta: 0:27:43  loss: 3.0701 (2.4324)  acc1: 12.5000 (46.2376)  acc5: 56.2500 (73.2898)  time: 0.2113  data: 0.0004  max mem: 41183
Test:  [ 300/7958]  eta: 0:27:14  loss: 1.8142 (2.4615)  acc1: 56.2500 (44.9543)  acc5: 81.2500 (72.4460)  time: 0.2111  data: 0.0003  max mem: 41183
Test:  [ 400/7958]  eta: 0:26:49  loss: 1.4016 (2.3261)  acc1: 62.5000 (47.5530)  acc5: 87.5000 (74.7818)  time: 0.2110  data: 0.0003  max mem: 41183
Test:  [ 500/7958]  eta: 0:26:25  loss: 2.4446 (2.3782)  acc1: 43.7500 (46.7440)  acc5: 68.7500 (73.6028)  time: 0.2112  data: 0.0003  max mem: 41183
Test:  [ 600/7958]  eta: 0:26:02  loss: 3.3366 (2.4797)  acc1: 18.7500 (44.3844)  acc5: 56.2500 (71.6930)  time: 0.2115  data: 0.0003  max mem: 41183
Test:  [ 700/7958]  eta: 0:25:40  loss: 3.3193 (2.5928)  acc1: 25.0000 (42.2076)  acc5: 50.0000 (69.5613)  time: 0.2119  data: 0.0003  max mem: 41183
Test:  [ 800/7958]  eta: 0:25:18  loss: 2.5988 (2.6505)  acc1: 37.5000 (40.9566)  acc5: 68.7500 (68.2350)  time: 0.2115  data: 0.0003  max mem: 41183
Test:  [ 900/7958]  eta: 0:24:56  loss: 2.3595 (2.6531)  acc1: 43.7500 (40.6701)  acc5: 75.0000 (68.4032)  time: 0.2116  data: 0.0003  max mem: 41183
Test:  [1000/7958]  eta: 0:24:35  loss: 3.2635 (2.7102)  acc1: 31.2500 (39.6354)  acc5: 62.5000 (67.2140)  time: 0.2113  data: 0.0003  max mem: 41183
Test:  [1100/7958]  eta: 0:24:13  loss: 2.7298 (2.7412)  acc1: 31.2500 (38.9419)  acc5: 75.0000 (66.8824)  time: 0.2111  data: 0.0003  max mem: 41183
Test:  [1200/7958]  eta: 0:23:52  loss: 2.6065 (2.7503)  acc1: 37.5000 (38.2650)  acc5: 68.7500 (66.7829)  time: 0.2114  data: 0.0003  max mem: 41183
Test:  [1300/7958]  eta: 0:23:30  loss: 2.7406 (2.7653)  acc1: 43.7500 (37.9324)  acc5: 62.5000 (66.5882)  time: 0.2112  data: 0.0003  max mem: 41183
Test:  [1400/7958]  eta: 0:23:09  loss: 2.6953 (2.7602)  acc1: 31.2500 (38.1825)  acc5: 62.5000 (66.7291)  time: 0.2112  data: 0.0003  max mem: 41183
Test:  [1500/7958]  eta: 0:22:47  loss: 3.2931 (2.7756)  acc1: 18.7500 (37.6915)  acc5: 62.5000 (66.4307)  time: 0.2116  data: 0.0003  max mem: 41183
Test:  [1600/7958]  eta: 0:22:26  loss: 2.1968 (2.7500)  acc1: 43.7500 (37.9099)  acc5: 81.2500 (67.0245)  time: 0.2118  data: 0.0003  max mem: 41183
Test:  [1700/7958]  eta: 0:22:05  loss: 1.6348 (2.7132)  acc1: 56.2500 (38.5325)  acc5: 87.5000 (67.8204)  time: 0.2118  data: 0.0003  max mem: 41183
Test:  [1800/7958]  eta: 0:21:43  loss: 1.6582 (2.6749)  acc1: 56.2500 (39.5336)  acc5: 81.2500 (68.3544)  time: 0.2115  data: 0.0003  max mem: 41183
Test:  [1900/7958]  eta: 0:21:22  loss: 2.7305 (2.6685)  acc1: 31.2500 (39.6042)  acc5: 68.7500 (68.5856)  time: 0.2110  data: 0.0003  max mem: 41183
Test:  [2000/7958]  eta: 0:21:01  loss: 1.5134 (2.6414)  acc1: 68.7500 (40.2674)  acc5: 93.7500 (69.0217)  time: 0.2110  data: 0.0003  max mem: 41183
Test:  [2100/7958]  eta: 0:20:40  loss: 1.9330 (2.6185)  acc1: 56.2500 (40.8198)  acc5: 87.5000 (69.4461)  time: 0.2111  data: 0.0003  max mem: 41183
Test:  [2200/7958]  eta: 0:20:18  loss: 2.7352 (2.6326)  acc1: 37.5000 (40.5072)  acc5: 68.7500 (69.1532)  time: 0.2114  data: 0.0003  max mem: 41183
Test:  [2300/7958]  eta: 0:19:57  loss: 3.0645 (2.6289)  acc1: 25.0000 (40.4254)  acc5: 62.5000 (69.2715)  time: 0.2111  data: 0.0003  max mem: 41183
Test:  [2400/7958]  eta: 0:19:36  loss: 1.8455 (2.6174)  acc1: 56.2500 (40.7252)  acc5: 81.2500 (69.4737)  time: 0.2119  data: 0.0003  max mem: 41183
Test:  [2500/7958]  eta: 0:19:15  loss: 3.2293 (2.6288)  acc1: 6.2500 (40.3938)  acc5: 62.5000 (69.2448)  time: 0.2116  data: 0.0003  max mem: 41183
Test:  [2600/7958]  eta: 0:18:53  loss: 3.1364 (2.6232)  acc1: 18.7500 (40.5950)  acc5: 62.5000 (69.3267)  time: 0.2119  data: 0.0003  max mem: 41183
Test:  [2700/7958]  eta: 0:18:32  loss: 1.9660 (2.6129)  acc1: 62.5000 (40.9663)  acc5: 75.0000 (69.5159)  time: 0.2113  data: 0.0003  max mem: 41183
Test:  [2800/7958]  eta: 0:18:11  loss: 3.5461 (2.6117)  acc1: 31.2500 (41.1237)  acc5: 50.0000 (69.5555)  time: 0.2113  data: 0.0003  max mem: 41183
Test:  [2900/7958]  eta: 0:17:50  loss: 2.0625 (2.6264)  acc1: 50.0000 (41.0268)  acc5: 75.0000 (69.2304)  time: 0.2111  data: 0.0003  max mem: 41183
Test:  [3000/7958]  eta: 0:17:29  loss: 1.4698 (2.6267)  acc1: 43.7500 (41.1009)  acc5: 93.7500 (69.1832)  time: 0.2111  data: 0.0003  max mem: 41183
Test:  [3100/7958]  eta: 0:17:07  loss: 3.0283 (2.6351)  acc1: 31.2500 (41.0210)  acc5: 62.5000 (69.0584)  time: 0.2112  data: 0.0004  max mem: 41183
Test:  [3200/7958]  eta: 0:16:46  loss: 3.4975 (2.6322)  acc1: 25.0000 (41.0399)  acc5: 56.2500 (69.1386)  time: 0.2115  data: 0.0003  max mem: 41183
Test:  [3300/7958]  eta: 0:16:25  loss: 3.6277 (2.6477)  acc1: 25.0000 (40.7679)  acc5: 50.0000 (68.9128)  time: 0.2115  data: 0.0003  max mem: 41183
Test:  [3400/7958]  eta: 0:16:04  loss: 3.0855 (2.6492)  acc1: 31.2500 (40.8611)  acc5: 56.2500 (68.8676)  time: 0.2115  data: 0.0003  max mem: 41183
Test:  [3500/7958]  eta: 0:15:43  loss: 2.9436 (2.6452)  acc1: 31.2500 (40.9919)  acc5: 62.5000 (68.9571)  time: 0.2117  data: 0.0003  max mem: 41183
Test:  [3600/7958]  eta: 0:15:21  loss: 2.9824 (2.6561)  acc1: 37.5000 (40.8567)  acc5: 62.5000 (68.7639)  time: 0.2113  data: 0.0003  max mem: 41183
Test:  [3700/7958]  eta: 0:15:00  loss: 3.8874 (2.6607)  acc1: 18.7500 (40.8454)  acc5: 43.7500 (68.7213)  time: 0.2112  data: 0.0003  max mem: 41183
Test:  [3800/7958]  eta: 0:14:39  loss: 2.9523 (2.6686)  acc1: 31.2500 (40.7047)  acc5: 68.7500 (68.6119)  time: 0.2112  data: 0.0003  max mem: 41183
Test:  [3900/7958]  eta: 0:14:18  loss: 1.8976 (2.6619)  acc1: 50.0000 (40.9607)  acc5: 81.2500 (68.7212)  time: 0.2112  data: 0.0003  max mem: 41183
Test:  [4000/7958]  eta: 0:13:57  loss: 2.9116 (2.6619)  acc1: 31.2500 (41.0147)  acc5: 68.7500 (68.7219)  time: 0.2111  data: 0.0003  max mem: 41183
Test:  [4100/7958]  eta: 0:13:36  loss: 2.3426 (2.6659)  acc1: 43.7500 (41.0098)  acc5: 75.0000 (68.6570)  time: 0.2116  data: 0.0003  max mem: 41183
Test:  [4200/7958]  eta: 0:13:14  loss: 2.6782 (2.6696)  acc1: 43.7500 (41.0274)  acc5: 62.5000 (68.5670)  time: 0.2116  data: 0.0003  max mem: 41183
Test:  [4300/7958]  eta: 0:12:53  loss: 2.5538 (2.6672)  acc1: 37.5000 (41.0675)  acc5: 75.0000 (68.5916)  time: 0.2118  data: 0.0003  max mem: 41183
Test:  [4400/7958]  eta: 0:12:32  loss: 1.6663 (2.6719)  acc1: 62.5000 (41.0503)  acc5: 81.2500 (68.5143)  time: 0.2115  data: 0.0003  max mem: 41183
Test:  [4500/7958]  eta: 0:12:11  loss: 3.4670 (2.6808)  acc1: 37.5000 (40.8604)  acc5: 56.2500 (68.3681)  time: 0.2111  data: 0.0003  max mem: 41183
Test:  [4600/7958]  eta: 0:11:50  loss: 2.9115 (2.6872)  acc1: 37.5000 (40.8471)  acc5: 62.5000 (68.2107)  time: 0.2110  data: 0.0003  max mem: 41183
Test:  [4700/7958]  eta: 0:11:29  loss: 2.4943 (2.6935)  acc1: 50.0000 (40.8238)  acc5: 62.5000 (68.0520)  time: 0.2110  data: 0.0003  max mem: 41183
Test:  [4800/7958]  eta: 0:11:07  loss: 2.4243 (2.6960)  acc1: 50.0000 (40.7715)  acc5: 75.0000 (68.0379)  time: 0.2112  data: 0.0003  max mem: 41183
Test:  [4900/7958]  eta: 0:10:46  loss: 3.2277 (2.6973)  acc1: 25.0000 (40.7952)  acc5: 56.2500 (67.9759)  time: 0.2110  data: 0.0003  max mem: 41183
Test:  [5000/7958]  eta: 0:10:25  loss: 2.5850 (2.6971)  acc1: 31.2500 (40.7556)  acc5: 75.0000 (67.9902)  time: 0.2116  data: 0.0003  max mem: 41183
Test:  [5100/7958]  eta: 0:10:04  loss: 3.4717 (2.7000)  acc1: 25.0000 (40.6685)  acc5: 50.0000 (67.9928)  time: 0.2114  data: 0.0003  max mem: 41183
Test:  [5200/7958]  eta: 0:09:43  loss: 1.3998 (2.6986)  acc1: 68.7500 (40.6989)  acc5: 81.2500 (67.9557)  time: 0.2117  data: 0.0003  max mem: 41183
Test:  [5300/7958]  eta: 0:09:22  loss: 3.3697 (2.6984)  acc1: 31.2500 (40.7753)  acc5: 50.0000 (67.9671)  time: 0.2115  data: 0.0003  max mem: 41183
Test:  [5400/7958]  eta: 0:09:00  loss: 2.5275 (2.6966)  acc1: 37.5000 (40.8871)  acc5: 68.7500 (67.9863)  time: 0.2112  data: 0.0003  max mem: 41183
Test:  [5500/7958]  eta: 0:08:39  loss: 1.7194 (2.6993)  acc1: 56.2500 (40.9176)  acc5: 75.0000 (67.9002)  time: 0.2107  data: 0.0003  max mem: 41183
Test:  [5600/7958]  eta: 0:08:18  loss: 2.5872 (2.7077)  acc1: 31.2500 (40.8465)  acc5: 75.0000 (67.7781)  time: 0.2112  data: 0.0003  max mem: 41183
Test:  [5700/7958]  eta: 0:07:57  loss: 2.9217 (2.7090)  acc1: 31.2500 (40.8097)  acc5: 56.2500 (67.7864)  time: 0.2110  data: 0.0003  max mem: 41183
Test:  [5800/7958]  eta: 0:07:36  loss: 2.8091 (2.7151)  acc1: 31.2500 (40.6805)  acc5: 75.0000 (67.6812)  time: 0.2112  data: 0.0003  max mem: 41183
Test:  [5900/7958]  eta: 0:07:15  loss: 3.0173 (2.7193)  acc1: 37.5000 (40.6319)  acc5: 68.7500 (67.6029)  time: 0.2117  data: 0.0003  max mem: 41183
Test:  [6000/7958]  eta: 0:06:54  loss: 2.9324 (2.7240)  acc1: 31.2500 (40.5714)  acc5: 62.5000 (67.5325)  time: 0.2117  data: 0.0003  max mem: 41183
Test:  [6100/7958]  eta: 0:06:32  loss: 2.8587 (2.7248)  acc1: 31.2500 (40.5999)  acc5: 68.7500 (67.5074)  time: 0.2119  data: 0.0003  max mem: 41183
Test:  [6200/7958]  eta: 0:06:11  loss: 2.7267 (2.7315)  acc1: 31.2500 (40.5177)  acc5: 75.0000 (67.3813)  time: 0.2115  data: 0.0003  max mem: 41183
Test:  [6300/7958]  eta: 0:05:50  loss: 1.8031 (2.7273)  acc1: 56.2500 (40.5868)  acc5: 81.2500 (67.4675)  time: 0.2113  data: 0.0003  max mem: 41183
Test:  [6400/7958]  eta: 0:05:29  loss: 1.9820 (2.7271)  acc1: 56.2500 (40.5981)  acc5: 81.2500 (67.4621)  time: 0.2112  data: 0.0003  max mem: 41183
Test:  [6500/7958]  eta: 0:05:08  loss: 1.9811 (2.7255)  acc1: 62.5000 (40.6380)  acc5: 81.2500 (67.4963)  time: 0.2112  data: 0.0003  max mem: 41183
Test:  [6600/7958]  eta: 0:04:47  loss: 3.8998 (2.7369)  acc1: 25.0000 (40.4408)  acc5: 37.5000 (67.2947)  time: 0.2111  data: 0.0003  max mem: 41183
Test:  [6700/7958]  eta: 0:04:26  loss: 2.0560 (2.7373)  acc1: 50.0000 (40.4305)  acc5: 81.2500 (67.2847)  time: 0.2112  data: 0.0003  max mem: 41183
Test:  [6800/7958]  eta: 0:04:04  loss: 2.0300 (2.7358)  acc1: 43.7500 (40.4876)  acc5: 75.0000 (67.3136)  time: 0.2117  data: 0.0003  max mem: 41183
Test:  [6900/7958]  eta: 0:03:43  loss: 2.1638 (2.7321)  acc1: 25.0000 (40.5476)  acc5: 75.0000 (67.3788)  time: 0.2117  data: 0.0003  max mem: 41183
Test:  [7000/7958]  eta: 0:03:22  loss: 1.9369 (2.7307)  acc1: 56.2500 (40.6371)  acc5: 75.0000 (67.3931)  time: 0.2117  data: 0.0003  max mem: 41183
Test:  [7100/7958]  eta: 0:03:01  loss: 1.5037 (2.7348)  acc1: 75.0000 (40.5929)  acc5: 81.2500 (67.3065)  time: 0.2115  data: 0.0003  max mem: 41183
Test:  [7200/7958]  eta: 0:02:40  loss: 3.0315 (2.7369)  acc1: 25.0000 (40.5456)  acc5: 56.2500 (67.2667)  time: 0.2112  data: 0.0003  max mem: 41183
Test:  [7300/7958]  eta: 0:02:19  loss: 2.4929 (2.7290)  acc1: 37.5000 (40.7290)  acc5: 75.0000 (67.3641)  time: 0.2110  data: 0.0003  max mem: 41183
Test:  [7400/7958]  eta: 0:01:57  loss: 2.5364 (2.7296)  acc1: 37.5000 (40.7073)  acc5: 75.0000 (67.3617)  time: 0.2112  data: 0.0003  max mem: 41183
Test:  [7500/7958]  eta: 0:01:36  loss: 2.7308 (2.7309)  acc1: 31.2500 (40.6871)  acc5: 68.7500 (67.3310)  time: 0.2111  data: 0.0003  max mem: 41183
Test:  [7600/7958]  eta: 0:01:15  loss: 1.9532 (2.7322)  acc1: 62.5000 (40.6879)  acc5: 81.2500 (67.2921)  time: 0.2113  data: 0.0003  max mem: 41183
Test:  [7700/7958]  eta: 0:00:54  loss: 2.4435 (2.7340)  acc1: 43.7500 (40.5978)  acc5: 62.5000 (67.2754)  time: 0.2115  data: 0.0003  max mem: 41183
Test:  [7800/7958]  eta: 0:00:33  loss: 2.4988 (2.7345)  acc1: 37.5000 (40.5565)  acc5: 75.0000 (67.3023)  time: 0.2113  data: 0.0003  max mem: 41183
Test:  [7900/7958]  eta: 0:00:12  loss: 1.6787 (2.7299)  acc1: 68.7500 (40.6784)  acc5: 87.5000 (67.3673)  time: 0.2118  data: 0.0003  max mem: 41183
Test: Total time: 0:28:02
 * Acc@1 = 40.74673284744911, Acc@5 = 67.40308494596633, loss = 2.7279621607943016
Namespace(model='QKFormer_10_768', dataset='es-imagenet', num_classes=1000, data_path='/model/es-imagenet', device='cuda', batch_size=16, workers=4, print_freq=3072, output_dir='./logs4', resume='', sync_bn=False, test_only=False, amp=True, world_size=1, dist_url='env://', tb=True, T=8, opt='adamw', opt_eps=1e-08, opt_betas=None, weight_decay=0.01, momentum=0.9, connect_f='ADD', T_train=None, sched='cosine', lr=0.0005, lr_noise=None, lr_noise_pct=0.67, lr_noise_std=1.0, lr_cycle_mul=1.0, lr_cycle_limit=1, warmup_lr=1e-05, min_lr=1e-06, epochs=100, epoch_repeats=0.0, start_epoch=0, decay_epochs=20, warmup_epochs=20, cooldown_epochs=10, patience_epochs=10, decay_rate=0.1, smoothing=0.1, mixup=0.5, cutmix=0.0, cutmix_minmax=None, mixup_prob=0.5, mixup_switch_prob=0.5, mixup_mode='batch', mixup_off_epoch=0, grad_clip=5.0, distributed=False)
Training time 3 days, 7:56:33 max_test_acc1 40.74673284744911 test_acc5_at_max_test_acc1 67.40308494596633
./logs4/QKFormer_10_768_b16_T8_wd0.01_adamw_cnf_ADD/lr0.0005
Epoch: [9]  [    0/71874]  eta: 21:13:51  lr: 0.0002305  img/s: 42.68916658980239  loss: 4.6619 (4.6619)  acc1: 31.2500 (31.2500)  acc5: 62.5000 (62.5000)  time: 1.0634  data: 0.6886  max mem: 41183
Epoch: [9]  [ 3072/71874]  eta: 7:04:07  lr: 0.0002305  img/s: 43.66357591936774  loss: 3.9500 (4.1241)  acc1: 25.0000 (33.0154)  acc5: 56.2500 (58.0011)  time: 0.3735  data: 0.0002  max mem: 41183
Epoch: [9]  [ 6144/71874]  eta: 6:45:03  lr: 0.0002305  img/s: 43.71431679508901  loss: 3.7383 (4.1243)  acc1: 37.5000 (32.9363)  acc5: 62.5000 (57.9658)  time: 0.3681  data: 0.0002  max mem: 41183
Epoch: [9]  [ 9216/71874]  eta: 6:26:04  lr: 0.0002305  img/s: 43.42657316411071  loss: 3.7644 (4.1248)  acc1: 31.2500 (33.0124)  acc5: 56.2500 (57.9778)  time: 0.3752  data: 0.0002  max mem: 41183
Epoch: [9]  [12288/71874]  eta: 6:07:30  lr: 0.0002305  img/s: 43.59179049603633  loss: 4.0270 (4.1307)  acc1: 31.2500 (32.9390)  acc5: 56.2500 (57.9965)  time: 0.3691  data: 0.0002  max mem: 41183
Epoch: [9]  [15360/71874]  eta: 5:48:38  lr: 0.0002305  img/s: 43.493276283222436  loss: 3.8621 (4.1278)  acc1: 31.2500 (32.9695)  acc5: 56.2500 (57.9939)  time: 0.3695  data: 0.0002  max mem: 41183
Epoch: [9]  [18432/71874]  eta: 5:29:41  lr: 0.0002305  img/s: 43.472934061371014  loss: 3.7282 (4.1280)  acc1: 25.0000 (32.9443)  acc5: 62.5000 (57.9358)  time: 0.3711  data: 0.0002  max mem: 41183
Epoch: [9]  [21504/71874]  eta: 5:10:43  lr: 0.0002305  img/s: 43.16679156152449  loss: 3.9937 (4.1275)  acc1: 31.2500 (32.9389)  acc5: 56.2500 (57.9551)  time: 0.3696  data: 0.0002  max mem: 41183
Epoch: [9]  [24576/71874]  eta: 4:51:52  lr: 0.0002305  img/s: 43.402980634220704  loss: 3.6648 (4.1294)  acc1: 37.5000 (32.9035)  acc5: 62.5000 (57.9164)  time: 0.3700  data: 0.0002  max mem: 41183
Epoch: [9]  [27648/71874]  eta: 4:32:58  lr: 0.0002305  img/s: 43.20931601154071  loss: 3.6669 (4.1264)  acc1: 31.2500 (32.9659)  acc5: 56.2500 (58.0032)  time: 0.3692  data: 0.0002  max mem: 41183
Epoch: [9]  [30720/71874]  eta: 4:14:05  lr: 0.0002305  img/s: 42.43536985665569  loss: 4.2168 (4.1248)  acc1: 25.0000 (32.9943)  acc5: 56.2500 (58.0080)  time: 0.3780  data: 0.0002  max mem: 41183
Epoch: [9]  [33792/71874]  eta: 3:55:11  lr: 0.0002305  img/s: 43.566264559662315  loss: 3.7099 (4.1208)  acc1: 37.5000 (33.0984)  acc5: 62.5000 (58.0886)  time: 0.3688  data: 0.0002  max mem: 41183
Epoch: [9]  [36864/71874]  eta: 3:36:09  lr: 0.0002305  img/s: 43.56199429160092  loss: 3.9651 (4.1204)  acc1: 37.5000 (33.1188)  acc5: 56.2500 (58.1149)  time: 0.3692  data: 0.0002  max mem: 41183
Epoch: [9]  [39936/71874]  eta: 3:17:07  lr: 0.0002305  img/s: 43.31073899917004  loss: 3.7928 (4.1193)  acc1: 37.5000 (33.1610)  acc5: 62.5000 (58.1558)  time: 0.3685  data: 0.0002  max mem: 41183
Epoch: [9]  [43008/71874]  eta: 2:58:10  lr: 0.0002305  img/s: 43.55597209151387  loss: 4.0801 (4.1175)  acc1: 31.2500 (33.1929)  acc5: 62.5000 (58.2005)  time: 0.3683  data: 0.0002  max mem: 41183
Epoch: [9]  [46080/71874]  eta: 2:39:13  lr: 0.0002305  img/s: 43.26634104073075  loss: 4.0394 (4.1151)  acc1: 37.5000 (33.2579)  acc5: 62.5000 (58.2600)  time: 0.3765  data: 0.0002  max mem: 41183
Epoch: [9]  [49152/71874]  eta: 2:20:16  lr: 0.0002305  img/s: 43.34808696118372  loss: 3.9750 (4.1119)  acc1: 31.2500 (33.2899)  acc5: 56.2500 (58.3006)  time: 0.3702  data: 0.0002  max mem: 41183
Epoch: [9]  [52224/71874]  eta: 2:01:19  lr: 0.0002305  img/s: 43.49818154948448  loss: 3.9865 (4.1102)  acc1: 31.2500 (33.3262)  acc5: 56.2500 (58.3357)  time: 0.3685  data: 0.0002  max mem: 41183
Epoch: [9]  [55296/71874]  eta: 1:42:21  lr: 0.0002305  img/s: 43.178651073790355  loss: 3.8199 (4.1093)  acc1: 31.2500 (33.3557)  acc5: 56.2500 (58.3697)  time: 0.3768  data: 0.0002  max mem: 41183
Epoch: [9]  [58368/71874]  eta: 1:23:24  lr: 0.0002305  img/s: 43.12720523781737  loss: 3.6916 (4.1078)  acc1: 37.5000 (33.4044)  acc5: 56.2500 (58.4050)  time: 0.3715  data: 0.0002  max mem: 41183
Epoch: [9]  [61440/71874]  eta: 1:04:26  lr: 0.0002305  img/s: 42.98315167717832  loss: 3.9138 (4.1049)  acc1: 31.2500 (33.4576)  acc5: 62.5000 (58.4629)  time: 0.3750  data: 0.0002  max mem: 41183
Epoch: [9]  [64512/71874]  eta: 0:45:28  lr: 0.0002305  img/s: 43.03510970259036  loss: 4.1350 (4.1011)  acc1: 31.2500 (33.5428)  acc5: 56.2500 (58.5414)  time: 0.3697  data: 0.0002  max mem: 41183
Epoch: [9]  [67584/71874]  eta: 0:26:30  lr: 0.0002305  img/s: 42.96859289082169  loss: 3.8991 (4.0989)  acc1: 25.0000 (33.5904)  acc5: 56.2500 (58.5788)  time: 0.3701  data: 0.0002  max mem: 41183
Epoch: [9]  [70656/71874]  eta: 0:07:31  lr: 0.0002305  img/s: 43.36265191885083  loss: 4.0135 (4.0970)  acc1: 31.2500 (33.6194)  acc5: 62.5000 (58.6081)  time: 0.3773  data: 0.0002  max mem: 41183
Epoch: [9] Total time: 7:24:03
Test:  [   0/7958]  eta: 1:42:42  loss: 0.7186 (0.7186)  acc1: 93.7500 (93.7500)  acc5: 100.0000 (100.0000)  time: 0.7744  data: 0.5644  max mem: 41183
Test:  [ 100/7958]  eta: 0:28:25  loss: 2.1749 (2.0331)  acc1: 56.2500 (57.9827)  acc5: 75.0000 (77.9703)  time: 0.2113  data: 0.0004  max mem: 41183
Test:  [ 200/7958]  eta: 0:27:42  loss: 2.8315 (2.2114)  acc1: 18.7500 (51.7102)  acc5: 62.5000 (75.9639)  time: 0.2112  data: 0.0003  max mem: 41183
Test:  [ 300/7958]  eta: 0:27:13  loss: 2.5719 (2.2717)  acc1: 37.5000 (49.8754)  acc5: 62.5000 (75.0000)  time: 0.2111  data: 0.0003  max mem: 41183
Test:  [ 400/7958]  eta: 0:26:48  loss: 1.3357 (2.1492)  acc1: 68.7500 (52.4158)  acc5: 93.7500 (77.1041)  time: 0.2110  data: 0.0003  max mem: 41183
Test:  [ 500/7958]  eta: 0:26:25  loss: 2.3445 (2.1924)  acc1: 50.0000 (51.8214)  acc5: 75.0000 (76.3598)  time: 0.2113  data: 0.0003  max mem: 41183
Test:  [ 600/7958]  eta: 0:26:02  loss: 2.7823 (2.2929)  acc1: 31.2500 (49.4800)  acc5: 68.7500 (74.7400)  time: 0.2119  data: 0.0003  max mem: 41183
Test:  [ 700/7958]  eta: 0:25:40  loss: 3.4613 (2.4350)  acc1: 25.0000 (46.3267)  acc5: 50.0000 (72.3698)  time: 0.2116  data: 0.0003  max mem: 41183
Test:  [ 800/7958]  eta: 0:25:18  loss: 2.2673 (2.4847)  acc1: 50.0000 (44.9750)  acc5: 75.0000 (71.5122)  time: 0.2118  data: 0.0003  max mem: 41183
Test:  [ 900/7958]  eta: 0:24:56  loss: 2.7388 (2.4970)  acc1: 31.2500 (44.3674)  acc5: 68.7500 (71.5039)  time: 0.2115  data: 0.0003  max mem: 41183
Test:  [1000/7958]  eta: 0:24:35  loss: 2.7787 (2.5438)  acc1: 31.2500 (43.3067)  acc5: 62.5000 (70.5669)  time: 0.2113  data: 0.0003  max mem: 41183
Test:  [1100/7958]  eta: 0:24:13  loss: 2.6430 (2.5772)  acc1: 31.2500 (42.4500)  acc5: 75.0000 (70.1748)  time: 0.2113  data: 0.0003  max mem: 41183
Test:  [1200/7958]  eta: 0:23:52  loss: 2.7481 (2.5891)  acc1: 25.0000 (41.7465)  acc5: 68.7500 (70.1603)  time: 0.2112  data: 0.0003  max mem: 41183
Test:  [1300/7958]  eta: 0:23:30  loss: 3.3541 (2.6160)  acc1: 25.0000 (41.0694)  acc5: 56.2500 (69.7204)  time: 0.2114  data: 0.0003  max mem: 41183
Test:  [1400/7958]  eta: 0:23:09  loss: 2.7734 (2.6095)  acc1: 25.0000 (41.0644)  acc5: 68.7500 (69.8608)  time: 0.2117  data: 0.0003  max mem: 41183
Test:  [1500/7958]  eta: 0:22:47  loss: 2.5603 (2.6194)  acc1: 31.2500 (40.7229)  acc5: 68.7500 (69.7660)  time: 0.2117  data: 0.0003  max mem: 41183
Test:  [1600/7958]  eta: 0:22:26  loss: 2.0414 (2.5926)  acc1: 50.0000 (40.9939)  acc5: 81.2500 (70.3037)  time: 0.2117  data: 0.0003  max mem: 41183
Test:  [1700/7958]  eta: 0:22:05  loss: 1.2956 (2.5655)  acc1: 68.7500 (41.4646)  acc5: 87.5000 (70.8150)  time: 0.2119  data: 0.0003  max mem: 41183
Test:  [1800/7958]  eta: 0:21:44  loss: 1.4901 (2.5309)  acc1: 68.7500 (42.4313)  acc5: 81.2500 (71.3007)  time: 0.2111  data: 0.0003  max mem: 41183
Test:  [1900/7958]  eta: 0:21:22  loss: 2.6999 (2.5331)  acc1: 37.5000 (42.2837)  acc5: 68.7500 (71.3144)  time: 0.2111  data: 0.0003  max mem: 41183
Test:  [2000/7958]  eta: 0:21:01  loss: 0.7366 (2.4976)  acc1: 87.5000 (43.2221)  acc5: 93.7500 (71.7922)  time: 0.2113  data: 0.0003  max mem: 41183
Test:  [2100/7958]  eta: 0:20:40  loss: 1.9875 (2.4725)  acc1: 56.2500 (43.8601)  acc5: 81.2500 (72.2781)  time: 0.2113  data: 0.0003  max mem: 41183
Test:  [2200/7958]  eta: 0:20:18  loss: 2.6110 (2.4721)  acc1: 37.5000 (43.8920)  acc5: 75.0000 (72.3308)  time: 0.2114  data: 0.0003  max mem: 41183
Test:  [2300/7958]  eta: 0:19:57  loss: 2.5095 (2.4791)  acc1: 37.5000 (43.7744)  acc5: 56.2500 (72.2756)  time: 0.2114  data: 0.0003  max mem: 41183
Test:  [2400/7958]  eta: 0:19:36  loss: 2.2851 (2.4816)  acc1: 50.0000 (43.8125)  acc5: 75.0000 (72.2173)  time: 0.2118  data: 0.0003  max mem: 41183
Test:  [2500/7958]  eta: 0:19:15  loss: 3.6037 (2.5061)  acc1: 6.2500 (43.3227)  acc5: 56.2500 (71.7563)  time: 0.2117  data: 0.0003  max mem: 41183
Test:  [2600/7958]  eta: 0:18:54  loss: 2.5168 (2.4916)  acc1: 31.2500 (43.5097)  acc5: 75.0000 (71.9867)  time: 0.2116  data: 0.0003  max mem: 41183
Test:  [2700/7958]  eta: 0:18:32  loss: 1.7773 (2.4851)  acc1: 56.2500 (43.7500)  acc5: 81.2500 (72.1029)  time: 0.2112  data: 0.0003  max mem: 41183
Test:  [2800/7958]  eta: 0:18:11  loss: 2.5192 (2.4727)  acc1: 43.7500 (44.0892)  acc5: 75.0000 (72.3648)  time: 0.2114  data: 0.0003  max mem: 41183
Test:  [2900/7958]  eta: 0:17:50  loss: 1.8172 (2.4804)  acc1: 50.0000 (44.0193)  acc5: 81.2500 (72.2380)  time: 0.2113  data: 0.0003  max mem: 41183
Test:  [3000/7958]  eta: 0:17:29  loss: 1.5496 (2.4835)  acc1: 62.5000 (43.9895)  acc5: 87.5000 (72.2363)  time: 0.2111  data: 0.0003  max mem: 41183
Test:  [3100/7958]  eta: 0:17:08  loss: 2.5385 (2.4907)  acc1: 37.5000 (43.9253)  acc5: 68.7500 (72.1017)  time: 0.2111  data: 0.0003  max mem: 41183
Test:  [3200/7958]  eta: 0:16:46  loss: 3.5679 (2.4925)  acc1: 12.5000 (43.9316)  acc5: 50.0000 (72.0205)  time: 0.2119  data: 0.0003  max mem: 41183
Test:  [3300/7958]  eta: 0:16:25  loss: 3.6603 (2.5074)  acc1: 25.0000 (43.6818)  acc5: 43.7500 (71.7870)  time: 0.2115  data: 0.0003  max mem: 41183
Test:  [3400/7958]  eta: 0:16:04  loss: 2.4214 (2.5069)  acc1: 43.7500 (43.7849)  acc5: 68.7500 (71.7528)  time: 0.2116  data: 0.0003  max mem: 41183
Test:  [3500/7958]  eta: 0:15:43  loss: 2.3490 (2.5015)  acc1: 37.5000 (43.9232)  acc5: 75.0000 (71.8277)  time: 0.2116  data: 0.0003  max mem: 41183
Test:  [3600/7958]  eta: 0:15:22  loss: 2.9543 (2.5065)  acc1: 31.2500 (43.8142)  acc5: 68.7500 (71.7266)  time: 0.2111  data: 0.0003  max mem: 41183
Test:  [3700/7958]  eta: 0:15:00  loss: 2.9558 (2.5054)  acc1: 37.5000 (43.8344)  acc5: 62.5000 (71.7644)  time: 0.2109  data: 0.0003  max mem: 41183
Test:  [3800/7958]  eta: 0:14:39  loss: 2.5644 (2.5075)  acc1: 37.5000 (43.7878)  acc5: 75.0000 (71.7673)  time: 0.2111  data: 0.0003  max mem: 41183
Test:  [3900/7958]  eta: 0:14:18  loss: 2.4759 (2.5022)  acc1: 37.5000 (43.9358)  acc5: 75.0000 (71.8598)  time: 0.2113  data: 0.0003  max mem: 41183
Test:  [4000/7958]  eta: 0:13:57  loss: 2.4090 (2.4970)  acc1: 37.5000 (44.0640)  acc5: 81.2500 (71.9461)  time: 0.2110  data: 0.0003  max mem: 41183
Test:  [4100/7958]  eta: 0:13:36  loss: 1.8781 (2.4959)  acc1: 56.2500 (44.1325)  acc5: 81.2500 (71.9337)  time: 0.2119  data: 0.0003  max mem: 41183
Test:  [4200/7958]  eta: 0:13:15  loss: 2.5734 (2.4951)  acc1: 43.7500 (44.2023)  acc5: 68.7500 (71.9472)  time: 0.2117  data: 0.0003  max mem: 41183
Test:  [4300/7958]  eta: 0:12:53  loss: 2.8748 (2.4928)  acc1: 18.7500 (44.2383)  acc5: 56.2500 (71.9324)  time: 0.2117  data: 0.0003  max mem: 41183
Test:  [4400/7958]  eta: 0:12:32  loss: 1.7852 (2.5032)  acc1: 50.0000 (44.0880)  acc5: 81.2500 (71.7096)  time: 0.2115  data: 0.0003  max mem: 41183
Test:  [4500/7958]  eta: 0:12:11  loss: 3.9648 (2.5162)  acc1: 18.7500 (43.8666)  acc5: 50.0000 (71.4841)  time: 0.2111  data: 0.0003  max mem: 41183
Test:  [4600/7958]  eta: 0:11:50  loss: 2.9521 (2.5199)  acc1: 31.2500 (43.7908)  acc5: 62.5000 (71.4057)  time: 0.2111  data: 0.0003  max mem: 41183
Test:  [4700/7958]  eta: 0:11:29  loss: 2.0300 (2.5268)  acc1: 50.0000 (43.6835)  acc5: 68.7500 (71.2814)  time: 0.2111  data: 0.0003  max mem: 41183
Test:  [4800/7958]  eta: 0:11:08  loss: 2.1731 (2.5299)  acc1: 56.2500 (43.6224)  acc5: 75.0000 (71.2443)  time: 0.2114  data: 0.0003  max mem: 41183
Test:  [4900/7958]  eta: 0:10:46  loss: 2.5869 (2.5321)  acc1: 43.7500 (43.6454)  acc5: 68.7500 (71.2074)  time: 0.2114  data: 0.0003  max mem: 41183
Test:  [5000/7958]  eta: 0:10:25  loss: 2.5723 (2.5311)  acc1: 31.2500 (43.5925)  acc5: 81.2500 (71.2845)  time: 0.2116  data: 0.0003  max mem: 41183
Test:  [5100/7958]  eta: 0:10:04  loss: 3.8138 (2.5317)  acc1: 25.0000 (43.5099)  acc5: 50.0000 (71.3095)  time: 0.2114  data: 0.0003  max mem: 41183
Test:  [5200/7958]  eta: 0:09:43  loss: 1.0154 (2.5283)  acc1: 81.2500 (43.6563)  acc5: 87.5000 (71.3156)  time: 0.2119  data: 0.0003  max mem: 41183
Test:  [5300/7958]  eta: 0:09:22  loss: 2.8374 (2.5260)  acc1: 31.2500 (43.7700)  acc5: 62.5000 (71.3403)  time: 0.2116  data: 0.0004  max mem: 41183
Test:  [5400/7958]  eta: 0:09:01  loss: 2.9873 (2.5310)  acc1: 37.5000 (43.7245)  acc5: 62.5000 (71.2623)  time: 0.2115  data: 0.0003  max mem: 41183
Test:  [5500/7958]  eta: 0:08:39  loss: 1.7086 (2.5266)  acc1: 62.5000 (43.9045)  acc5: 87.5000 (71.2825)  time: 0.2113  data: 0.0004  max mem: 41183
Test:  [5600/7958]  eta: 0:08:18  loss: 3.3314 (2.5319)  acc1: 25.0000 (43.8582)  acc5: 43.7500 (71.1859)  time: 0.2111  data: 0.0003  max mem: 41183
Test:  [5700/7958]  eta: 0:07:57  loss: 2.4168 (2.5309)  acc1: 37.5000 (43.8454)  acc5: 68.7500 (71.2243)  time: 0.2115  data: 0.0003  max mem: 41183
Test:  [5800/7958]  eta: 0:07:36  loss: 2.8344 (2.5359)  acc1: 25.0000 (43.7586)  acc5: 68.7500 (71.1418)  time: 0.2112  data: 0.0003  max mem: 41183
Test:  [5900/7958]  eta: 0:07:15  loss: 1.9574 (2.5365)  acc1: 37.5000 (43.7818)  acc5: 68.7500 (71.1246)  time: 0.2117  data: 0.0003  max mem: 41183
Test:  [6000/7958]  eta: 0:06:54  loss: 1.9244 (2.5381)  acc1: 56.2500 (43.8114)  acc5: 81.2500 (71.0600)  time: 0.2116  data: 0.0003  max mem: 41183
Test:  [6100/7958]  eta: 0:06:32  loss: 2.3109 (2.5367)  acc1: 43.7500 (43.8535)  acc5: 75.0000 (71.0703)  time: 0.2118  data: 0.0003  max mem: 41183
Test:  [6200/7958]  eta: 0:06:11  loss: 1.9270 (2.5387)  acc1: 56.2500 (43.8941)  acc5: 81.2500 (71.0490)  time: 0.2113  data: 0.0003  max mem: 41183
Test:  [6300/7958]  eta: 0:05:50  loss: 2.7664 (2.5372)  acc1: 6.2500 (43.9325)  acc5: 68.7500 (71.0750)  time: 0.2109  data: 0.0003  max mem: 41183
Test:  [6400/7958]  eta: 0:05:29  loss: 1.4781 (2.5398)  acc1: 68.7500 (43.8974)  acc5: 87.5000 (71.0260)  time: 0.2113  data: 0.0003  max mem: 41183
Test:  [6500/7958]  eta: 0:05:08  loss: 1.5415 (2.5369)  acc1: 68.7500 (43.9798)  acc5: 87.5000 (71.0718)  time: 0.2112  data: 0.0003  max mem: 41183
Test:  [6600/7958]  eta: 0:04:47  loss: 3.4934 (2.5478)  acc1: 25.0000 (43.7888)  acc5: 56.2500 (70.8662)  time: 0.2111  data: 0.0003  max mem: 41183
Test:  [6700/7958]  eta: 0:04:26  loss: 2.5480 (2.5511)  acc1: 43.7500 (43.7593)  acc5: 75.0000 (70.8094)  time: 0.2117  data: 0.0003  max mem: 41183
Test:  [6800/7958]  eta: 0:04:04  loss: 2.3748 (2.5505)  acc1: 25.0000 (43.7923)  acc5: 75.0000 (70.8508)  time: 0.2117  data: 0.0003  max mem: 41183
Test:  [6900/7958]  eta: 0:03:43  loss: 2.5300 (2.5474)  acc1: 50.0000 (43.8650)  acc5: 75.0000 (70.9164)  time: 0.2117  data: 0.0003  max mem: 41183
Test:  [7000/7958]  eta: 0:03:22  loss: 1.7456 (2.5483)  acc1: 50.0000 (43.8625)  acc5: 81.2500 (70.8783)  time: 0.2116  data: 0.0003  max mem: 41183
Test:  [7100/7958]  eta: 0:03:01  loss: 1.1726 (2.5491)  acc1: 75.0000 (43.9058)  acc5: 93.7500 (70.8474)  time: 0.2112  data: 0.0003  max mem: 41183
Test:  [7200/7958]  eta: 0:02:40  loss: 3.0152 (2.5558)  acc1: 31.2500 (43.7674)  acc5: 62.5000 (70.7089)  time: 0.2113  data: 0.0003  max mem: 41183
Test:  [7300/7958]  eta: 0:02:19  loss: 2.6186 (2.5499)  acc1: 37.5000 (43.9144)  acc5: 81.2500 (70.8105)  time: 0.2113  data: 0.0003  max mem: 41183
Test:  [7400/7958]  eta: 0:01:58  loss: 3.0607 (2.5533)  acc1: 25.0000 (43.8606)  acc5: 62.5000 (70.7404)  time: 0.2113  data: 0.0004  max mem: 41183
Test:  [7500/7958]  eta: 0:01:36  loss: 2.7985 (2.5560)  acc1: 25.0000 (43.8058)  acc5: 81.2500 (70.6814)  time: 0.2115  data: 0.0003  max mem: 41183
Test:  [7600/7958]  eta: 0:01:15  loss: 1.7364 (2.5593)  acc1: 68.7500 (43.8034)  acc5: 81.2500 (70.6017)  time: 0.2118  data: 0.0003  max mem: 41183
Test:  [7700/7958]  eta: 0:00:54  loss: 2.5493 (2.5623)  acc1: 31.2500 (43.7240)  acc5: 68.7500 (70.5606)  time: 0.2114  data: 0.0003  max mem: 41183
Test:  [7800/7958]  eta: 0:00:33  loss: 1.8940 (2.5609)  acc1: 62.5000 (43.7139)  acc5: 87.5000 (70.6400)  time: 0.2117  data: 0.0003  max mem: 41183
Test:  [7900/7958]  eta: 0:00:12  loss: 1.5152 (2.5568)  acc1: 75.0000 (43.8734)  acc5: 81.2500 (70.6896)  time: 0.2116  data: 0.0003  max mem: 41183
Test: Total time: 0:28:03
 * Acc@1 = 43.90393314903242, Acc@5 = 70.6733789896959, loss = 2.5576557706836467
Namespace(model='QKFormer_10_768', dataset='es-imagenet', num_classes=1000, data_path='/model/es-imagenet', device='cuda', batch_size=16, workers=4, print_freq=3072, output_dir='./logs4', resume='', sync_bn=False, test_only=False, amp=True, world_size=1, dist_url='env://', tb=True, T=8, opt='adamw', opt_eps=1e-08, opt_betas=None, weight_decay=0.01, momentum=0.9, connect_f='ADD', T_train=None, sched='cosine', lr=0.0005, lr_noise=None, lr_noise_pct=0.67, lr_noise_std=1.0, lr_cycle_mul=1.0, lr_cycle_limit=1, warmup_lr=1e-05, min_lr=1e-06, epochs=100, epoch_repeats=0.0, start_epoch=0, decay_epochs=20, warmup_epochs=20, cooldown_epochs=10, patience_epochs=10, decay_rate=0.1, smoothing=0.1, mixup=0.5, cutmix=0.0, cutmix_minmax=None, mixup_prob=0.5, mixup_switch_prob=0.5, mixup_mode='batch', mixup_off_epoch=0, grad_clip=5.0, distributed=False)
Training time 3 days, 15:48:44 max_test_acc1 43.90393314903242 test_acc5_at_max_test_acc1 70.6733789896959
./logs4/QKFormer_10_768_b16_T8_wd0.01_adamw_cnf_ADD/lr0.0005
Epoch: [10]  [    0/71874]  eta: 21:25:23  lr: 0.000255  img/s: 41.48743022717395  loss: 3.5600 (3.5600)  acc1: 43.7500 (43.7500)  acc5: 68.7500 (68.7500)  time: 1.0730  data: 0.6874  max mem: 41183
Epoch: [10]  [ 3072/71874]  eta: 7:05:51  lr: 0.000255  img/s: 43.24228137019332  loss: 3.6935 (4.0438)  acc1: 37.5000 (35.2160)  acc5: 62.5000 (60.4418)  time: 0.3702  data: 0.0002  max mem: 41183
Epoch: [10]  [ 6144/71874]  eta: 6:46:09  lr: 0.000255  img/s: 43.31960156394736  loss: 3.8205 (4.0241)  acc1: 31.2500 (35.2461)  acc5: 56.2500 (60.4282)  time: 0.3697  data: 0.0002  max mem: 41183
Epoch: [10]  [ 9216/71874]  eta: 6:27:12  lr: 0.000255  img/s: 42.9934230673133  loss: 3.5049 (4.0239)  acc1: 31.2500 (35.1579)  acc5: 62.5000 (60.3091)  time: 0.3709  data: 0.0003  max mem: 41183
Epoch: [10]  [12288/71874]  eta: 6:08:26  lr: 0.000255  img/s: 42.91986940268677  loss: 3.9192 (4.0246)  acc1: 31.2500 (35.1885)  acc5: 62.5000 (60.4494)  time: 0.3714  data: 0.0002  max mem: 41183
Epoch: [10]  [15360/71874]  eta: 5:49:27  lr: 0.000255  img/s: 42.67781866930204  loss: 3.9684 (4.0258)  acc1: 31.2500 (35.1470)  acc5: 56.2500 (60.3944)  time: 0.3696  data: 0.0002  max mem: 41183
Epoch: [10]  [18432/71874]  eta: 5:30:31  lr: 0.000255  img/s: 43.00678597177051  loss: 3.2480 (4.0246)  acc1: 37.5000 (35.1710)  acc5: 62.5000 (60.4368)  time: 0.3702  data: 0.0002  max mem: 41183
Epoch: [10]  [21504/71874]  eta: 5:11:27  lr: 0.000255  img/s: 43.47983475957726  loss: 4.2324 (4.0250)  acc1: 37.5000 (35.2148)  acc5: 56.2500 (60.3990)  time: 0.3692  data: 0.0002  max mem: 41183
Epoch: [10]  [24576/71874]  eta: 4:52:26  lr: 0.000255  img/s: 43.07748558282366  loss: 3.5990 (4.0212)  acc1: 37.5000 (35.2695)  acc5: 62.5000 (60.4768)  time: 0.3759  data: 0.0002  max mem: 41183
Epoch: [10]  [27648/71874]  eta: 4:33:25  lr: 0.000255  img/s: 43.293108531357554  loss: 3.8035 (4.0221)  acc1: 37.5000 (35.2730)  acc5: 62.5000 (60.4479)  time: 0.3708  data: 0.0002  max mem: 41183
Epoch: [10]  [30720/71874]  eta: 4:14:25  lr: 0.000255  img/s: 43.38611646631523  loss: 3.6477 (4.0211)  acc1: 31.2500 (35.3120)  acc5: 62.5000 (60.4713)  time: 0.3700  data: 0.0002  max mem: 41183
Epoch: [10]  [33792/71874]  eta: 3:55:23  lr: 0.000255  img/s: 43.49243065947462  loss: 4.0552 (4.0187)  acc1: 31.2500 (35.3483)  acc5: 62.5000 (60.4977)  time: 0.3696  data: 0.0002  max mem: 41183
Epoch: [10]  [36864/71874]  eta: 3:36:21  lr: 0.000255  img/s: 43.00948711391907  loss: 3.7398 (4.0181)  acc1: 37.5000 (35.3523)  acc5: 68.7500 (60.5106)  time: 0.3687  data: 0.0002  max mem: 41183
Epoch: [10]  [39936/71874]  eta: 3:17:20  lr: 0.000255  img/s: 43.286294892311346  loss: 4.0728 (4.0160)  acc1: 31.2500 (35.3682)  acc5: 56.2500 (60.5097)  time: 0.3695  data: 0.0002  max mem: 41183
Epoch: [10]  [43008/71874]  eta: 2:58:21  lr: 0.000255  img/s: 43.4884566682781  loss: 3.9401 (4.0136)  acc1: 31.2500 (35.3797)  acc5: 56.2500 (60.5286)  time: 0.3698  data: 0.0002  max mem: 41183
Epoch: [10]  [46080/71874]  eta: 2:39:21  lr: 0.000255  img/s: 43.17590086424034  loss: 3.8959 (4.0124)  acc1: 31.2500 (35.3941)  acc5: 56.2500 (60.5534)  time: 0.3703  data: 0.0002  max mem: 41183
Epoch: [10]  [49152/71874]  eta: 2:20:23  lr: 0.000255  img/s: 43.398545855727626  loss: 3.6682 (4.0099)  acc1: 37.5000 (35.4430)  acc5: 62.5000 (60.5908)  time: 0.3703  data: 0.0002  max mem: 41183
Epoch: [10]  [52224/71874]  eta: 2:01:24  lr: 0.000255  img/s: 43.41269540410199  loss: 3.7607 (4.0101)  acc1: 37.5000 (35.4624)  acc5: 62.5000 (60.6097)  time: 0.3692  data: 0.0002  max mem: 41183
Epoch: [10]  [55296/71874]  eta: 1:42:25  lr: 0.000255  img/s: 43.15410604347765  loss: 3.4194 (4.0090)  acc1: 37.5000 (35.4918)  acc5: 62.5000 (60.6473)  time: 0.3688  data: 0.0001  max mem: 41183
Epoch: [10]  [58368/71874]  eta: 1:23:26  lr: 0.000255  img/s: 43.10581948048611  loss: 3.6860 (4.0085)  acc1: 31.2500 (35.5197)  acc5: 62.5000 (60.6665)  time: 0.3711  data: 0.0002  max mem: 41183
Epoch: [10]  [61440/71874]  eta: 1:04:28  lr: 0.000255  img/s: 42.64611450526238  loss: 3.5609 (4.0074)  acc1: 37.5000 (35.5404)  acc5: 62.5000 (60.6765)  time: 0.3765  data: 0.0002  max mem: 41183
Epoch: [10]  [64512/71874]  eta: 0:45:29  lr: 0.000255  img/s: 43.386873810008694  loss: 4.0575 (4.0059)  acc1: 25.0000 (35.5496)  acc5: 50.0000 (60.6999)  time: 0.3702  data: 0.0002  max mem: 41183
Epoch: [10]  [67584/71874]  eta: 0:26:30  lr: 0.000255  img/s: 42.91896358317697  loss: 3.9704 (4.0044)  acc1: 37.5000 (35.5952)  acc5: 68.7500 (60.7169)  time: 0.3721  data: 0.0002  max mem: 41183
Epoch: [10]  [70656/71874]  eta: 0:07:31  lr: 0.000255  img/s: 43.08666788226502  loss: 3.7356 (4.0026)  acc1: 37.5000 (35.6197)  acc5: 62.5000 (60.7476)  time: 0.3712  data: 0.0002  max mem: 41183
Epoch: [10] Total time: 7:24:16
Test:  [   0/7958]  eta: 1:43:31  loss: 0.7771 (0.7771)  acc1: 87.5000 (87.5000)  acc5: 100.0000 (100.0000)  time: 0.7806  data: 0.5705  max mem: 41183
Test:  [ 100/7958]  eta: 0:28:25  loss: 1.7577 (1.9019)  acc1: 56.2500 (56.6832)  acc5: 81.2500 (80.5693)  time: 0.2112  data: 0.0004  max mem: 41183
Test:  [ 200/7958]  eta: 0:27:42  loss: 2.4993 (2.0763)  acc1: 25.0000 (52.5187)  acc5: 62.5000 (77.6119)  time: 0.2118  data: 0.0004  max mem: 41183
Test:  [ 300/7958]  eta: 0:27:14  loss: 1.7992 (2.1173)  acc1: 56.2500 (51.7027)  acc5: 75.0000 (76.8272)  time: 0.2119  data: 0.0003  max mem: 41183
Test:  [ 400/7958]  eta: 0:26:49  loss: 1.3357 (1.9973)  acc1: 56.2500 (53.8498)  acc5: 87.5000 (78.4445)  time: 0.2114  data: 0.0003  max mem: 41183
Test:  [ 500/7958]  eta: 0:26:25  loss: 2.2475 (2.0501)  acc1: 50.0000 (53.3059)  acc5: 68.7500 (77.3952)  time: 0.2118  data: 0.0003  max mem: 41183
Test:  [ 600/7958]  eta: 0:26:03  loss: 3.0916 (2.1501)  acc1: 18.7500 (50.6448)  acc5: 62.5000 (75.7696)  time: 0.2115  data: 0.0003  max mem: 41183
Test:  [ 700/7958]  eta: 0:25:40  loss: 2.9798 (2.2937)  acc1: 31.2500 (47.1737)  acc5: 62.5000 (73.2525)  time: 0.2111  data: 0.0003  max mem: 41183
Test:  [ 800/7958]  eta: 0:25:18  loss: 1.9659 (2.2957)  acc1: 43.7500 (46.7463)  acc5: 81.2500 (73.2366)  time: 0.2114  data: 0.0003  max mem: 41183
Test:  [ 900/7958]  eta: 0:24:57  loss: 2.0567 (2.3225)  acc1: 56.2500 (45.9143)  acc5: 75.0000 (72.9745)  time: 0.2113  data: 0.0003  max mem: 41183
Test:  [1000/7958]  eta: 0:24:35  loss: 2.9533 (2.3978)  acc1: 25.0000 (44.0559)  acc5: 56.2500 (71.5847)  time: 0.2115  data: 0.0003  max mem: 41183
Test:  [1100/7958]  eta: 0:24:14  loss: 2.1605 (2.4116)  acc1: 50.0000 (43.6535)  acc5: 75.0000 (71.6054)  time: 0.2118  data: 0.0003  max mem: 41183
Test:  [1200/7958]  eta: 0:23:52  loss: 2.8443 (2.4222)  acc1: 25.0000 (43.0475)  acc5: 68.7500 (71.6694)  time: 0.2116  data: 0.0003  max mem: 41183
Test:  [1300/7958]  eta: 0:23:30  loss: 2.3600 (2.4204)  acc1: 50.0000 (42.9573)  acc5: 75.0000 (71.9110)  time: 0.2118  data: 0.0003  max mem: 41183
Test:  [1400/7958]  eta: 0:23:09  loss: 3.3711 (2.4306)  acc1: 6.2500 (42.7195)  acc5: 50.0000 (71.6765)  time: 0.2117  data: 0.0003  max mem: 41183
Test:  [1500/7958]  eta: 0:22:48  loss: 1.9103 (2.4493)  acc1: 31.2500 (42.1677)  acc5: 81.2500 (71.4149)  time: 0.2114  data: 0.0003  max mem: 41183
Test:  [1600/7958]  eta: 0:22:27  loss: 2.3247 (2.4404)  acc1: 37.5000 (42.1143)  acc5: 75.0000 (71.6037)  time: 0.2114  data: 0.0003  max mem: 41183
Test:  [1700/7958]  eta: 0:22:05  loss: 1.4321 (2.4103)  acc1: 50.0000 (42.6073)  acc5: 93.7500 (72.2149)  time: 0.2114  data: 0.0003  max mem: 41183
Test:  [1800/7958]  eta: 0:21:44  loss: 1.0567 (2.3804)  acc1: 75.0000 (43.3821)  acc5: 93.7500 (72.6437)  time: 0.2115  data: 0.0003  max mem: 41183
Test:  [1900/7958]  eta: 0:21:23  loss: 2.6340 (2.3711)  acc1: 31.2500 (43.4179)  acc5: 68.7500 (72.9419)  time: 0.2114  data: 0.0003  max mem: 41183
Test:  [2000/7958]  eta: 0:21:01  loss: 0.6228 (2.3345)  acc1: 87.5000 (44.3185)  acc5: 93.7500 (73.4601)  time: 0.2119  data: 0.0004  max mem: 41183
Test:  [2100/7958]  eta: 0:20:40  loss: 1.3614 (2.3088)  acc1: 68.7500 (45.0351)  acc5: 81.2500 (73.8279)  time: 0.2119  data: 0.0003  max mem: 41183
Test:  [2200/7958]  eta: 0:20:19  loss: 1.6929 (2.3065)  acc1: 56.2500 (45.1585)  acc5: 87.5000 (73.9067)  time: 0.2120  data: 0.0003  max mem: 41183
Test:  [2300/7958]  eta: 0:19:58  loss: 2.7087 (2.3054)  acc1: 31.2500 (45.1081)  acc5: 68.7500 (74.0194)  time: 0.2115  data: 0.0003  max mem: 41183
Test:  [2400/7958]  eta: 0:19:36  loss: 2.5566 (2.3156)  acc1: 37.5000 (45.0411)  acc5: 68.7500 (73.8468)  time: 0.2115  data: 0.0004  max mem: 41183
Test:  [2500/7958]  eta: 0:19:15  loss: 2.8953 (2.3268)  acc1: 12.5000 (44.6871)  acc5: 62.5000 (73.6780)  time: 0.2114  data: 0.0003  max mem: 41183
Test:  [2600/7958]  eta: 0:18:54  loss: 2.7495 (2.3199)  acc1: 31.2500 (44.8529)  acc5: 62.5000 (73.7649)  time: 0.2115  data: 0.0003  max mem: 41183
Test:  [2700/7958]  eta: 0:18:33  loss: 2.0118 (2.3038)  acc1: 56.2500 (45.2772)  acc5: 81.2500 (73.9957)  time: 0.2112  data: 0.0003  max mem: 41183
Test:  [2800/7958]  eta: 0:18:12  loss: 2.3111 (2.2976)  acc1: 50.0000 (45.4771)  acc5: 75.0000 (74.1253)  time: 0.2118  data: 0.0003  max mem: 41183
Test:  [2900/7958]  eta: 0:17:50  loss: 2.4275 (2.3121)  acc1: 37.5000 (45.2775)  acc5: 68.7500 (73.8883)  time: 0.2119  data: 0.0003  max mem: 41183
Test:  [3000/7958]  eta: 0:17:29  loss: 1.9967 (2.3285)  acc1: 31.2500 (44.9309)  acc5: 87.5000 (73.6734)  time: 0.2117  data: 0.0003  max mem: 41183
Test:  [3100/7958]  eta: 0:17:08  loss: 2.1500 (2.3413)  acc1: 37.5000 (44.7678)  acc5: 62.5000 (73.4118)  time: 0.2116  data: 0.0003  max mem: 41183
Test:  [3200/7958]  eta: 0:16:47  loss: 2.9897 (2.3421)  acc1: 31.2500 (44.8903)  acc5: 62.5000 (73.3833)  time: 0.2112  data: 0.0003  max mem: 41183
Test:  [3300/7958]  eta: 0:16:26  loss: 2.9195 (2.3533)  acc1: 31.2500 (44.7099)  acc5: 62.5000 (73.1653)  time: 0.2113  data: 0.0003  max mem: 41183
Test:  [3400/7958]  eta: 0:16:04  loss: 2.0559 (2.3458)  acc1: 50.0000 (44.9794)  acc5: 68.7500 (73.2193)  time: 0.2109  data: 0.0003  max mem: 41183
Test:  [3500/7958]  eta: 0:15:43  loss: 1.8737 (2.3426)  acc1: 50.0000 (45.0728)  acc5: 75.0000 (73.2969)  time: 0.2109  data: 0.0003  max mem: 41183
Test:  [3600/7958]  eta: 0:15:22  loss: 2.2881 (2.3438)  acc1: 43.7500 (45.0986)  acc5: 75.0000 (73.2835)  time: 0.2108  data: 0.0003  max mem: 41183
Test:  [3700/7958]  eta: 0:15:01  loss: 2.9915 (2.3441)  acc1: 25.0000 (45.1483)  acc5: 62.5000 (73.2826)  time: 0.2117  data: 0.0003  max mem: 41183
Test:  [3800/7958]  eta: 0:14:40  loss: 2.2043 (2.3480)  acc1: 43.7500 (45.0967)  acc5: 75.0000 (73.2159)  time: 0.2119  data: 0.0003  max mem: 41183
Test:  [3900/7958]  eta: 0:14:18  loss: 2.0988 (2.3419)  acc1: 50.0000 (45.3249)  acc5: 81.2500 (73.3338)  time: 0.2119  data: 0.0003  max mem: 41183
Test:  [4000/7958]  eta: 0:13:57  loss: 3.2426 (2.3447)  acc1: 18.7500 (45.3105)  acc5: 62.5000 (73.2723)  time: 0.2114  data: 0.0003  max mem: 41183
Test:  [4100/7958]  eta: 0:13:36  loss: 1.7266 (2.3439)  acc1: 56.2500 (45.3990)  acc5: 75.0000 (73.2459)  time: 0.2114  data: 0.0003  max mem: 41183
Test:  [4200/7958]  eta: 0:13:15  loss: 2.4240 (2.3463)  acc1: 37.5000 (45.4341)  acc5: 68.7500 (73.2058)  time: 0.2113  data: 0.0003  max mem: 41183
Test:  [4300/7958]  eta: 0:12:54  loss: 2.2065 (2.3385)  acc1: 43.7500 (45.5926)  acc5: 75.0000 (73.3347)  time: 0.2114  data: 0.0003  max mem: 41183
Test:  [4400/7958]  eta: 0:12:32  loss: 1.2712 (2.3483)  acc1: 68.7500 (45.5280)  acc5: 81.2500 (73.1581)  time: 0.2113  data: 0.0003  max mem: 41183
Test:  [4500/7958]  eta: 0:12:11  loss: 2.6097 (2.3545)  acc1: 37.5000 (45.4163)  acc5: 62.5000 (73.0685)  time: 0.2112  data: 0.0003  max mem: 41183
Test:  [4600/7958]  eta: 0:11:50  loss: 2.7283 (2.3619)  acc1: 37.5000 (45.4168)  acc5: 75.0000 (72.9352)  time: 0.2117  data: 0.0003  max mem: 41183
Test:  [4700/7958]  eta: 0:11:29  loss: 2.1793 (2.3721)  acc1: 50.0000 (45.2005)  acc5: 68.7500 (72.7757)  time: 0.2115  data: 0.0003  max mem: 41183
Test:  [4800/7958]  eta: 0:11:08  loss: 2.1579 (2.3754)  acc1: 50.0000 (45.1768)  acc5: 81.2500 (72.7479)  time: 0.2119  data: 0.0003  max mem: 41183
Test:  [4900/7958]  eta: 0:10:47  loss: 2.5026 (2.3781)  acc1: 37.5000 (45.1910)  acc5: 68.7500 (72.6943)  time: 0.2115  data: 0.0003  max mem: 41183
Test:  [5000/7958]  eta: 0:10:25  loss: 2.3975 (2.3758)  acc1: 31.2500 (45.1872)  acc5: 81.2500 (72.7754)  time: 0.2113  data: 0.0003  max mem: 41183
Test:  [5100/7958]  eta: 0:10:04  loss: 2.9641 (2.3713)  acc1: 37.5000 (45.2705)  acc5: 56.2500 (72.8595)  time: 0.2111  data: 0.0003  max mem: 41183
Test:  [5200/7958]  eta: 0:09:43  loss: 1.1145 (2.3683)  acc1: 75.0000 (45.3663)  acc5: 87.5000 (72.8922)  time: 0.2112  data: 0.0003  max mem: 41183
Test:  [5300/7958]  eta: 0:09:22  loss: 3.0511 (2.3733)  acc1: 25.0000 (45.3264)  acc5: 50.0000 (72.8164)  time: 0.2113  data: 0.0003  max mem: 41183
Test:  [5400/7958]  eta: 0:09:01  loss: 2.3562 (2.3731)  acc1: 43.7500 (45.3816)  acc5: 75.0000 (72.7967)  time: 0.2114  data: 0.0003  max mem: 41183
Test:  [5500/7958]  eta: 0:08:40  loss: 1.4448 (2.3720)  acc1: 62.5000 (45.4202)  acc5: 87.5000 (72.7936)  time: 0.2117  data: 0.0003  max mem: 41183
Test:  [5600/7958]  eta: 0:08:18  loss: 2.2104 (2.3734)  acc1: 50.0000 (45.4339)  acc5: 75.0000 (72.7616)  time: 0.2115  data: 0.0003  max mem: 41183
Test:  [5700/7958]  eta: 0:07:57  loss: 2.1970 (2.3728)  acc1: 50.0000 (45.4449)  acc5: 68.7500 (72.7734)  time: 0.2118  data: 0.0003  max mem: 41183
Test:  [5800/7958]  eta: 0:07:36  loss: 3.0071 (2.3782)  acc1: 37.5000 (45.3672)  acc5: 62.5000 (72.6750)  time: 0.2114  data: 0.0003  max mem: 41183
Test:  [5900/7958]  eta: 0:07:15  loss: 1.5395 (2.3756)  acc1: 56.2500 (45.4626)  acc5: 75.0000 (72.6932)  time: 0.2113  data: 0.0003  max mem: 41183
Test:  [6000/7958]  eta: 0:06:54  loss: 2.1384 (2.3816)  acc1: 50.0000 (45.4143)  acc5: 81.2500 (72.5858)  time: 0.2112  data: 0.0003  max mem: 41183
Test:  [6100/7958]  eta: 0:06:33  loss: 2.1078 (2.3822)  acc1: 43.7500 (45.4260)  acc5: 75.0000 (72.5762)  time: 0.2112  data: 0.0003  max mem: 41183
Test:  [6200/7958]  eta: 0:06:11  loss: 2.2532 (2.3864)  acc1: 50.0000 (45.4322)  acc5: 75.0000 (72.5065)  time: 0.2113  data: 0.0003  max mem: 41183
Test:  [6300/7958]  eta: 0:05:50  loss: 1.8974 (2.3833)  acc1: 37.5000 (45.5503)  acc5: 75.0000 (72.5599)  time: 0.2114  data: 0.0003  max mem: 41183
Test:  [6400/7958]  eta: 0:05:29  loss: 1.3488 (2.3859)  acc1: 68.7500 (45.5339)  acc5: 87.5000 (72.5170)  time: 0.2119  data: 0.0003  max mem: 41183
Test:  [6500/7958]  eta: 0:05:08  loss: 0.7540 (2.3851)  acc1: 87.5000 (45.6093)  acc5: 93.7500 (72.5090)  time: 0.2118  data: 0.0003  max mem: 41183
Test:  [6600/7958]  eta: 0:04:47  loss: 2.5376 (2.3908)  acc1: 37.5000 (45.5196)  acc5: 68.7500 (72.4057)  time: 0.2117  data: 0.0003  max mem: 41183
Test:  [6700/7958]  eta: 0:04:26  loss: 2.4184 (2.3881)  acc1: 31.2500 (45.5697)  acc5: 81.2500 (72.4621)  time: 0.2111  data: 0.0003  max mem: 41183
Test:  [6800/7958]  eta: 0:04:04  loss: 2.1749 (2.3900)  acc1: 31.2500 (45.5025)  acc5: 75.0000 (72.4756)  time: 0.2113  data: 0.0003  max mem: 41183
Test:  [6900/7958]  eta: 0:03:43  loss: 2.2261 (2.3849)  acc1: 43.7500 (45.5885)  acc5: 68.7500 (72.5629)  time: 0.2112  data: 0.0003  max mem: 41183
Test:  [7000/7958]  eta: 0:03:22  loss: 1.2984 (2.3805)  acc1: 68.7500 (45.7363)  acc5: 87.5000 (72.6057)  time: 0.2114  data: 0.0003  max mem: 41183
Test:  [7100/7958]  eta: 0:03:01  loss: 0.8125 (2.3809)  acc1: 81.2500 (45.7823)  acc5: 93.7500 (72.5567)  time: 0.2110  data: 0.0003  max mem: 41183
Test:  [7200/7958]  eta: 0:02:40  loss: 3.1183 (2.3854)  acc1: 31.2500 (45.7176)  acc5: 62.5000 (72.4908)  time: 0.2121  data: 0.0003  max mem: 41183
Test:  [7300/7958]  eta: 0:02:19  loss: 2.0392 (2.3782)  acc1: 37.5000 (45.8602)  acc5: 81.2500 (72.6185)  time: 0.2115  data: 0.0003  max mem: 41183
Test:  [7400/7958]  eta: 0:01:58  loss: 2.6970 (2.3828)  acc1: 31.2500 (45.7877)  acc5: 68.7500 (72.5620)  time: 0.2116  data: 0.0003  max mem: 41183
Test:  [7500/7958]  eta: 0:01:36  loss: 2.4466 (2.3857)  acc1: 37.5000 (45.7139)  acc5: 75.0000 (72.5087)  time: 0.2115  data: 0.0003  max mem: 41183
Test:  [7600/7958]  eta: 0:01:15  loss: 1.6653 (2.3858)  acc1: 68.7500 (45.7563)  acc5: 81.2500 (72.4929)  time: 0.2111  data: 0.0003  max mem: 41183
Test:  [7700/7958]  eta: 0:00:54  loss: 2.5400 (2.3886)  acc1: 25.0000 (45.6621)  acc5: 68.7500 (72.4459)  time: 0.2114  data: 0.0004  max mem: 41183
Test:  [7800/7958]  eta: 0:00:33  loss: 1.4228 (2.3869)  acc1: 68.7500 (45.6552)  acc5: 87.5000 (72.5107)  time: 0.2110  data: 0.0003  max mem: 41183
Test:  [7900/7958]  eta: 0:00:12  loss: 1.1312 (2.3821)  acc1: 68.7500 (45.7996)  acc5: 93.7500 (72.5652)  time: 0.2116  data: 0.0003  max mem: 41183
Test: Total time: 0:28:03
 * Acc@1 = 45.85637094747424, Acc@5 = 72.57790902236744, loss = 2.3810905765463066
Namespace(model='QKFormer_10_768', dataset='es-imagenet', num_classes=1000, data_path='/model/es-imagenet', device='cuda', batch_size=16, workers=4, print_freq=3072, output_dir='./logs4', resume='', sync_bn=False, test_only=False, amp=True, world_size=1, dist_url='env://', tb=True, T=8, opt='adamw', opt_eps=1e-08, opt_betas=None, weight_decay=0.01, momentum=0.9, connect_f='ADD', T_train=None, sched='cosine', lr=0.0005, lr_noise=None, lr_noise_pct=0.67, lr_noise_std=1.0, lr_cycle_mul=1.0, lr_cycle_limit=1, warmup_lr=1e-05, min_lr=1e-06, epochs=100, epoch_repeats=0.0, start_epoch=0, decay_epochs=20, warmup_epochs=20, cooldown_epochs=10, patience_epochs=10, decay_rate=0.1, smoothing=0.1, mixup=0.5, cutmix=0.0, cutmix_minmax=None, mixup_prob=0.5, mixup_switch_prob=0.5, mixup_mode='batch', mixup_off_epoch=0, grad_clip=5.0, distributed=False)
Training time 3 days, 23:41:08 max_test_acc1 45.85637094747424 test_acc5_at_max_test_acc1 72.57790902236744
./logs4/QKFormer_10_768_b16_T8_wd0.01_adamw_cnf_ADD/lr0.0005
Epoch: [11]  [    0/71874]  eta: 1 day, 19:57:04  lr: 0.0002795  img/s: 42.14967880031856  loss: 4.2482 (4.2482)  acc1: 25.0000 (25.0000)  acc5: 68.7500 (68.7500)  time: 2.2014  data: 1.8218  max mem: 41183
Epoch: [11]  [ 3072/71874]  eta: 7:07:35  lr: 0.0002795  img/s: 42.85997560305792  loss: 3.3871 (3.9177)  acc1: 37.5000 (37.3068)  acc5: 62.5000 (62.6891)  time: 0.3708  data: 0.0002  max mem: 41183
Epoch: [11]  [ 6144/71874]  eta: 6:47:32  lr: 0.0002795  img/s: 42.72697313968028  loss: 3.7750 (3.9290)  acc1: 37.5000 (37.2152)  acc5: 68.7500 (62.4776)  time: 0.3703  data: 0.0002  max mem: 41183
Epoch: [11]  [ 9216/71874]  eta: 6:28:17  lr: 0.0002795  img/s: 43.09142651666924  loss: 3.4503 (3.9347)  acc1: 37.5000 (37.0077)  acc5: 62.5000 (62.2728)  time: 0.3717  data: 0.0002  max mem: 41183
Epoch: [11]  [12288/71874]  eta: 6:09:14  lr: 0.0002795  img/s: 43.43629849934789  loss: 3.2160 (3.9433)  acc1: 43.7500 (36.8887)  acc5: 75.0000 (62.1303)  time: 0.3696  data: 0.0002  max mem: 41183
Epoch: [11]  [15360/71874]  eta: 5:50:15  lr: 0.0002795  img/s: 43.109640766183894  loss: 3.7107 (3.9414)  acc1: 37.5000 (36.9304)  acc5: 56.2500 (62.1245)  time: 0.3707  data: 0.0002  max mem: 41183
Epoch: [11]  [18432/71874]  eta: 5:31:14  lr: 0.0002795  img/s: 42.69992281942609  loss: 3.6081 (3.9473)  acc1: 37.5000 (36.8795)  acc5: 62.5000 (62.0704)  time: 0.3712  data: 0.0002  max mem: 41183
Epoch: [11]  [21504/71874]  eta: 5:12:11  lr: 0.0002795  img/s: 43.30009194408509  loss: 3.8146 (3.9450)  acc1: 31.2500 (36.8894)  acc5: 62.5000 (62.0777)  time: 0.3763  data: 0.0001  max mem: 41183
Epoch: [11]  [24576/71874]  eta: 4:53:09  lr: 0.0002795  img/s: 43.375264111418986  loss: 3.8207 (3.9428)  acc1: 31.2500 (36.8955)  acc5: 56.2500 (62.1013)  time: 0.3701  data: 0.0002  max mem: 41183
Epoch: [11]  [27648/71874]  eta: 4:34:07  lr: 0.0002795  img/s: 43.21952878259391  loss: 3.7480 (3.9393)  acc1: 31.2500 (36.9383)  acc5: 62.5000 (62.1946)  time: 0.3749  data: 0.0002  max mem: 41183
Epoch: [11]  [30720/71874]  eta: 4:15:04  lr: 0.0002795  img/s: 43.3359662966914  loss: 3.8841 (3.9382)  acc1: 37.5000 (36.9814)  acc5: 62.5000 (62.2477)  time: 0.3710  data: 0.0002  max mem: 41183
Epoch: [11]  [33792/71874]  eta: 3:56:01  lr: 0.0002795  img/s: 43.08550604979282  loss: 3.8208 (3.9376)  acc1: 31.2500 (37.0180)  acc5: 56.2500 (62.2461)  time: 0.3771  data: 0.0002  max mem: 41183
Epoch: [11]  [36864/71874]  eta: 3:36:59  lr: 0.0002795  img/s: 43.353995793085986  loss: 3.5020 (3.9368)  acc1: 37.5000 (37.0360)  acc5: 62.5000 (62.2643)  time: 0.3705  data: 0.0002  max mem: 41183
Epoch: [11]  [39936/71874]  eta: 3:17:55  lr: 0.0002795  img/s: 43.35155925491678  loss: 3.9621 (3.9355)  acc1: 31.2500 (37.0887)  acc5: 56.2500 (62.2911)  time: 0.3703  data: 0.0002  max mem: 41183
Epoch: [11]  [43008/71874]  eta: 2:58:51  lr: 0.0002795  img/s: 43.334343258234696  loss: 3.4699 (3.9357)  acc1: 37.5000 (37.0794)  acc5: 68.7500 (62.2809)  time: 0.3698  data: 0.0002  max mem: 41183
Epoch: [11]  [46080/71874]  eta: 2:39:47  lr: 0.0002795  img/s: 43.38345194866819  loss: 3.9889 (3.9351)  acc1: 43.7500 (37.0844)  acc5: 56.2500 (62.2877)  time: 0.3697  data: 0.0002  max mem: 41183
Epoch: [11]  [49152/71874]  eta: 2:20:43  lr: 0.0002795  img/s: 34.093137668296755  loss: 3.6873 (3.9352)  acc1: 43.7500 (37.0895)  acc5: 62.5000 (62.2800)  time: 0.3750  data: 0.0002  max mem: 41183
Epoch: [11]  [52224/71874]  eta: 2:01:42  lr: 0.0002795  img/s: 43.11700834470547  loss: 3.8284 (3.9360)  acc1: 37.5000 (37.0815)  acc5: 62.5000 (62.2694)  time: 0.3713  data: 0.0002  max mem: 41183
Epoch: [11]  [55296/71874]  eta: 1:42:40  lr: 0.0002795  img/s: 42.983041554819835  loss: 3.9535 (3.9350)  acc1: 37.5000 (37.0856)  acc5: 62.5000 (62.2886)  time: 0.3778  data: 0.0002  max mem: 41183
Epoch: [11]  [58368/71874]  eta: 1:23:39  lr: 0.0002795  img/s: 43.252119460625146  loss: 3.6499 (3.9332)  acc1: 43.7500 (37.1170)  acc5: 68.7500 (62.3190)  time: 0.3714  data: 0.0002  max mem: 41183
Epoch: [11]  [61440/71874]  eta: 1:04:37  lr: 0.0002795  img/s: 43.07060142621235  loss: 3.3389 (3.9323)  acc1: 37.5000 (37.1255)  acc5: 68.7500 (62.3268)  time: 0.3702  data: 0.0002  max mem: 41183
Epoch: [11]  [64512/71874]  eta: 0:45:35  lr: 0.0002795  img/s: 42.65042393751871  loss: 3.7976 (3.9301)  acc1: 31.2500 (37.1709)  acc5: 62.5000 (62.3557)  time: 0.3702  data: 0.0002  max mem: 41183
Epoch: [11]  [67584/71874]  eta: 0:26:34  lr: 0.0002795  img/s: 43.22401056819506  loss: 3.6616 (3.9285)  acc1: 37.5000 (37.1893)  acc5: 62.5000 (62.3754)  time: 0.3717  data: 0.0002  max mem: 41183
Epoch: [11]  [70656/71874]  eta: 0:07:32  lr: 0.0002795  img/s: 42.97844444985251  loss: 3.9937 (3.9270)  acc1: 31.2500 (37.2206)  acc5: 62.5000 (62.4084)  time: 0.3714  data: 0.0002  max mem: 41183
Epoch: [11] Total time: 7:25:13
Test:  [   0/7958]  eta: 1:56:19  loss: 0.4470 (0.4470)  acc1: 93.7500 (93.7500)  acc5: 100.0000 (100.0000)  time: 0.8771  data: 0.6678  max mem: 41183
Test:  [ 100/7958]  eta: 0:28:31  loss: 2.3249 (1.9126)  acc1: 50.0000 (59.1584)  acc5: 75.0000 (79.2698)  time: 0.2111  data: 0.0003  max mem: 41183
Test:  [ 200/7958]  eta: 0:27:45  loss: 3.0286 (2.2871)  acc1: 18.7500 (49.2537)  acc5: 68.7500 (74.9067)  time: 0.2123  data: 0.0003  max mem: 41183
Test:  [ 300/7958]  eta: 0:27:16  loss: 1.5230 (2.2067)  acc1: 62.5000 (50.8929)  acc5: 87.5000 (75.9344)  time: 0.2120  data: 0.0003  max mem: 41183
Test:  [ 400/7958]  eta: 0:26:51  loss: 1.3110 (2.1114)  acc1: 68.7500 (52.4002)  acc5: 87.5000 (77.7743)  time: 0.2116  data: 0.0003  max mem: 41183
Test:  [ 500/7958]  eta: 0:26:27  loss: 2.5880 (2.0993)  acc1: 43.7500 (52.7819)  acc5: 75.0000 (77.8568)  time: 0.2113  data: 0.0003  max mem: 41183
Test:  [ 600/7958]  eta: 0:26:04  loss: 2.9387 (2.2344)  acc1: 12.5000 (49.3032)  acc5: 56.2500 (75.6864)  time: 0.2115  data: 0.0003  max mem: 41183
Test:  [ 700/7958]  eta: 0:25:42  loss: 2.8363 (2.3591)  acc1: 25.0000 (46.0681)  acc5: 62.5000 (73.4041)  time: 0.2116  data: 0.0003  max mem: 41183
Test:  [ 800/7958]  eta: 0:25:20  loss: 1.7554 (2.4039)  acc1: 31.2500 (45.0453)  acc5: 81.2500 (72.5343)  time: 0.2114  data: 0.0004  max mem: 41183
Test:  [ 900/7958]  eta: 0:24:58  loss: 2.3312 (2.4144)  acc1: 43.7500 (44.8183)  acc5: 75.0000 (72.5375)  time: 0.2114  data: 0.0003  max mem: 41183
Test:  [1000/7958]  eta: 0:24:36  loss: 2.2992 (2.4478)  acc1: 56.2500 (44.2932)  acc5: 75.0000 (72.0155)  time: 0.2121  data: 0.0003  max mem: 41183
Test:  [1100/7958]  eta: 0:24:15  loss: 2.6117 (2.4951)  acc1: 43.7500 (43.4435)  acc5: 75.0000 (71.2648)  time: 0.2120  data: 0.0004  max mem: 41183
Test:  [1200/7958]  eta: 0:23:53  loss: 2.8594 (2.5379)  acc1: 37.5000 (42.4074)  acc5: 62.5000 (70.4985)  time: 0.2121  data: 0.0003  max mem: 41183
Test:  [1300/7958]  eta: 0:23:32  loss: 2.8214 (2.5358)  acc1: 37.5000 (42.2415)  acc5: 75.0000 (70.6716)  time: 0.2117  data: 0.0003  max mem: 41183
Test:  [1400/7958]  eta: 0:23:10  loss: 3.2791 (2.5270)  acc1: 18.7500 (42.4384)  acc5: 56.2500 (70.8066)  time: 0.2113  data: 0.0003  max mem: 41183
Test:  [1500/7958]  eta: 0:22:49  loss: 2.4444 (2.5523)  acc1: 37.5000 (41.8929)  acc5: 68.7500 (70.3989)  time: 0.2114  data: 0.0003  max mem: 41183
Test:  [1600/7958]  eta: 0:22:28  loss: 2.5000 (2.5510)  acc1: 31.2500 (41.7122)  acc5: 75.0000 (70.6121)  time: 0.2115  data: 0.0003  max mem: 41183
Test:  [1700/7958]  eta: 0:22:06  loss: 1.6357 (2.5335)  acc1: 56.2500 (42.2288)  acc5: 87.5000 (71.0979)  time: 0.2115  data: 0.0003  max mem: 41183
Test:  [1800/7958]  eta: 0:21:45  loss: 1.4686 (2.4984)  acc1: 62.5000 (43.0733)  acc5: 87.5000 (71.6616)  time: 0.2118  data: 0.0003  max mem: 41183
Test:  [1900/7958]  eta: 0:21:24  loss: 3.1562 (2.5074)  acc1: 31.2500 (42.9642)  acc5: 62.5000 (71.6268)  time: 0.2118  data: 0.0003  max mem: 41183
Test:  [2000/7958]  eta: 0:21:02  loss: 1.2529 (2.4819)  acc1: 68.7500 (43.6313)  acc5: 93.7500 (72.0546)  time: 0.2121  data: 0.0003  max mem: 41183
Test:  [2100/7958]  eta: 0:20:41  loss: 1.8736 (2.4540)  acc1: 56.2500 (44.4074)  acc5: 81.2500 (72.4893)  time: 0.2118  data: 0.0003  max mem: 41183
Test:  [2200/7958]  eta: 0:20:20  loss: 2.6495 (2.4634)  acc1: 31.2500 (44.2356)  acc5: 75.0000 (72.3450)  time: 0.2115  data: 0.0003  max mem: 41183
Test:  [2300/7958]  eta: 0:19:58  loss: 3.3083 (2.4755)  acc1: 25.0000 (44.0108)  acc5: 56.2500 (72.2023)  time: 0.2114  data: 0.0003  max mem: 41183
Test:  [2400/7958]  eta: 0:19:37  loss: 2.0717 (2.4868)  acc1: 43.7500 (43.9140)  acc5: 81.2500 (71.9986)  time: 0.2115  data: 0.0003  max mem: 41183
Test:  [2500/7958]  eta: 0:19:16  loss: 2.7739 (2.4959)  acc1: 25.0000 (43.5651)  acc5: 68.7500 (71.8862)  time: 0.2114  data: 0.0003  max mem: 41183
Test:  [2600/7958]  eta: 0:18:55  loss: 3.5698 (2.4842)  acc1: 12.5000 (43.7692)  acc5: 62.5000 (72.0060)  time: 0.2115  data: 0.0003  max mem: 41183
Test:  [2700/7958]  eta: 0:18:33  loss: 1.3846 (2.4591)  acc1: 68.7500 (44.2822)  acc5: 87.5000 (72.3459)  time: 0.2118  data: 0.0003  max mem: 41183
Test:  [2800/7958]  eta: 0:18:12  loss: 2.2209 (2.4450)  acc1: 50.0000 (44.6604)  acc5: 68.7500 (72.5901)  time: 0.2120  data: 0.0003  max mem: 41183
Test:  [2900/7958]  eta: 0:17:51  loss: 1.3240 (2.4541)  acc1: 62.5000 (44.6032)  acc5: 87.5000 (72.4018)  time: 0.2121  data: 0.0003  max mem: 41183
Test:  [3000/7958]  eta: 0:17:30  loss: 1.6906 (2.4585)  acc1: 37.5000 (44.5664)  acc5: 87.5000 (72.3426)  time: 0.2116  data: 0.0003  max mem: 41183
Test:  [3100/7958]  eta: 0:17:09  loss: 2.5099 (2.4619)  acc1: 56.2500 (44.6207)  acc5: 68.7500 (72.2851)  time: 0.2115  data: 0.0003  max mem: 41183
Test:  [3200/7958]  eta: 0:16:47  loss: 2.2892 (2.4536)  acc1: 50.0000 (44.8629)  acc5: 81.2500 (72.4090)  time: 0.2116  data: 0.0004  max mem: 41183
Test:  [3300/7958]  eta: 0:16:26  loss: 2.5737 (2.4752)  acc1: 31.2500 (44.5812)  acc5: 62.5000 (72.0236)  time: 0.2113  data: 0.0003  max mem: 41183
Test:  [3400/7958]  eta: 0:16:05  loss: 2.5815 (2.4713)  acc1: 37.5000 (44.6983)  acc5: 68.7500 (72.0928)  time: 0.2113  data: 0.0003  max mem: 41183
Test:  [3500/7958]  eta: 0:15:44  loss: 2.0604 (2.4707)  acc1: 50.0000 (44.6390)  acc5: 81.2500 (72.1562)  time: 0.2117  data: 0.0003  max mem: 41183
Test:  [3600/7958]  eta: 0:15:23  loss: 2.8852 (2.4802)  acc1: 37.5000 (44.4894)  acc5: 62.5000 (72.0217)  time: 0.2117  data: 0.0003  max mem: 41183
Test:  [3700/7958]  eta: 0:15:01  loss: 3.7331 (2.4884)  acc1: 18.7500 (44.3157)  acc5: 50.0000 (71.9299)  time: 0.2120  data: 0.0003  max mem: 41183
Test:  [3800/7958]  eta: 0:14:40  loss: 2.2009 (2.4920)  acc1: 43.7500 (44.2680)  acc5: 81.2500 (71.9005)  time: 0.2118  data: 0.0003  max mem: 41183
Test:  [3900/7958]  eta: 0:14:19  loss: 1.8225 (2.4839)  acc1: 56.2500 (44.5238)  acc5: 81.2500 (72.0280)  time: 0.2116  data: 0.0003  max mem: 41183
Test:  [4000/7958]  eta: 0:13:58  loss: 2.6000 (2.4861)  acc1: 31.2500 (44.4483)  acc5: 75.0000 (71.9929)  time: 0.2112  data: 0.0003  max mem: 41183
Test:  [4100/7958]  eta: 0:13:37  loss: 1.6958 (2.4823)  acc1: 62.5000 (44.5455)  acc5: 81.2500 (72.0434)  time: 0.2115  data: 0.0003  max mem: 41183
Test:  [4200/7958]  eta: 0:13:15  loss: 2.6940 (2.4787)  acc1: 43.7500 (44.6694)  acc5: 62.5000 (72.1034)  time: 0.2115  data: 0.0003  max mem: 41183
Test:  [4300/7958]  eta: 0:12:54  loss: 2.6723 (2.4745)  acc1: 37.5000 (44.7846)  acc5: 68.7500 (72.1765)  time: 0.2114  data: 0.0003  max mem: 41183
Test:  [4400/7958]  eta: 0:12:33  loss: 1.8884 (2.4782)  acc1: 62.5000 (44.8818)  acc5: 75.0000 (72.0589)  time: 0.2121  data: 0.0003  max mem: 41183
Test:  [4500/7958]  eta: 0:12:12  loss: 3.0963 (2.4879)  acc1: 43.7500 (44.6901)  acc5: 62.5000 (71.8910)  time: 0.2117  data: 0.0003  max mem: 41183
Test:  [4600/7958]  eta: 0:11:51  loss: 3.1216 (2.4853)  acc1: 37.5000 (44.8381)  acc5: 62.5000 (71.8716)  time: 0.2119  data: 0.0003  max mem: 41183
Test:  [4700/7958]  eta: 0:11:29  loss: 2.6725 (2.4924)  acc1: 37.5000 (44.6394)  acc5: 68.7500 (71.7627)  time: 0.2117  data: 0.0003  max mem: 41183
Test:  [4800/7958]  eta: 0:11:08  loss: 2.3522 (2.4941)  acc1: 43.7500 (44.5975)  acc5: 75.0000 (71.7585)  time: 0.2116  data: 0.0003  max mem: 41183
Test:  [4900/7958]  eta: 0:10:47  loss: 2.5371 (2.4985)  acc1: 43.7500 (44.5585)  acc5: 68.7500 (71.6525)  time: 0.2115  data: 0.0003  max mem: 41183
Test:  [5000/7958]  eta: 0:10:26  loss: 2.9533 (2.5017)  acc1: 18.7500 (44.4211)  acc5: 75.0000 (71.6407)  time: 0.2115  data: 0.0004  max mem: 41183
Test:  [5100/7958]  eta: 0:10:05  loss: 3.5812 (2.5012)  acc1: 25.0000 (44.3626)  acc5: 50.0000 (71.6992)  time: 0.2113  data: 0.0003  max mem: 41183
Test:  [5200/7958]  eta: 0:09:43  loss: 1.8669 (2.4965)  acc1: 50.0000 (44.4999)  acc5: 68.7500 (71.7530)  time: 0.2116  data: 0.0003  max mem: 41183
Test:  [5300/7958]  eta: 0:09:22  loss: 2.9948 (2.5017)  acc1: 25.0000 (44.4515)  acc5: 56.2500 (71.6881)  time: 0.2119  data: 0.0003  max mem: 41183
Test:  [5400/7958]  eta: 0:09:01  loss: 2.9071 (2.5009)  acc1: 43.7500 (44.4594)  acc5: 68.7500 (71.6939)  time: 0.2120  data: 0.0003  max mem: 41183
Test:  [5500/7958]  eta: 0:08:40  loss: 1.9936 (2.4992)  acc1: 56.2500 (44.5396)  acc5: 81.2500 (71.6847)  time: 0.2118  data: 0.0003  max mem: 41183
Test:  [5600/7958]  eta: 0:08:19  loss: 2.6057 (2.5047)  acc1: 31.2500 (44.4842)  acc5: 68.7500 (71.5877)  time: 0.2115  data: 0.0003  max mem: 41183
Test:  [5700/7958]  eta: 0:07:58  loss: 3.1046 (2.5046)  acc1: 31.2500 (44.4834)  acc5: 62.5000 (71.5993)  time: 0.2115  data: 0.0003  max mem: 41183
Test:  [5800/7958]  eta: 0:07:36  loss: 2.5127 (2.5048)  acc1: 37.5000 (44.4622)  acc5: 75.0000 (71.5911)  time: 0.2113  data: 0.0003  max mem: 41183
Test:  [5900/7958]  eta: 0:07:15  loss: 1.7733 (2.4997)  acc1: 43.7500 (44.5888)  acc5: 75.0000 (71.6637)  time: 0.2116  data: 0.0003  max mem: 41183
Test:  [6000/7958]  eta: 0:06:54  loss: 2.7588 (2.5030)  acc1: 37.5000 (44.5749)  acc5: 68.7500 (71.6162)  time: 0.2110  data: 0.0003  max mem: 41183
Test:  [6100/7958]  eta: 0:06:33  loss: 1.8288 (2.5020)  acc1: 56.2500 (44.6515)  acc5: 81.2500 (71.6133)  time: 0.2119  data: 0.0003  max mem: 41183
Test:  [6200/7958]  eta: 0:06:12  loss: 2.0667 (2.5050)  acc1: 50.0000 (44.6511)  acc5: 75.0000 (71.5459)  time: 0.2118  data: 0.0003  max mem: 41183
Test:  [6300/7958]  eta: 0:05:51  loss: 1.7969 (2.4994)  acc1: 18.7500 (44.7746)  acc5: 81.2500 (71.6206)  time: 0.2118  data: 0.0003  max mem: 41183
Test:  [6400/7958]  eta: 0:05:29  loss: 1.1029 (2.4985)  acc1: 75.0000 (44.8133)  acc5: 87.5000 (71.6333)  time: 0.2119  data: 0.0004  max mem: 41183
Test:  [6500/7958]  eta: 0:05:08  loss: 1.7011 (2.4974)  acc1: 62.5000 (44.8585)  acc5: 81.2500 (71.6572)  time: 0.2112  data: 0.0003  max mem: 41183
Test:  [6600/7958]  eta: 0:04:47  loss: 3.4838 (2.5044)  acc1: 31.2500 (44.7158)  acc5: 50.0000 (71.5270)  time: 0.2114  data: 0.0003  max mem: 41183
Test:  [6700/7958]  eta: 0:04:26  loss: 2.2588 (2.5052)  acc1: 43.7500 (44.6874)  acc5: 81.2500 (71.5416)  time: 0.2113  data: 0.0003  max mem: 41183
Test:  [6800/7958]  eta: 0:04:05  loss: 3.0515 (2.5053)  acc1: 25.0000 (44.6791)  acc5: 68.7500 (71.5648)  time: 0.2115  data: 0.0003  max mem: 41183
Test:  [6900/7958]  eta: 0:03:43  loss: 2.3588 (2.4995)  acc1: 43.7500 (44.8214)  acc5: 68.7500 (71.6409)  time: 0.2115  data: 0.0003  max mem: 41183
Test:  [7000/7958]  eta: 0:03:22  loss: 1.7707 (2.4982)  acc1: 68.7500 (44.8909)  acc5: 81.2500 (71.6389)  time: 0.2117  data: 0.0003  max mem: 41183
Test:  [7100/7958]  eta: 0:03:01  loss: 1.4323 (2.5026)  acc1: 75.0000 (44.8326)  acc5: 87.5000 (71.5515)  time: 0.2120  data: 0.0003  max mem: 41183
Test:  [7200/7958]  eta: 0:02:40  loss: 2.4584 (2.5075)  acc1: 43.7500 (44.7377)  acc5: 75.0000 (71.4762)  time: 0.2120  data: 0.0003  max mem: 41183
Test:  [7300/7958]  eta: 0:02:19  loss: 2.9168 (2.4979)  acc1: 25.0000 (44.9459)  acc5: 68.7500 (71.5912)  time: 0.2117  data: 0.0003  max mem: 41183
Test:  [7400/7958]  eta: 0:01:58  loss: 3.2255 (2.4981)  acc1: 18.7500 (44.9078)  acc5: 62.5000 (71.5824)  time: 0.2114  data: 0.0003  max mem: 41183
Test:  [7500/7958]  eta: 0:01:36  loss: 2.5990 (2.5026)  acc1: 43.7500 (44.8315)  acc5: 75.0000 (71.4980)  time: 0.2115  data: 0.0003  max mem: 41183
Test:  [7600/7958]  eta: 0:01:15  loss: 2.3364 (2.5049)  acc1: 56.2500 (44.8165)  acc5: 75.0000 (71.4330)  time: 0.2115  data: 0.0003  max mem: 41183
Test:  [7700/7958]  eta: 0:00:54  loss: 3.2930 (2.5054)  acc1: 25.0000 (44.7669)  acc5: 56.2500 (71.4315)  time: 0.2114  data: 0.0003  max mem: 41183
Test:  [7800/7958]  eta: 0:00:33  loss: 1.4581 (2.5029)  acc1: 68.7500 (44.7683)  acc5: 87.5000 (71.5045)  time: 0.2114  data: 0.0003  max mem: 41183
Test:  [7900/7958]  eta: 0:00:12  loss: 1.3496 (2.4955)  acc1: 75.0000 (44.9753)  acc5: 87.5000 (71.6001)  time: 0.2121  data: 0.0003  max mem: 41183
Test: Total time: 0:28:04
 * Acc@1 = 45.02308997235486, Acc@5 = 71.62446594621764, loss = 2.4936042144093182
Namespace(model='QKFormer_10_768', dataset='es-imagenet', num_classes=1000, data_path='/model/es-imagenet', device='cuda', batch_size=16, workers=4, print_freq=3072, output_dir='./logs4', resume='', sync_bn=False, test_only=False, amp=True, world_size=1, dist_url='env://', tb=True, T=8, opt='adamw', opt_eps=1e-08, opt_betas=None, weight_decay=0.01, momentum=0.9, connect_f='ADD', T_train=None, sched='cosine', lr=0.0005, lr_noise=None, lr_noise_pct=0.67, lr_noise_std=1.0, lr_cycle_mul=1.0, lr_cycle_limit=1, warmup_lr=1e-05, min_lr=1e-06, epochs=100, epoch_repeats=0.0, start_epoch=0, decay_epochs=20, warmup_epochs=20, cooldown_epochs=10, patience_epochs=10, decay_rate=0.1, smoothing=0.1, mixup=0.5, cutmix=0.0, cutmix_minmax=None, mixup_prob=0.5, mixup_switch_prob=0.5, mixup_mode='batch', mixup_off_epoch=0, grad_clip=5.0, distributed=False)
Training time 4 days, 7:34:27 max_test_acc1 45.85637094747424 test_acc5_at_max_test_acc1 72.57790902236744
./logs4/QKFormer_10_768_b16_T8_wd0.01_adamw_cnf_ADD/lr0.0005
Epoch: [12]  [    0/71874]  eta: 21:01:29  lr: 0.000304  img/s: 41.973890809745164  loss: 3.4070 (3.4070)  acc1: 31.2500 (31.2500)  acc5: 75.0000 (75.0000)  time: 1.0531  data: 0.6719  max mem: 41183
Epoch: [12]  [ 3072/71874]  eta: 7:06:45  lr: 0.000304  img/s: 43.4496568513195  loss: 3.8507 (3.8496)  acc1: 37.5000 (38.9867)  acc5: 62.5000 (63.9196)  time: 0.3709  data: 0.0002  max mem: 41183
Epoch: [12]  [ 6144/71874]  eta: 6:47:43  lr: 0.000304  img/s: 42.644163350689524  loss: 3.4097 (3.8601)  acc1: 37.5000 (38.6869)  acc5: 62.5000 (63.9107)  time: 0.3758  data: 0.0002  max mem: 41183
Epoch: [12]  [ 9216/71874]  eta: 6:28:42  lr: 0.000304  img/s: 43.29880682701669  loss: 3.4019 (3.8587)  acc1: 37.5000 (38.6799)  acc5: 62.5000 (63.8874)  time: 0.3720  data: 0.0002  max mem: 41183
Epoch: [12]  [12288/71874]  eta: 6:09:40  lr: 0.000304  img/s: 42.775123081747694  loss: 3.4025 (3.8631)  acc1: 43.7500 (38.6046)  acc5: 68.7500 (63.7481)  time: 0.3716  data: 0.0002  max mem: 41183
Epoch: [12]  [15360/71874]  eta: 5:50:41  lr: 0.000304  img/s: 42.95396148351451  loss: 3.5903 (3.8597)  acc1: 37.5000 (38.5794)  acc5: 68.7500 (63.8203)  time: 0.3724  data: 0.0002  max mem: 41183
Epoch: [12]  [18432/71874]  eta: 5:31:42  lr: 0.000304  img/s: 43.12443386575228  loss: 3.8047 (3.8610)  acc1: 31.2500 (38.5993)  acc5: 62.5000 (63.8217)  time: 0.3722  data: 0.0002  max mem: 41183
Epoch: [12]  [21504/71874]  eta: 5:12:39  lr: 0.000304  img/s: 43.33932469330661  loss: 3.6734 (3.8659)  acc1: 37.5000 (38.5378)  acc5: 62.5000 (63.7674)  time: 0.3710  data: 0.0002  max mem: 41183
Epoch: [12]  [24576/71874]  eta: 4:53:36  lr: 0.000304  img/s: 43.07817688477436  loss: 3.5938 (3.8666)  acc1: 37.5000 (38.5164)  acc5: 68.7500 (63.7575)  time: 0.3718  data: 0.0002  max mem: 41183
Epoch: [12]  [27648/71874]  eta: 4:34:33  lr: 0.000304  img/s: 43.06200623193688  loss: 3.6901 (3.8685)  acc1: 43.7500 (38.4824)  acc5: 62.5000 (63.7046)  time: 0.3722  data: 0.0002  max mem: 41183
Epoch: [12]  [30720/71874]  eta: 4:15:29  lr: 0.000304  img/s: 43.31579888374891  loss: 3.6769 (3.8716)  acc1: 31.2500 (38.4149)  acc5: 62.5000 (63.6625)  time: 0.3716  data: 0.0002  max mem: 41183
Epoch: [12]  [33792/71874]  eta: 3:56:25  lr: 0.000304  img/s: 43.29039957373297  loss: 3.6837 (3.8714)  acc1: 37.5000 (38.4029)  acc5: 56.2500 (63.6384)  time: 0.3770  data: 0.0002  max mem: 41183
Epoch: [12]  [36864/71874]  eta: 3:37:22  lr: 0.000304  img/s: 43.33870894829361  loss: 3.6647 (3.8712)  acc1: 31.2500 (38.4063)  acc5: 62.5000 (63.6508)  time: 0.3717  data: 0.0002  max mem: 41183
Epoch: [12]  [39936/71874]  eta: 3:18:17  lr: 0.000304  img/s: 42.637146090131026  loss: 3.7959 (3.8701)  acc1: 31.2500 (38.4060)  acc5: 62.5000 (63.6421)  time: 0.3789  data: 0.0002  max mem: 41183
Epoch: [12]  [43008/71874]  eta: 2:59:11  lr: 0.000304  img/s: 43.26394223640525  loss: 3.4720 (3.8698)  acc1: 37.5000 (38.4251)  acc5: 62.5000 (63.6444)  time: 0.3708  data: 0.0002  max mem: 41183
Epoch: [12]  [46080/71874]  eta: 2:40:07  lr: 0.000304  img/s: 43.221198904606474  loss: 3.6599 (3.8683)  acc1: 37.5000 (38.4128)  acc5: 56.2500 (63.6492)  time: 0.3714  data: 0.0002  max mem: 41183
Epoch: [12]  [49152/71874]  eta: 2:21:02  lr: 0.000304  img/s: 43.20099909231948  loss: 3.6417 (3.8678)  acc1: 37.5000 (38.4050)  acc5: 62.5000 (63.6521)  time: 0.3705  data: 0.0002  max mem: 41183
Epoch: [12]  [52224/71874]  eta: 2:01:58  lr: 0.000304  img/s: 43.17637309753097  loss: 3.5484 (3.8664)  acc1: 43.7500 (38.4253)  acc5: 62.5000 (63.6611)  time: 0.3712  data: 0.0001  max mem: 41183
Epoch: [12]  [55296/71874]  eta: 1:42:54  lr: 0.000304  img/s: 43.23654222930638  loss: 4.1857 (3.8655)  acc1: 37.5000 (38.4394)  acc5: 62.5000 (63.6755)  time: 0.3713  data: 0.0002  max mem: 41183
Epoch: [12]  [58368/71874]  eta: 1:23:49  lr: 0.000304  img/s: 42.800630891085824  loss: 3.7112 (3.8638)  acc1: 37.5000 (38.4548)  acc5: 62.5000 (63.7132)  time: 0.3720  data: 0.0002  max mem: 41183
Epoch: [12]  [61440/71874]  eta: 1:04:45  lr: 0.000304  img/s: 43.10894845403208  loss: 3.7453 (3.8636)  acc1: 43.7500 (38.4655)  acc5: 68.7500 (63.7288)  time: 0.3715  data: 0.0002  max mem: 41183
Epoch: [12]  [64512/71874]  eta: 0:45:41  lr: 0.000304  img/s: 43.291041873228835  loss: 3.5120 (3.8625)  acc1: 43.7500 (38.4832)  acc5: 68.7500 (63.7305)  time: 0.3701  data: 0.0002  max mem: 41183
Epoch: [12]  [67584/71874]  eta: 0:26:37  lr: 0.000304  img/s: 42.77997677054474  loss: 3.5563 (3.8610)  acc1: 37.5000 (38.5161)  acc5: 68.7500 (63.7439)  time: 0.3758  data: 0.0002  max mem: 41183
Epoch: [12]  [70656/71874]  eta: 0:07:33  lr: 0.000304  img/s: 43.18067923052027  loss: 3.7666 (3.8602)  acc1: 37.5000 (38.5190)  acc5: 62.5000 (63.7513)  time: 0.3709  data: 0.0002  max mem: 41183
Epoch: [12] Total time: 7:26:03
Test:  [   0/7958]  eta: 1:49:56  loss: 0.7611 (0.7611)  acc1: 81.2500 (81.2500)  acc5: 100.0000 (100.0000)  time: 0.8289  data: 0.6188  max mem: 41183
Test:  [ 100/7958]  eta: 0:28:30  loss: 1.5994 (1.8312)  acc1: 56.2500 (62.0668)  acc5: 81.2500 (81.9307)  time: 0.2115  data: 0.0003  max mem: 41183
Test:  [ 200/7958]  eta: 0:27:45  loss: 2.1697 (2.1293)  acc1: 43.7500 (55.3172)  acc5: 75.0000 (77.6430)  time: 0.2114  data: 0.0003  max mem: 41183
Test:  [ 300/7958]  eta: 0:27:16  loss: 2.1602 (2.2005)  acc1: 50.0000 (52.8447)  acc5: 81.2500 (77.0764)  time: 0.2119  data: 0.0003  max mem: 41183
Test:  [ 400/7958]  eta: 0:26:51  loss: 1.2958 (2.0950)  acc1: 68.7500 (54.9564)  acc5: 87.5000 (79.1771)  time: 0.2117  data: 0.0003  max mem: 41183
Test:  [ 500/7958]  eta: 0:26:27  loss: 2.2689 (2.0602)  acc1: 56.2500 (55.9755)  acc5: 75.0000 (79.4411)  time: 0.2117  data: 0.0003  max mem: 41183
Test:  [ 600/7958]  eta: 0:26:04  loss: 2.7071 (2.1420)  acc1: 31.2500 (53.4110)  acc5: 68.7500 (78.1406)  time: 0.2119  data: 0.0003  max mem: 41183
Test:  [ 700/7958]  eta: 0:25:42  loss: 2.7261 (2.2247)  acc1: 31.2500 (51.2750)  acc5: 68.7500 (76.5603)  time: 0.2113  data: 0.0003  max mem: 41183
Test:  [ 800/7958]  eta: 0:25:20  loss: 1.7963 (2.2851)  acc1: 56.2500 (49.7425)  acc5: 81.2500 (75.4135)  time: 0.2115  data: 0.0003  max mem: 41183
Test:  [ 900/7958]  eta: 0:24:58  loss: 3.2731 (2.3455)  acc1: 31.2500 (48.2311)  acc5: 62.5000 (74.5560)  time: 0.2114  data: 0.0003  max mem: 41183
Test:  [1000/7958]  eta: 0:24:36  loss: 2.1935 (2.4155)  acc1: 50.0000 (46.7720)  acc5: 75.0000 (73.3017)  time: 0.2115  data: 0.0003  max mem: 41183
Test:  [1100/7958]  eta: 0:24:15  loss: 2.3661 (2.4506)  acc1: 50.0000 (46.0831)  acc5: 75.0000 (72.7691)  time: 0.2116  data: 0.0003  max mem: 41183
Test:  [1200/7958]  eta: 0:23:53  loss: 2.8247 (2.4609)  acc1: 25.0000 (45.6130)  acc5: 62.5000 (72.5385)  time: 0.2120  data: 0.0003  max mem: 41183
Test:  [1300/7958]  eta: 0:23:32  loss: 2.2662 (2.4562)  acc1: 43.7500 (45.3978)  acc5: 75.0000 (72.6653)  time: 0.2119  data: 0.0003  max mem: 41183
Test:  [1400/7958]  eta: 0:23:10  loss: 3.1107 (2.4745)  acc1: 18.7500 (44.9857)  acc5: 56.2500 (72.3769)  time: 0.2119  data: 0.0003  max mem: 41183
Test:  [1500/7958]  eta: 0:22:49  loss: 2.0209 (2.4943)  acc1: 50.0000 (44.5286)  acc5: 81.2500 (72.1019)  time: 0.2116  data: 0.0003  max mem: 41183
Test:  [1600/7958]  eta: 0:22:27  loss: 2.0599 (2.4868)  acc1: 56.2500 (44.6323)  acc5: 81.2500 (72.3962)  time: 0.2116  data: 0.0003  max mem: 41183
Test:  [1700/7958]  eta: 0:22:06  loss: 1.6430 (2.4594)  acc1: 62.5000 (45.0470)  acc5: 81.2500 (73.0195)  time: 0.2114  data: 0.0003  max mem: 41183
Test:  [1800/7958]  eta: 0:21:45  loss: 1.2271 (2.4249)  acc1: 68.7500 (45.9085)  acc5: 87.5000 (73.5564)  time: 0.2115  data: 0.0003  max mem: 41183
Test:  [1900/7958]  eta: 0:21:23  loss: 2.2728 (2.4246)  acc1: 50.0000 (45.9068)  acc5: 75.0000 (73.5961)  time: 0.2112  data: 0.0003  max mem: 41183
Test:  [2000/7958]  eta: 0:21:02  loss: 0.9568 (2.3951)  acc1: 81.2500 (46.6423)  acc5: 93.7500 (74.0130)  time: 0.2119  data: 0.0003  max mem: 41183
Test:  [2100/7958]  eta: 0:20:41  loss: 1.8733 (2.3712)  acc1: 62.5000 (47.2186)  acc5: 81.2500 (74.4021)  time: 0.2120  data: 0.0003  max mem: 41183
Test:  [2200/7958]  eta: 0:20:20  loss: 2.4754 (2.3760)  acc1: 37.5000 (47.1036)  acc5: 75.0000 (74.3753)  time: 0.2120  data: 0.0003  max mem: 41183
Test:  [2300/7958]  eta: 0:19:58  loss: 2.4425 (2.3760)  acc1: 37.5000 (47.1045)  acc5: 75.0000 (74.4242)  time: 0.2119  data: 0.0003  max mem: 41183
Test:  [2400/7958]  eta: 0:19:37  loss: 2.3267 (2.3843)  acc1: 31.2500 (46.8555)  acc5: 87.5000 (74.3414)  time: 0.2117  data: 0.0004  max mem: 41183
Test:  [2500/7958]  eta: 0:19:16  loss: 2.5529 (2.3907)  acc1: 31.2500 (46.5864)  acc5: 75.0000 (74.2628)  time: 0.2114  data: 0.0004  max mem: 41183
Test:  [2600/7958]  eta: 0:18:55  loss: 3.0903 (2.3760)  acc1: 18.7500 (46.9315)  acc5: 62.5000 (74.4209)  time: 0.2114  data: 0.0003  max mem: 41183
Test:  [2700/7958]  eta: 0:18:33  loss: 1.5593 (2.3632)  acc1: 62.5000 (47.2256)  acc5: 87.5000 (74.6390)  time: 0.2113  data: 0.0003  max mem: 41183
Test:  [2800/7958]  eta: 0:18:12  loss: 2.1107 (2.3419)  acc1: 50.0000 (47.7441)  acc5: 75.0000 (74.9911)  time: 0.2114  data: 0.0003  max mem: 41183
Test:  [2900/7958]  eta: 0:17:51  loss: 1.6190 (2.3488)  acc1: 56.2500 (47.7055)  acc5: 81.2500 (74.8320)  time: 0.2120  data: 0.0003  max mem: 41183
Test:  [3000/7958]  eta: 0:17:30  loss: 1.4038 (2.3488)  acc1: 56.2500 (47.6883)  acc5: 93.7500 (74.8480)  time: 0.2117  data: 0.0003  max mem: 41183
Test:  [3100/7958]  eta: 0:17:09  loss: 2.1147 (2.3474)  acc1: 50.0000 (47.7245)  acc5: 75.0000 (74.8307)  time: 0.2118  data: 0.0003  max mem: 41183
Test:  [3200/7958]  eta: 0:16:47  loss: 3.7580 (2.3472)  acc1: 18.7500 (47.7390)  acc5: 50.0000 (74.7872)  time: 0.2116  data: 0.0003  max mem: 41183
Test:  [3300/7958]  eta: 0:16:26  loss: 2.4224 (2.3632)  acc1: 37.5000 (47.4761)  acc5: 62.5000 (74.4831)  time: 0.2113  data: 0.0003  max mem: 41183
Test:  [3400/7958]  eta: 0:16:05  loss: 2.2843 (2.3591)  acc1: 43.7500 (47.6478)  acc5: 75.0000 (74.5057)  time: 0.2112  data: 0.0003  max mem: 41183
Test:  [3500/7958]  eta: 0:15:44  loss: 2.0942 (2.3543)  acc1: 50.0000 (47.7471)  acc5: 75.0000 (74.5787)  time: 0.2113  data: 0.0003  max mem: 41183
Test:  [3600/7958]  eta: 0:15:22  loss: 3.0251 (2.3669)  acc1: 25.0000 (47.4365)  acc5: 62.5000 (74.3630)  time: 0.2112  data: 0.0003  max mem: 41183
Test:  [3700/7958]  eta: 0:15:01  loss: 3.2787 (2.3660)  acc1: 18.7500 (47.3571)  acc5: 62.5000 (74.4140)  time: 0.2119  data: 0.0003  max mem: 41183
Test:  [3800/7958]  eta: 0:14:40  loss: 2.0952 (2.3702)  acc1: 50.0000 (47.2376)  acc5: 81.2500 (74.3472)  time: 0.2117  data: 0.0003  max mem: 41183
Test:  [3900/7958]  eta: 0:14:19  loss: 2.0495 (2.3669)  acc1: 50.0000 (47.3500)  acc5: 81.2500 (74.4120)  time: 0.2120  data: 0.0003  max mem: 41183
Test:  [4000/7958]  eta: 0:13:58  loss: 3.1130 (2.3695)  acc1: 25.0000 (47.2288)  acc5: 62.5000 (74.3424)  time: 0.2115  data: 0.0003  max mem: 41183
Test:  [4100/7958]  eta: 0:13:36  loss: 1.9706 (2.3658)  acc1: 56.2500 (47.3619)  acc5: 81.2500 (74.3249)  time: 0.2115  data: 0.0003  max mem: 41183
Test:  [4200/7958]  eta: 0:13:15  loss: 2.1985 (2.3674)  acc1: 50.0000 (47.3816)  acc5: 75.0000 (74.2755)  time: 0.2113  data: 0.0003  max mem: 41183
Test:  [4300/7958]  eta: 0:12:54  loss: 2.1069 (2.3623)  acc1: 56.2500 (47.4977)  acc5: 75.0000 (74.3243)  time: 0.2114  data: 0.0003  max mem: 41183
Test:  [4400/7958]  eta: 0:12:33  loss: 1.1231 (2.3680)  acc1: 68.7500 (47.4494)  acc5: 81.2500 (74.1834)  time: 0.2116  data: 0.0003  max mem: 41183
Test:  [4500/7958]  eta: 0:12:12  loss: 2.8395 (2.3747)  acc1: 43.7500 (47.3353)  acc5: 62.5000 (74.0502)  time: 0.2111  data: 0.0003  max mem: 41183
Test:  [4600/7958]  eta: 0:11:51  loss: 2.8637 (2.3757)  acc1: 31.2500 (47.3538)  acc5: 68.7500 (74.0002)  time: 0.2117  data: 0.0003  max mem: 41183
Test:  [4700/7958]  eta: 0:11:29  loss: 2.1203 (2.3805)  acc1: 50.0000 (47.2532)  acc5: 68.7500 (73.8939)  time: 0.2115  data: 0.0003  max mem: 41183
Test:  [4800/7958]  eta: 0:11:08  loss: 1.4961 (2.3836)  acc1: 75.0000 (47.1555)  acc5: 87.5000 (73.8557)  time: 0.2120  data: 0.0003  max mem: 41183
Test:  [4900/7958]  eta: 0:10:47  loss: 2.6452 (2.3911)  acc1: 43.7500 (47.0759)  acc5: 62.5000 (73.6814)  time: 0.2115  data: 0.0003  max mem: 41183
Test:  [5000/7958]  eta: 0:10:26  loss: 2.3920 (2.3921)  acc1: 43.7500 (46.9706)  acc5: 75.0000 (73.7178)  time: 0.2113  data: 0.0003  max mem: 41183
Test:  [5100/7958]  eta: 0:10:05  loss: 3.0075 (2.3877)  acc1: 37.5000 (46.9994)  acc5: 75.0000 (73.8348)  time: 0.2113  data: 0.0003  max mem: 41183
Test:  [5200/7958]  eta: 0:09:43  loss: 1.1567 (2.3839)  acc1: 75.0000 (47.1424)  acc5: 87.5000 (73.8896)  time: 0.2115  data: 0.0003  max mem: 41183
Test:  [5300/7958]  eta: 0:09:22  loss: 2.7936 (2.3839)  acc1: 31.2500 (47.1338)  acc5: 56.2500 (73.8976)  time: 0.2112  data: 0.0003  max mem: 41183
Test:  [5400/7958]  eta: 0:09:01  loss: 2.3906 (2.3830)  acc1: 50.0000 (47.1822)  acc5: 75.0000 (73.9007)  time: 0.2114  data: 0.0003  max mem: 41183
Test:  [5500/7958]  eta: 0:08:40  loss: 1.4869 (2.3831)  acc1: 50.0000 (47.1414)  acc5: 87.5000 (73.9002)  time: 0.2118  data: 0.0003  max mem: 41183
Test:  [5600/7958]  eta: 0:08:19  loss: 2.1470 (2.3847)  acc1: 43.7500 (47.1646)  acc5: 75.0000 (73.8440)  time: 0.2117  data: 0.0003  max mem: 41183
Test:  [5700/7958]  eta: 0:07:57  loss: 2.7045 (2.3866)  acc1: 37.5000 (47.1343)  acc5: 68.7500 (73.8324)  time: 0.2120  data: 0.0003  max mem: 41183
Test:  [5800/7958]  eta: 0:07:36  loss: 2.9877 (2.3925)  acc1: 25.0000 (46.9779)  acc5: 62.5000 (73.7351)  time: 0.2115  data: 0.0003  max mem: 41183
Test:  [5900/7958]  eta: 0:07:15  loss: 1.7844 (2.3848)  acc1: 62.5000 (47.1477)  acc5: 81.2500 (73.8360)  time: 0.2113  data: 0.0003  max mem: 41183
Test:  [6000/7958]  eta: 0:06:54  loss: 2.1416 (2.3886)  acc1: 56.2500 (47.1317)  acc5: 75.0000 (73.7450)  time: 0.2113  data: 0.0003  max mem: 41183
Test:  [6100/7958]  eta: 0:06:33  loss: 2.9442 (2.3902)  acc1: 37.5000 (47.1326)  acc5: 62.5000 (73.6928)  time: 0.2114  data: 0.0003  max mem: 41183
Test:  [6200/7958]  eta: 0:06:12  loss: 1.9538 (2.3934)  acc1: 56.2500 (47.1386)  acc5: 81.2500 (73.6242)  time: 0.2114  data: 0.0003  max mem: 41183
Test:  [6300/7958]  eta: 0:05:50  loss: 1.6958 (2.3885)  acc1: 50.0000 (47.2673)  acc5: 87.5000 (73.6986)  time: 0.2116  data: 0.0003  max mem: 41183
Test:  [6400/7958]  eta: 0:05:29  loss: 1.3354 (2.3882)  acc1: 68.7500 (47.2993)  acc5: 87.5000 (73.6926)  time: 0.2119  data: 0.0003  max mem: 41183
Test:  [6500/7958]  eta: 0:05:08  loss: 1.3898 (2.3868)  acc1: 68.7500 (47.3696)  acc5: 87.5000 (73.6973)  time: 0.2118  data: 0.0003  max mem: 41183
Test:  [6600/7958]  eta: 0:04:47  loss: 3.1042 (2.3952)  acc1: 25.0000 (47.2125)  acc5: 56.2500 (73.5220)  time: 0.2117  data: 0.0003  max mem: 41183
Test:  [6700/7958]  eta: 0:04:26  loss: 1.6083 (2.3944)  acc1: 50.0000 (47.1898)  acc5: 81.2500 (73.5441)  time: 0.2114  data: 0.0003  max mem: 41183
Test:  [6800/7958]  eta: 0:04:05  loss: 2.4082 (2.3971)  acc1: 25.0000 (47.0537)  acc5: 81.2500 (73.5379)  time: 0.2114  data: 0.0003  max mem: 41183
Test:  [6900/7958]  eta: 0:03:43  loss: 1.7278 (2.3927)  acc1: 43.7500 (47.1209)  acc5: 75.0000 (73.6080)  time: 0.2113  data: 0.0003  max mem: 41183
Test:  [7000/7958]  eta: 0:03:22  loss: 1.4653 (2.3878)  acc1: 62.5000 (47.2504)  acc5: 87.5000 (73.6654)  time: 0.2112  data: 0.0003  max mem: 41183
Test:  [7100/7958]  eta: 0:03:01  loss: 1.0005 (2.3903)  acc1: 81.2500 (47.2046)  acc5: 93.7500 (73.6190)  time: 0.2114  data: 0.0003  max mem: 41183
Test:  [7200/7958]  eta: 0:02:40  loss: 2.4303 (2.3952)  acc1: 43.7500 (47.0933)  acc5: 75.0000 (73.5341)  time: 0.2118  data: 0.0003  max mem: 41183
Test:  [7300/7958]  eta: 0:02:19  loss: 2.8820 (2.3891)  acc1: 25.0000 (47.2153)  acc5: 68.7500 (73.6115)  time: 0.2119  data: 0.0003  max mem: 41183
Test:  [7400/7958]  eta: 0:01:58  loss: 2.6165 (2.3915)  acc1: 43.7500 (47.1744)  acc5: 68.7500 (73.5618)  time: 0.2121  data: 0.0003  max mem: 41183
Test:  [7500/7958]  eta: 0:01:36  loss: 2.4696 (2.3957)  acc1: 31.2500 (47.0854)  acc5: 75.0000 (73.4985)  time: 0.2118  data: 0.0003  max mem: 41183
Test:  [7600/7958]  eta: 0:01:15  loss: 1.3871 (2.3953)  acc1: 75.0000 (47.1262)  acc5: 81.2500 (73.4714)  time: 0.2112  data: 0.0003  max mem: 41183
Test:  [7700/7958]  eta: 0:00:54  loss: 1.7830 (2.3977)  acc1: 56.2500 (47.0613)  acc5: 81.2500 (73.4353)  time: 0.2113  data: 0.0003  max mem: 41183
Test:  [7800/7958]  eta: 0:00:33  loss: 1.5589 (2.3961)  acc1: 68.7500 (47.0605)  acc5: 87.5000 (73.4930)  time: 0.2111  data: 0.0002  max mem: 41183
Test:  [7900/7958]  eta: 0:00:12  loss: 1.4861 (2.3913)  acc1: 68.7500 (47.2211)  acc5: 87.5000 (73.5477)  time: 0.2117  data: 0.0003  max mem: 41183
Test: Total time: 0:28:04
 * Acc@1 = 47.27946720281478, Acc@5 = 73.55255717516964, loss = 2.3901415098066243
Namespace(model='QKFormer_10_768', dataset='es-imagenet', num_classes=1000, data_path='/model/es-imagenet', device='cuda', batch_size=16, workers=4, print_freq=3072, output_dir='./logs4', resume='', sync_bn=False, test_only=False, amp=True, world_size=1, dist_url='env://', tb=True, T=8, opt='adamw', opt_eps=1e-08, opt_betas=None, weight_decay=0.01, momentum=0.9, connect_f='ADD', T_train=None, sched='cosine', lr=0.0005, lr_noise=None, lr_noise_pct=0.67, lr_noise_std=1.0, lr_cycle_mul=1.0, lr_cycle_limit=1, warmup_lr=1e-05, min_lr=1e-06, epochs=100, epoch_repeats=0.0, start_epoch=0, decay_epochs=20, warmup_epochs=20, cooldown_epochs=10, patience_epochs=10, decay_rate=0.1, smoothing=0.1, mixup=0.5, cutmix=0.0, cutmix_minmax=None, mixup_prob=0.5, mixup_switch_prob=0.5, mixup_mode='batch', mixup_off_epoch=0, grad_clip=5.0, distributed=False)
Training time 4 days, 15:28:38 max_test_acc1 47.27946720281478 test_acc5_at_max_test_acc1 73.55255717516964
./logs4/QKFormer_10_768_b16_T8_wd0.01_adamw_cnf_ADD/lr0.0005
Epoch: [13]  [    0/71874]  eta: 20:28:03  lr: 0.0003285  img/s: 42.72441616615884  loss: 3.0932 (3.0932)  acc1: 43.7500 (43.7500)  acc5: 81.2500 (81.2500)  time: 1.0252  data: 0.6507  max mem: 41183
Epoch: [13]  [ 3072/71874]  eta: 7:06:47  lr: 0.0003285  img/s: 43.44819406282129  loss: 3.9524 (3.7850)  acc1: 37.5000 (40.0545)  acc5: 62.5000 (65.5020)  time: 0.3703  data: 0.0002  max mem: 41183
Epoch: [13]  [ 6144/71874]  eta: 6:47:52  lr: 0.0003285  img/s: 43.070684354763145  loss: 3.8544 (3.7855)  acc1: 37.5000 (39.7091)  acc5: 68.7500 (65.3234)  time: 0.3765  data: 0.0002  max mem: 41183
Epoch: [13]  [ 9216/71874]  eta: 6:28:48  lr: 0.0003285  img/s: 43.21162528943457  loss: 3.8644 (3.8043)  acc1: 31.2500 (39.5207)  acc5: 62.5000 (65.1235)  time: 0.3717  data: 0.0002  max mem: 41183
Epoch: [13]  [12288/71874]  eta: 6:09:42  lr: 0.0003285  img/s: 42.405766422481314  loss: 3.7931 (3.8083)  acc1: 37.5000 (39.5043)  acc5: 68.7500 (65.0923)  time: 0.3744  data: 0.0002  max mem: 41183
Epoch: [13]  [15360/71874]  eta: 5:50:40  lr: 0.0003285  img/s: 42.98637300581745  loss: 3.1556 (3.8181)  acc1: 43.7500 (39.3456)  acc5: 68.7500 (64.8985)  time: 0.3722  data: 0.0002  max mem: 41183
Epoch: [13]  [18432/71874]  eta: 5:31:41  lr: 0.0003285  img/s: 43.08724882199869  loss: 3.4982 (3.8186)  acc1: 43.7500 (39.3550)  acc5: 68.7500 (64.8972)  time: 0.3714  data: 0.0002  max mem: 41183
Epoch: [13]  [21504/71874]  eta: 5:12:36  lr: 0.0003285  img/s: 43.31093466333907  loss: 3.5459 (3.8176)  acc1: 43.7500 (39.3810)  acc5: 68.7500 (64.8968)  time: 0.3715  data: 0.0002  max mem: 41183
Epoch: [13]  [24576/71874]  eta: 4:53:29  lr: 0.0003285  img/s: 43.00441586121469  loss: 3.4284 (3.8167)  acc1: 37.5000 (39.4101)  acc5: 68.7500 (64.8671)  time: 0.3721  data: 0.0002  max mem: 41183
Epoch: [13]  [27648/71874]  eta: 4:34:23  lr: 0.0003285  img/s: 43.030639411115956  loss: 3.9069 (3.8190)  acc1: 37.5000 (39.4035)  acc5: 68.7500 (64.8407)  time: 0.3758  data: 0.0002  max mem: 41183
Epoch: [13]  [30720/71874]  eta: 4:15:20  lr: 0.0003285  img/s: 43.348478966491726  loss: 3.3963 (3.8184)  acc1: 37.5000 (39.4148)  acc5: 68.7500 (64.8484)  time: 0.3712  data: 0.0002  max mem: 41183
Epoch: [13]  [33792/71874]  eta: 3:56:17  lr: 0.0003285  img/s: 43.13527195735636  loss: 3.6584 (3.8201)  acc1: 37.5000 (39.3648)  acc5: 62.5000 (64.8122)  time: 0.3716  data: 0.0002  max mem: 41183
Epoch: [13]  [36864/71874]  eta: 3:37:13  lr: 0.0003285  img/s: 43.255604277033925  loss: 3.3300 (3.8220)  acc1: 43.7500 (39.3537)  acc5: 68.7500 (64.7833)  time: 0.3705  data: 0.0002  max mem: 41183
Epoch: [13]  [39936/71874]  eta: 3:18:09  lr: 0.0003285  img/s: 42.92827064138903  loss: 4.1697 (3.8246)  acc1: 31.2500 (39.3075)  acc5: 56.2500 (64.7402)  time: 0.3721  data: 0.0002  max mem: 41183
Epoch: [13]  [43008/71874]  eta: 2:59:04  lr: 0.0003285  img/s: 43.1307253938292  loss: 3.6183 (3.8262)  acc1: 43.7500 (39.2879)  acc5: 62.5000 (64.6984)  time: 0.3744  data: 0.0002  max mem: 41183
Epoch: [13]  [46080/71874]  eta: 2:39:59  lr: 0.0003285  img/s: 43.37220848483595  loss: 3.2434 (3.8261)  acc1: 37.5000 (39.2822)  acc5: 68.7500 (64.6891)  time: 0.3709  data: 0.0002  max mem: 41183
Epoch: [13]  [49152/71874]  eta: 2:20:55  lr: 0.0003285  img/s: 43.15169192089687  loss: 3.3946 (3.8263)  acc1: 37.5000 (39.2616)  acc5: 62.5000 (64.6708)  time: 0.3707  data: 0.0002  max mem: 41183
Epoch: [13]  [52224/71874]  eta: 2:01:51  lr: 0.0003285  img/s: 43.33977251885128  loss: 3.9299 (3.8269)  acc1: 31.2500 (39.2522)  acc5: 68.7500 (64.6605)  time: 0.3711  data: 0.0002  max mem: 41183
Epoch: [13]  [55296/71874]  eta: 1:42:48  lr: 0.0003285  img/s: 43.29093016759957  loss: 3.8978 (3.8260)  acc1: 37.5000 (39.2874)  acc5: 62.5000 (64.6693)  time: 0.3696  data: 0.0002  max mem: 41183
Epoch: [13]  [58368/71874]  eta: 1:23:45  lr: 0.0003285  img/s: 42.956765981198814  loss: 3.4241 (3.8237)  acc1: 37.5000 (39.3036)  acc5: 68.7500 (64.6888)  time: 0.3721  data: 0.0002  max mem: 41183
Epoch: [13]  [61440/71874]  eta: 1:04:42  lr: 0.0003285  img/s: 43.078564023558485  loss: 3.6279 (3.8229)  acc1: 37.5000 (39.3074)  acc5: 62.5000 (64.7058)  time: 0.3721  data: 0.0002  max mem: 41183
Epoch: [13]  [64512/71874]  eta: 0:45:39  lr: 0.0003285  img/s: 43.2971586363519  loss: 3.1517 (3.8226)  acc1: 43.7500 (39.3090)  acc5: 68.7500 (64.7074)  time: 0.3711  data: 0.0002  max mem: 41183
Epoch: [13]  [67584/71874]  eta: 0:26:36  lr: 0.0003285  img/s: 43.204141899456445  loss: 3.6723 (3.8225)  acc1: 37.5000 (39.3261)  acc5: 62.5000 (64.7047)  time: 0.3714  data: 0.0002  max mem: 41183
Epoch: [13]  [70656/71874]  eta: 0:07:33  lr: 0.0003285  img/s: 43.12908997429306  loss: 3.5162 (3.8219)  acc1: 37.5000 (39.3462)  acc5: 62.5000 (64.7125)  time: 0.3715  data: 0.0002  max mem: 41183
Epoch: [13] Total time: 7:25:45
Test:  [   0/7958]  eta: 1:52:29  loss: 0.4822 (0.4822)  acc1: 93.7500 (93.7500)  acc5: 100.0000 (100.0000)  time: 0.8481  data: 0.6368  max mem: 41183
Test:  [ 100/7958]  eta: 0:28:31  loss: 1.6337 (1.5224)  acc1: 62.5000 (66.7698)  acc5: 81.2500 (85.5198)  time: 0.2117  data: 0.0003  max mem: 41183
Test:  [ 200/7958]  eta: 0:27:45  loss: 3.2306 (1.9528)  acc1: 25.0000 (56.3122)  acc5: 68.7500 (79.9129)  time: 0.2121  data: 0.0003  max mem: 41183
Test:  [ 300/7958]  eta: 0:27:16  loss: 1.8100 (2.0434)  acc1: 43.7500 (54.3397)  acc5: 87.5000 (78.0731)  time: 0.2117  data: 0.0004  max mem: 41183
Test:  [ 400/7958]  eta: 0:26:51  loss: 1.7568 (1.9340)  acc1: 31.2500 (55.4395)  acc5: 93.7500 (80.3928)  time: 0.2113  data: 0.0004  max mem: 41183
Test:  [ 500/7958]  eta: 0:26:27  loss: 1.9771 (1.9636)  acc1: 50.0000 (55.4142)  acc5: 87.5000 (79.8403)  time: 0.2114  data: 0.0003  max mem: 41183
Test:  [ 600/7958]  eta: 0:26:04  loss: 1.9986 (2.0620)  acc1: 31.2500 (52.7558)  acc5: 75.0000 (78.3694)  time: 0.2114  data: 0.0004  max mem: 41183
Test:  [ 700/7958]  eta: 0:25:42  loss: 2.5605 (2.1863)  acc1: 31.2500 (49.9108)  acc5: 62.5000 (76.2215)  time: 0.2114  data: 0.0003  max mem: 41183
Test:  [ 800/7958]  eta: 0:25:20  loss: 2.2198 (2.2357)  acc1: 37.5000 (48.7438)  acc5: 87.5000 (75.2809)  time: 0.2117  data: 0.0004  max mem: 41183
Test:  [ 900/7958]  eta: 0:24:58  loss: 2.8923 (2.2645)  acc1: 37.5000 (48.0577)  acc5: 62.5000 (74.9029)  time: 0.2118  data: 0.0003  max mem: 41183
Test:  [1000/7958]  eta: 0:24:37  loss: 2.5978 (2.3330)  acc1: 25.0000 (46.2413)  acc5: 68.7500 (73.8324)  time: 0.2121  data: 0.0003  max mem: 41183
Test:  [1100/7958]  eta: 0:24:15  loss: 1.4805 (2.3518)  acc1: 62.5000 (46.0434)  acc5: 81.2500 (73.5241)  time: 0.2120  data: 0.0003  max mem: 41183
Test:  [1200/7958]  eta: 0:23:53  loss: 3.0964 (2.3867)  acc1: 18.7500 (44.8845)  acc5: 62.5000 (73.0121)  time: 0.2116  data: 0.0003  max mem: 41183
Test:  [1300/7958]  eta: 0:23:32  loss: 1.7465 (2.3768)  acc1: 56.2500 (44.9270)  acc5: 81.2500 (73.3426)  time: 0.2116  data: 0.0003  max mem: 41183
Test:  [1400/7958]  eta: 0:23:10  loss: 3.3521 (2.3746)  acc1: 12.5000 (44.7404)  acc5: 56.2500 (73.4342)  time: 0.2114  data: 0.0003  max mem: 41183
Test:  [1500/7958]  eta: 0:22:49  loss: 2.6528 (2.4007)  acc1: 31.2500 (44.3246)  acc5: 62.5000 (73.0097)  time: 0.2115  data: 0.0003  max mem: 41183
Test:  [1600/7958]  eta: 0:22:28  loss: 1.9754 (2.3971)  acc1: 37.5000 (44.1365)  acc5: 75.0000 (73.1886)  time: 0.2115  data: 0.0003  max mem: 41183
Test:  [1700/7958]  eta: 0:22:06  loss: 1.2479 (2.3762)  acc1: 56.2500 (44.4150)  acc5: 93.7500 (73.7030)  time: 0.2118  data: 0.0003  max mem: 41183
Test:  [1800/7958]  eta: 0:21:45  loss: 1.2332 (2.3565)  acc1: 68.7500 (44.9993)  acc5: 87.5000 (73.9797)  time: 0.2119  data: 0.0003  max mem: 41183
Test:  [1900/7958]  eta: 0:21:24  loss: 2.5589 (2.3618)  acc1: 37.5000 (44.8021)  acc5: 81.2500 (74.0433)  time: 0.2114  data: 0.0003  max mem: 41183
Test:  [2000/7958]  eta: 0:21:02  loss: 0.7931 (2.3239)  acc1: 87.5000 (45.7490)  acc5: 100.0000 (74.5627)  time: 0.2115  data: 0.0003  max mem: 41183
Test:  [2100/7958]  eta: 0:20:41  loss: 1.5473 (2.3028)  acc1: 62.5000 (46.3083)  acc5: 87.5000 (74.9316)  time: 0.2117  data: 0.0003  max mem: 41183
Test:  [2200/7958]  eta: 0:20:20  loss: 2.5416 (2.3087)  acc1: 37.5000 (46.1608)  acc5: 68.7500 (74.8609)  time: 0.2115  data: 0.0003  max mem: 41183
Test:  [2300/7958]  eta: 0:19:58  loss: 3.0712 (2.2970)  acc1: 18.7500 (46.3711)  acc5: 62.5000 (75.0788)  time: 0.2113  data: 0.0003  max mem: 41183
Test:  [2400/7958]  eta: 0:19:37  loss: 1.8633 (2.3026)  acc1: 50.0000 (46.2724)  acc5: 87.5000 (75.0000)  time: 0.2116  data: 0.0003  max mem: 41183
Test:  [2500/7958]  eta: 0:19:16  loss: 2.1501 (2.3286)  acc1: 43.7500 (45.5443)  acc5: 75.0000 (74.6027)  time: 0.2116  data: 0.0003  max mem: 41183
Test:  [2600/7958]  eta: 0:18:55  loss: 2.5515 (2.3134)  acc1: 43.7500 (45.7805)  acc5: 75.0000 (74.8126)  time: 0.2120  data: 0.0003  max mem: 41183
Test:  [2700/7958]  eta: 0:18:34  loss: 1.6026 (2.3008)  acc1: 62.5000 (46.2606)  acc5: 81.2500 (75.0162)  time: 0.2119  data: 0.0003  max mem: 41183
Test:  [2800/7958]  eta: 0:18:12  loss: 2.4902 (2.2948)  acc1: 56.2500 (46.5994)  acc5: 68.7500 (75.1160)  time: 0.2121  data: 0.0003  max mem: 41183
Test:  [2900/7958]  eta: 0:17:51  loss: 2.8402 (2.3062)  acc1: 25.0000 (46.4818)  acc5: 68.7500 (74.8966)  time: 0.2118  data: 0.0004  max mem: 41183
Test:  [3000/7958]  eta: 0:17:30  loss: 1.2957 (2.3097)  acc1: 62.5000 (46.5241)  acc5: 93.7500 (74.8521)  time: 0.2114  data: 0.0003  max mem: 41183
Test:  [3100/7958]  eta: 0:17:09  loss: 2.3415 (2.3196)  acc1: 50.0000 (46.3963)  acc5: 68.7500 (74.6453)  time: 0.2116  data: 0.0003  max mem: 41183
Test:  [3200/7958]  eta: 0:16:47  loss: 3.3274 (2.3298)  acc1: 18.7500 (46.3195)  acc5: 56.2500 (74.4904)  time: 0.2113  data: 0.0003  max mem: 41183
Test:  [3300/7958]  eta: 0:16:26  loss: 2.1617 (2.3483)  acc1: 50.0000 (46.0372)  acc5: 68.7500 (74.1480)  time: 0.2113  data: 0.0003  max mem: 41183
Test:  [3400/7958]  eta: 0:16:05  loss: 3.2726 (2.3531)  acc1: 25.0000 (46.0875)  acc5: 56.2500 (74.0830)  time: 0.2116  data: 0.0003  max mem: 41183
Test:  [3500/7958]  eta: 0:15:44  loss: 2.0696 (2.3532)  acc1: 50.0000 (46.2047)  acc5: 75.0000 (74.1074)  time: 0.2120  data: 0.0003  max mem: 41183
Test:  [3600/7958]  eta: 0:15:23  loss: 2.2511 (2.3582)  acc1: 50.0000 (46.1469)  acc5: 75.0000 (74.0576)  time: 0.2118  data: 0.0003  max mem: 41183
Test:  [3700/7958]  eta: 0:15:01  loss: 2.9107 (2.3643)  acc1: 31.2500 (45.9943)  acc5: 62.5000 (74.0087)  time: 0.2119  data: 0.0003  max mem: 41183
Test:  [3800/7958]  eta: 0:14:40  loss: 2.5261 (2.3664)  acc1: 37.5000 (45.9698)  acc5: 81.2500 (73.9723)  time: 0.2116  data: 0.0003  max mem: 41183
Test:  [3900/7958]  eta: 0:14:19  loss: 1.5113 (2.3629)  acc1: 56.2500 (46.1500)  acc5: 81.2500 (74.0355)  time: 0.2116  data: 0.0003  max mem: 41183
Test:  [4000/7958]  eta: 0:13:58  loss: 3.1882 (2.3653)  acc1: 18.7500 (46.0666)  acc5: 50.0000 (73.9893)  time: 0.2113  data: 0.0003  max mem: 41183
Test:  [4100/7958]  eta: 0:13:37  loss: 1.4277 (2.3661)  acc1: 68.7500 (46.1153)  acc5: 87.5000 (73.9362)  time: 0.2114  data: 0.0003  max mem: 41183
Test:  [4200/7958]  eta: 0:13:15  loss: 2.5066 (2.3634)  acc1: 43.7500 (46.2077)  acc5: 68.7500 (73.9601)  time: 0.2116  data: 0.0003  max mem: 41183
Test:  [4300/7958]  eta: 0:12:54  loss: 2.8812 (2.3618)  acc1: 31.2500 (46.2538)  acc5: 68.7500 (74.0002)  time: 0.2121  data: 0.0003  max mem: 41183
Test:  [4400/7958]  eta: 0:12:33  loss: 1.8715 (2.3757)  acc1: 56.2500 (46.1103)  acc5: 81.2500 (73.7418)  time: 0.2119  data: 0.0003  max mem: 41183
Test:  [4500/7958]  eta: 0:12:12  loss: 3.5664 (2.3834)  acc1: 31.2500 (45.9412)  acc5: 50.0000 (73.6531)  time: 0.2118  data: 0.0003  max mem: 41183
Test:  [4600/7958]  eta: 0:11:51  loss: 2.8722 (2.3898)  acc1: 31.2500 (45.8881)  acc5: 62.5000 (73.4922)  time: 0.2116  data: 0.0003  max mem: 41183
Test:  [4700/7958]  eta: 0:11:29  loss: 2.0331 (2.4001)  acc1: 50.0000 (45.6778)  acc5: 68.7500 (73.2982)  time: 0.2111  data: 0.0003  max mem: 41183
Test:  [4800/7958]  eta: 0:11:08  loss: 1.5252 (2.3989)  acc1: 68.7500 (45.8043)  acc5: 87.5000 (73.2907)  time: 0.2115  data: 0.0003  max mem: 41183
Test:  [4900/7958]  eta: 0:10:47  loss: 2.3479 (2.4020)  acc1: 50.0000 (45.8210)  acc5: 75.0000 (73.2185)  time: 0.2111  data: 0.0004  max mem: 41183
Test:  [5000/7958]  eta: 0:10:26  loss: 1.7216 (2.4021)  acc1: 43.7500 (45.7459)  acc5: 87.5000 (73.2778)  time: 0.2114  data: 0.0003  max mem: 41183
Test:  [5100/7958]  eta: 0:10:05  loss: 2.8585 (2.3959)  acc1: 37.5000 (45.8366)  acc5: 68.7500 (73.4501)  time: 0.2115  data: 0.0003  max mem: 41183
Test:  [5200/7958]  eta: 0:09:44  loss: 1.4494 (2.3941)  acc1: 62.5000 (45.9515)  acc5: 87.5000 (73.4522)  time: 0.2118  data: 0.0003  max mem: 41183
Test:  [5300/7958]  eta: 0:09:22  loss: 2.6607 (2.3944)  acc1: 43.7500 (46.0220)  acc5: 62.5000 (73.4413)  time: 0.2121  data: 0.0003  max mem: 41183
Test:  [5400/7958]  eta: 0:09:01  loss: 2.9875 (2.3957)  acc1: 43.7500 (46.0378)  acc5: 62.5000 (73.3961)  time: 0.2119  data: 0.0003  max mem: 41183
Test:  [5500/7958]  eta: 0:08:40  loss: 1.5678 (2.3941)  acc1: 62.5000 (46.1234)  acc5: 87.5000 (73.3923)  time: 0.2114  data: 0.0003  max mem: 41183
Test:  [5600/7958]  eta: 0:08:19  loss: 2.7313 (2.3953)  acc1: 31.2500 (46.1581)  acc5: 68.7500 (73.3440)  time: 0.2113  data: 0.0003  max mem: 41183
Test:  [5700/7958]  eta: 0:07:58  loss: 2.1544 (2.3967)  acc1: 56.2500 (46.1125)  acc5: 68.7500 (73.3468)  time: 0.2115  data: 0.0003  max mem: 41183
Test:  [5800/7958]  eta: 0:07:36  loss: 2.5615 (2.4010)  acc1: 37.5000 (46.0169)  acc5: 68.7500 (73.2848)  time: 0.2111  data: 0.0003  max mem: 41183
Test:  [5900/7958]  eta: 0:07:15  loss: 2.2510 (2.4051)  acc1: 43.7500 (45.9869)  acc5: 68.7500 (73.2100)  time: 0.2116  data: 0.0003  max mem: 41183
Test:  [6000/7958]  eta: 0:06:54  loss: 2.5104 (2.4084)  acc1: 43.7500 (45.9955)  acc5: 68.7500 (73.1493)  time: 0.2118  data: 0.0003  max mem: 41183
Test:  [6100/7958]  eta: 0:06:33  loss: 2.0113 (2.4083)  acc1: 56.2500 (46.0529)  acc5: 81.2500 (73.1356)  time: 0.2121  data: 0.0003  max mem: 41183
Test:  [6200/7958]  eta: 0:06:12  loss: 2.3175 (2.4118)  acc1: 56.2500 (46.0541)  acc5: 75.0000 (73.0981)  time: 0.2120  data: 0.0003  max mem: 41183
Test:  [6300/7958]  eta: 0:05:51  loss: 2.4942 (2.4079)  acc1: 31.2500 (46.1683)  acc5: 81.2500 (73.1580)  time: 0.2118  data: 0.0003  max mem: 41183
Test:  [6400/7958]  eta: 0:05:29  loss: 1.0369 (2.4042)  acc1: 75.0000 (46.2594)  acc5: 93.7500 (73.1975)  time: 0.2115  data: 0.0003  max mem: 41183
Test:  [6500/7958]  eta: 0:05:08  loss: 1.5946 (2.4015)  acc1: 62.5000 (46.3304)  acc5: 87.5000 (73.2282)  time: 0.2113  data: 0.0003  max mem: 41183
Test:  [6600/7958]  eta: 0:04:47  loss: 3.5193 (2.4081)  acc1: 25.0000 (46.2525)  acc5: 50.0000 (73.0903)  time: 0.2114  data: 0.0003  max mem: 41183
Test:  [6700/7958]  eta: 0:04:26  loss: 2.4455 (2.4113)  acc1: 43.7500 (46.2049)  acc5: 75.0000 (73.0479)  time: 0.2112  data: 0.0003  max mem: 41183
Test:  [6800/7958]  eta: 0:04:05  loss: 2.1768 (2.4131)  acc1: 50.0000 (46.2074)  acc5: 75.0000 (73.0297)  time: 0.2115  data: 0.0003  max mem: 41183
Test:  [6900/7958]  eta: 0:03:44  loss: 1.7402 (2.4084)  acc1: 62.5000 (46.3484)  acc5: 81.2500 (73.0972)  time: 0.2119  data: 0.0003  max mem: 41183
Test:  [7000/7958]  eta: 0:03:22  loss: 1.3358 (2.4084)  acc1: 68.7500 (46.3425)  acc5: 81.2500 (73.1056)  time: 0.2119  data: 0.0003  max mem: 41183
Test:  [7100/7958]  eta: 0:03:01  loss: 1.0378 (2.4124)  acc1: 75.0000 (46.3042)  acc5: 93.7500 (73.0540)  time: 0.2120  data: 0.0003  max mem: 41183
Test:  [7200/7958]  eta: 0:02:40  loss: 2.8399 (2.4168)  acc1: 37.5000 (46.2366)  acc5: 68.7500 (72.9951)  time: 0.2115  data: 0.0003  max mem: 41183
Test:  [7300/7958]  eta: 0:02:19  loss: 3.1207 (2.4088)  acc1: 25.0000 (46.4106)  acc5: 68.7500 (73.1184)  time: 0.2117  data: 0.0003  max mem: 41183
Test:  [7400/7958]  eta: 0:01:58  loss: 2.9141 (2.4133)  acc1: 31.2500 (46.3451)  acc5: 68.7500 (73.0383)  time: 0.2113  data: 0.0003  max mem: 41183
Test:  [7500/7958]  eta: 0:01:36  loss: 3.2662 (2.4192)  acc1: 18.7500 (46.2338)  acc5: 68.7500 (72.9478)  time: 0.2115  data: 0.0003  max mem: 41183
Test:  [7600/7958]  eta: 0:01:15  loss: 1.8013 (2.4230)  acc1: 56.2500 (46.1913)  acc5: 75.0000 (72.8786)  time: 0.2112  data: 0.0003  max mem: 41183
Test:  [7700/7958]  eta: 0:00:54  loss: 2.7610 (2.4263)  acc1: 25.0000 (46.1085)  acc5: 62.5000 (72.8071)  time: 0.2118  data: 0.0003  max mem: 41183
Test:  [7800/7958]  eta: 0:00:33  loss: 1.6907 (2.4231)  acc1: 56.2500 (46.1335)  acc5: 87.5000 (72.9057)  time: 0.2116  data: 0.0003  max mem: 41183
Test:  [7900/7958]  eta: 0:00:12  loss: 1.2362 (2.4161)  acc1: 75.0000 (46.3454)  acc5: 87.5000 (72.9829)  time: 0.2122  data: 0.0003  max mem: 41183
Test: Total time: 0:28:04
 * Acc@1 = 46.36764890676049, Acc@5 = 72.96117114852979, loss = 2.4171092493137047
Namespace(model='QKFormer_10_768', dataset='es-imagenet', num_classes=1000, data_path='/model/es-imagenet', device='cuda', batch_size=16, workers=4, print_freq=3072, output_dir='./logs4', resume='', sync_bn=False, test_only=False, amp=True, world_size=1, dist_url='env://', tb=True, T=8, opt='adamw', opt_eps=1e-08, opt_betas=None, weight_decay=0.01, momentum=0.9, connect_f='ADD', T_train=None, sched='cosine', lr=0.0005, lr_noise=None, lr_noise_pct=0.67, lr_noise_std=1.0, lr_cycle_mul=1.0, lr_cycle_limit=1, warmup_lr=1e-05, min_lr=1e-06, epochs=100, epoch_repeats=0.0, start_epoch=0, decay_epochs=20, warmup_epochs=20, cooldown_epochs=10, patience_epochs=10, decay_rate=0.1, smoothing=0.1, mixup=0.5, cutmix=0.0, cutmix_minmax=None, mixup_prob=0.5, mixup_switch_prob=0.5, mixup_mode='batch', mixup_off_epoch=0, grad_clip=5.0, distributed=False)
Training time 4 days, 23:22:28 max_test_acc1 47.27946720281478 test_acc5_at_max_test_acc1 73.55255717516964
./logs4/QKFormer_10_768_b16_T8_wd0.01_adamw_cnf_ADD/lr0.0005
Epoch: [14]  [    0/71874]  eta: 21:29:01  lr: 0.000353  img/s: 42.195872392894174  loss: 2.9184 (2.9184)  acc1: 56.2500 (56.2500)  acc5: 75.0000 (75.0000)  time: 1.0761  data: 0.6969  max mem: 41183
Epoch: [14]  [ 3072/71874]  eta: 7:10:43  lr: 0.000353  img/s: 42.93329648338938  loss: 3.6080 (3.7438)  acc1: 37.5000 (41.1853)  acc5: 68.7500 (66.4680)  time: 0.3720  data: 0.0002  max mem: 41183
Epoch: [14]  [ 6144/71874]  eta: 6:49:41  lr: 0.000353  img/s: 43.22774145881765  loss: 3.3328 (3.7440)  acc1: 43.7500 (40.9672)  acc5: 68.7500 (66.2754)  time: 0.3715  data: 0.0002  max mem: 41183
Epoch: [14]  [ 9216/71874]  eta: 6:29:54  lr: 0.000353  img/s: 34.605594227456095  loss: 3.6547 (3.7661)  acc1: 37.5000 (40.5094)  acc5: 68.7500 (65.8064)  time: 0.3766  data: 0.0002  max mem: 41183
Epoch: [14]  [12288/71874]  eta: 6:10:31  lr: 0.000353  img/s: 42.85146426015002  loss: 3.3443 (3.7675)  acc1: 43.7500 (40.5317)  acc5: 75.0000 (65.8114)  time: 0.3715  data: 0.0002  max mem: 41183
Epoch: [14]  [15360/71874]  eta: 5:51:11  lr: 0.000353  img/s: 43.03756599878536  loss: 3.1041 (3.7673)  acc1: 43.7500 (40.4551)  acc5: 68.7500 (65.7648)  time: 0.3774  data: 0.0002  max mem: 41183
Epoch: [14]  [18432/71874]  eta: 5:32:02  lr: 0.000353  img/s: 43.161794187240844  loss: 3.6692 (3.7726)  acc1: 43.7500 (40.3871)  acc5: 62.5000 (65.6869)  time: 0.3711  data: 0.0002  max mem: 41183
Epoch: [14]  [21504/71874]  eta: 5:12:52  lr: 0.000353  img/s: 43.057502725224836  loss: 3.5868 (3.7734)  acc1: 37.5000 (40.3581)  acc5: 62.5000 (65.6812)  time: 0.3738  data: 0.0002  max mem: 41183
Epoch: [14]  [24576/71874]  eta: 4:53:43  lr: 0.000353  img/s: 43.0633325975246  loss: 3.8781 (3.7772)  acc1: 31.2500 (40.2915)  acc5: 62.5000 (65.6452)  time: 0.3721  data: 0.0002  max mem: 41183
Epoch: [14]  [27648/71874]  eta: 4:34:36  lr: 0.000353  img/s: 43.33512677886248  loss: 3.4805 (3.7770)  acc1: 43.7500 (40.2867)  acc5: 62.5000 (65.6656)  time: 0.3714  data: 0.0002  max mem: 41183
Epoch: [14]  [30720/71874]  eta: 4:15:30  lr: 0.000353  img/s: 43.008660197634256  loss: 3.6626 (3.7785)  acc1: 37.5000 (40.2729)  acc5: 62.5000 (65.6060)  time: 0.3757  data: 0.0002  max mem: 41183
Epoch: [14]  [33792/71874]  eta: 3:56:26  lr: 0.000353  img/s: 43.11049926413481  loss: 3.5237 (3.7813)  acc1: 43.7500 (40.2380)  acc5: 62.5000 (65.5446)  time: 0.3718  data: 0.0002  max mem: 41183
Epoch: [14]  [36864/71874]  eta: 3:37:22  lr: 0.000353  img/s: 42.99824377616956  loss: 3.7477 (3.7837)  acc1: 37.5000 (40.2199)  acc5: 62.5000 (65.5278)  time: 0.3760  data: 0.0002  max mem: 41183
Epoch: [14]  [39936/71874]  eta: 3:18:17  lr: 0.000353  img/s: 43.019440167285694  loss: 3.3006 (3.7819)  acc1: 37.5000 (40.2207)  acc5: 68.7500 (65.5312)  time: 0.3723  data: 0.0002  max mem: 41183
Epoch: [14]  [43008/71874]  eta: 2:59:13  lr: 0.000353  img/s: 43.001467367414705  loss: 3.8410 (3.7817)  acc1: 31.2500 (40.2225)  acc5: 62.5000 (65.5142)  time: 0.3763  data: 0.0002  max mem: 41183
Epoch: [14]  [46080/71874]  eta: 2:40:09  lr: 0.000353  img/s: 43.1808737213136  loss: 3.4964 (3.7834)  acc1: 37.5000 (40.1916)  acc5: 68.7500 (65.4882)  time: 0.3720  data: 0.0002  max mem: 41183
Epoch: [14]  [49152/71874]  eta: 2:21:04  lr: 0.000353  img/s: 43.05846965645035  loss: 3.5332 (3.7844)  acc1: 37.5000 (40.1632)  acc5: 68.7500 (65.4604)  time: 0.3716  data: 0.0002  max mem: 41183
Epoch: [14]  [52224/71874]  eta: 2:02:00  lr: 0.000353  img/s: 42.32812007235828  loss: 3.6607 (3.7842)  acc1: 37.5000 (40.1678)  acc5: 62.5000 (65.4690)  time: 0.3723  data: 0.0002  max mem: 41183
Epoch: [14]  [55296/71874]  eta: 1:42:55  lr: 0.000353  img/s: 43.133358957120436  loss: 3.4834 (3.7842)  acc1: 43.7500 (40.1693)  acc5: 62.5000 (65.4664)  time: 0.3717  data: 0.0002  max mem: 41183
Epoch: [14]  [58368/71874]  eta: 1:23:51  lr: 0.000353  img/s: 43.049658374554404  loss: 3.6983 (3.7834)  acc1: 37.5000 (40.1674)  acc5: 62.5000 (65.4723)  time: 0.3706  data: 0.0001  max mem: 41183
Epoch: [14]  [61440/71874]  eta: 1:04:46  lr: 0.000353  img/s: 43.08426129881569  loss: 3.7055 (3.7830)  acc1: 37.5000 (40.1701)  acc5: 62.5000 (65.4695)  time: 0.3718  data: 0.0002  max mem: 41183
Epoch: [14]  [64512/71874]  eta: 0:45:42  lr: 0.000353  img/s: 43.24908115897384  loss: 3.6662 (3.7826)  acc1: 43.7500 (40.1750)  acc5: 68.7500 (65.4842)  time: 0.3716  data: 0.0002  max mem: 41183
Epoch: [14]  [67584/71874]  eta: 0:26:37  lr: 0.000353  img/s: 43.1454497527983  loss: 4.4632 (3.7833)  acc1: 25.0000 (40.1686)  acc5: 50.0000 (65.4663)  time: 0.3707  data: 0.0002  max mem: 41183
Epoch: [14]  [70656/71874]  eta: 0:07:33  lr: 0.000353  img/s: 43.11836580490585  loss: 3.3127 (3.7824)  acc1: 43.7500 (40.1674)  acc5: 68.7500 (65.4764)  time: 0.3739  data: 0.0002  max mem: 41183
Epoch: [14] Total time: 7:26:13
Test:  [   0/7958]  eta: 1:58:54  loss: 0.5175 (0.5175)  acc1: 93.7500 (93.7500)  acc5: 100.0000 (100.0000)  time: 0.8966  data: 0.6869  max mem: 41183
Test:  [ 100/7958]  eta: 0:28:37  loss: 1.2665 (1.7934)  acc1: 62.5000 (64.9134)  acc5: 87.5000 (82.5495)  time: 0.2116  data: 0.0003  max mem: 41183
Test:  [ 200/7958]  eta: 0:27:48  loss: 2.0146 (1.9117)  acc1: 56.2500 (59.9192)  acc5: 81.2500 (81.5609)  time: 0.2118  data: 0.0003  max mem: 41183
Test:  [ 300/7958]  eta: 0:27:18  loss: 1.4435 (1.9710)  acc1: 68.7500 (57.8696)  acc5: 81.2500 (80.4610)  time: 0.2121  data: 0.0004  max mem: 41183
Test:  [ 400/7958]  eta: 0:26:52  loss: 1.0361 (1.8795)  acc1: 68.7500 (59.2113)  acc5: 93.7500 (81.9046)  time: 0.2115  data: 0.0003  max mem: 41183
Test:  [ 500/7958]  eta: 0:26:28  loss: 2.2619 (1.9209)  acc1: 43.7500 (58.4581)  acc5: 75.0000 (80.9132)  time: 0.2116  data: 0.0003  max mem: 41183
Test:  [ 600/7958]  eta: 0:26:05  loss: 2.2240 (2.0031)  acc1: 18.7500 (55.7924)  acc5: 75.0000 (79.6485)  time: 0.2113  data: 0.0003  max mem: 41183
Test:  [ 700/7958]  eta: 0:25:42  loss: 2.2291 (2.0994)  acc1: 43.7500 (53.1651)  acc5: 75.0000 (78.1116)  time: 0.2117  data: 0.0003  max mem: 41183
Test:  [ 800/7958]  eta: 0:25:20  loss: 1.8321 (2.1600)  acc1: 56.2500 (51.9117)  acc5: 87.5000 (77.0287)  time: 0.2113  data: 0.0003  max mem: 41183
Test:  [ 900/7958]  eta: 0:24:58  loss: 2.2118 (2.2132)  acc1: 31.2500 (50.4509)  acc5: 68.7500 (76.1584)  time: 0.2113  data: 0.0003  max mem: 41183
Test:  [1000/7958]  eta: 0:24:37  loss: 3.0792 (2.2701)  acc1: 18.7500 (49.0135)  acc5: 62.5000 (75.4808)  time: 0.2118  data: 0.0003  max mem: 41183
Test:  [1100/7958]  eta: 0:24:15  loss: 2.2578 (2.3064)  acc1: 56.2500 (48.3311)  acc5: 81.2500 (74.9773)  time: 0.2119  data: 0.0003  max mem: 41183
Test:  [1200/7958]  eta: 0:23:54  loss: 2.8356 (2.3290)  acc1: 25.0000 (47.6062)  acc5: 68.7500 (74.7710)  time: 0.2121  data: 0.0003  max mem: 41183
Test:  [1300/7958]  eta: 0:23:32  loss: 2.6291 (2.3494)  acc1: 31.2500 (46.9302)  acc5: 68.7500 (74.5676)  time: 0.2118  data: 0.0003  max mem: 41183
Test:  [1400/7958]  eta: 0:23:11  loss: 2.9642 (2.3459)  acc1: 25.0000 (46.9486)  acc5: 68.7500 (74.6966)  time: 0.2115  data: 0.0003  max mem: 41183
Test:  [1500/7958]  eta: 0:22:49  loss: 2.2869 (2.3530)  acc1: 43.7500 (46.6897)  acc5: 81.2500 (74.7210)  time: 0.2115  data: 0.0003  max mem: 41183
Test:  [1600/7958]  eta: 0:22:28  loss: 1.3660 (2.3492)  acc1: 68.7500 (46.4631)  acc5: 87.5000 (74.8517)  time: 0.2114  data: 0.0003  max mem: 41183
Test:  [1700/7958]  eta: 0:22:06  loss: 1.7663 (2.3312)  acc1: 56.2500 (46.7262)  acc5: 81.2500 (75.2205)  time: 0.2115  data: 0.0003  max mem: 41183
Test:  [1800/7958]  eta: 0:21:45  loss: 1.3968 (2.3132)  acc1: 68.7500 (47.3452)  acc5: 87.5000 (75.5310)  time: 0.2116  data: 0.0003  max mem: 41183
Test:  [1900/7958]  eta: 0:21:24  loss: 1.9577 (2.3145)  acc1: 43.7500 (47.3336)  acc5: 81.2500 (75.5392)  time: 0.2117  data: 0.0003  max mem: 41183
Test:  [2000/7958]  eta: 0:21:02  loss: 0.4146 (2.2897)  acc1: 93.7500 (48.0541)  acc5: 100.0000 (75.7777)  time: 0.2120  data: 0.0003  max mem: 41183
Test:  [2100/7958]  eta: 0:20:41  loss: 1.4841 (2.2731)  acc1: 68.7500 (48.5037)  acc5: 87.5000 (76.0650)  time: 0.2121  data: 0.0003  max mem: 41183
Test:  [2200/7958]  eta: 0:20:20  loss: 2.3781 (2.2709)  acc1: 31.2500 (48.5433)  acc5: 68.7500 (76.0734)  time: 0.2117  data: 0.0003  max mem: 41183
Test:  [2300/7958]  eta: 0:19:59  loss: 3.1139 (2.2711)  acc1: 25.0000 (48.4979)  acc5: 62.5000 (76.0892)  time: 0.2114  data: 0.0003  max mem: 41183
Test:  [2400/7958]  eta: 0:19:37  loss: 2.5272 (2.2812)  acc1: 37.5000 (48.4199)  acc5: 81.2500 (75.9137)  time: 0.2115  data: 0.0003  max mem: 41183
Test:  [2500/7958]  eta: 0:19:16  loss: 3.9231 (2.3075)  acc1: 6.2500 (47.8309)  acc5: 50.0000 (75.4773)  time: 0.2114  data: 0.0003  max mem: 41183
Test:  [2600/7958]  eta: 0:18:55  loss: 2.7935 (2.2984)  acc1: 25.0000 (47.9503)  acc5: 75.0000 (75.6031)  time: 0.2115  data: 0.0003  max mem: 41183
Test:  [2700/7958]  eta: 0:18:34  loss: 1.3808 (2.2792)  acc1: 75.0000 (48.4034)  acc5: 87.5000 (75.9279)  time: 0.2117  data: 0.0003  max mem: 41183
Test:  [2800/7958]  eta: 0:18:12  loss: 2.0052 (2.2642)  acc1: 56.2500 (48.7460)  acc5: 75.0000 (76.1692)  time: 0.2118  data: 0.0003  max mem: 41183
Test:  [2900/7958]  eta: 0:17:51  loss: 1.6605 (2.2738)  acc1: 56.2500 (48.6966)  acc5: 81.2500 (75.9135)  time: 0.2119  data: 0.0003  max mem: 41183
Test:  [3000/7958]  eta: 0:17:30  loss: 1.7208 (2.2783)  acc1: 43.7500 (48.6734)  acc5: 87.5000 (75.8643)  time: 0.2119  data: 0.0003  max mem: 41183
Test:  [3100/7958]  eta: 0:17:09  loss: 2.3544 (2.2839)  acc1: 50.0000 (48.5912)  acc5: 75.0000 (75.7619)  time: 0.2115  data: 0.0003  max mem: 41183
Test:  [3200/7958]  eta: 0:16:47  loss: 2.7901 (2.2812)  acc1: 43.7500 (48.6567)  acc5: 62.5000 (75.7693)  time: 0.2115  data: 0.0003  max mem: 41183
Test:  [3300/7958]  eta: 0:16:26  loss: 3.1838 (2.3080)  acc1: 31.2500 (48.2524)  acc5: 62.5000 (75.2764)  time: 0.2113  data: 0.0003  max mem: 41183
Test:  [3400/7958]  eta: 0:16:05  loss: 2.7628 (2.3015)  acc1: 37.5000 (48.4821)  acc5: 68.7500 (75.3492)  time: 0.2114  data: 0.0003  max mem: 41183
Test:  [3500/7958]  eta: 0:15:44  loss: 2.0099 (2.2956)  acc1: 50.0000 (48.6432)  acc5: 81.2500 (75.4820)  time: 0.2114  data: 0.0003  max mem: 41183
Test:  [3600/7958]  eta: 0:15:23  loss: 2.8355 (2.3072)  acc1: 31.2500 (48.3928)  acc5: 62.5000 (75.3419)  time: 0.2118  data: 0.0003  max mem: 41183
Test:  [3700/7958]  eta: 0:15:01  loss: 2.9244 (2.3101)  acc1: 18.7500 (48.2826)  acc5: 68.7500 (75.3124)  time: 0.2121  data: 0.0003  max mem: 41183
Test:  [3800/7958]  eta: 0:14:40  loss: 2.2280 (2.3118)  acc1: 37.5000 (48.2061)  acc5: 81.2500 (75.3124)  time: 0.2119  data: 0.0003  max mem: 41183
Test:  [3900/7958]  eta: 0:14:19  loss: 1.3742 (2.2996)  acc1: 62.5000 (48.5292)  acc5: 93.7500 (75.5191)  time: 0.2117  data: 0.0003  max mem: 41183
Test:  [4000/7958]  eta: 0:13:58  loss: 2.4944 (2.3011)  acc1: 37.5000 (48.5191)  acc5: 68.7500 (75.4577)  time: 0.2112  data: 0.0003  max mem: 41183
Test:  [4100/7958]  eta: 0:13:37  loss: 1.5802 (2.2971)  acc1: 75.0000 (48.6726)  acc5: 81.2500 (75.4877)  time: 0.2116  data: 0.0003  max mem: 41183
Test:  [4200/7958]  eta: 0:13:15  loss: 2.1847 (2.2979)  acc1: 43.7500 (48.7191)  acc5: 75.0000 (75.4701)  time: 0.2114  data: 0.0003  max mem: 41183
Test:  [4300/7958]  eta: 0:12:54  loss: 1.9285 (2.2901)  acc1: 50.0000 (48.8694)  acc5: 81.2500 (75.6132)  time: 0.2116  data: 0.0003  max mem: 41183
Test:  [4400/7958]  eta: 0:12:33  loss: 1.8060 (2.2974)  acc1: 50.0000 (48.8028)  acc5: 81.2500 (75.4601)  time: 0.2116  data: 0.0003  max mem: 41183
Test:  [4500/7958]  eta: 0:12:12  loss: 2.5640 (2.3028)  acc1: 43.7500 (48.6920)  acc5: 62.5000 (75.3721)  time: 0.2118  data: 0.0003  max mem: 41183
Test:  [4600/7958]  eta: 0:11:51  loss: 2.8097 (2.2991)  acc1: 43.7500 (48.8318)  acc5: 62.5000 (75.4130)  time: 0.2116  data: 0.0003  max mem: 41183
Test:  [4700/7958]  eta: 0:11:29  loss: 2.0236 (2.3019)  acc1: 43.7500 (48.7941)  acc5: 75.0000 (75.3377)  time: 0.2119  data: 0.0003  max mem: 41183
Test:  [4800/7958]  eta: 0:11:08  loss: 2.6084 (2.3102)  acc1: 25.0000 (48.5693)  acc5: 75.0000 (75.1914)  time: 0.2116  data: 0.0003  max mem: 41183
Test:  [4900/7958]  eta: 0:10:47  loss: 2.4959 (2.3144)  acc1: 43.7500 (48.5615)  acc5: 62.5000 (75.0587)  time: 0.2114  data: 0.0003  max mem: 41183
Test:  [5000/7958]  eta: 0:10:26  loss: 2.7582 (2.3159)  acc1: 31.2500 (48.3828)  acc5: 68.7500 (75.1162)  time: 0.2113  data: 0.0003  max mem: 41183
Test:  [5100/7958]  eta: 0:10:05  loss: 2.8793 (2.3101)  acc1: 31.2500 (48.4770)  acc5: 62.5000 (75.2340)  time: 0.2113  data: 0.0003  max mem: 41183
Test:  [5200/7958]  eta: 0:09:44  loss: 1.4605 (2.3094)  acc1: 62.5000 (48.5460)  acc5: 87.5000 (75.2019)  time: 0.2113  data: 0.0003  max mem: 41183
Test:  [5300/7958]  eta: 0:09:22  loss: 2.1668 (2.3087)  acc1: 43.7500 (48.5592)  acc5: 75.0000 (75.2228)  time: 0.2118  data: 0.0003  max mem: 41183
Test:  [5400/7958]  eta: 0:09:01  loss: 2.4116 (2.3065)  acc1: 43.7500 (48.6206)  acc5: 68.7500 (75.2546)  time: 0.2120  data: 0.0003  max mem: 41183
Test:  [5500/7958]  eta: 0:08:40  loss: 2.0062 (2.3099)  acc1: 56.2500 (48.6162)  acc5: 81.2500 (75.1750)  time: 0.2117  data: 0.0003  max mem: 41183
Test:  [5600/7958]  eta: 0:08:19  loss: 2.6647 (2.3124)  acc1: 37.5000 (48.5929)  acc5: 68.7500 (75.1306)  time: 0.2118  data: 0.0003  max mem: 41183
Test:  [5700/7958]  eta: 0:07:58  loss: 2.5018 (2.3109)  acc1: 37.5000 (48.6713)  acc5: 68.7500 (75.1524)  time: 0.2114  data: 0.0003  max mem: 41183
Test:  [5800/7958]  eta: 0:07:36  loss: 2.7993 (2.3132)  acc1: 31.2500 (48.6155)  acc5: 68.7500 (75.1142)  time: 0.2113  data: 0.0003  max mem: 41183
Test:  [5900/7958]  eta: 0:07:15  loss: 2.3908 (2.3109)  acc1: 43.7500 (48.6591)  acc5: 68.7500 (75.1292)  time: 0.2115  data: 0.0003  max mem: 41183
Test:  [6000/7958]  eta: 0:06:54  loss: 2.6150 (2.3166)  acc1: 43.7500 (48.5982)  acc5: 68.7500 (75.0135)  time: 0.2113  data: 0.0003  max mem: 41183
Test:  [6100/7958]  eta: 0:06:33  loss: 1.9619 (2.3159)  acc1: 50.0000 (48.6385)  acc5: 81.2500 (75.0041)  time: 0.2116  data: 0.0003  max mem: 41183
Test:  [6200/7958]  eta: 0:06:12  loss: 1.9461 (2.3162)  acc1: 62.5000 (48.6726)  acc5: 81.2500 (75.0060)  time: 0.2119  data: 0.0003  max mem: 41183
Test:  [6300/7958]  eta: 0:05:51  loss: 1.3059 (2.3096)  acc1: 75.0000 (48.8901)  acc5: 87.5000 (75.1002)  time: 0.2120  data: 0.0003  max mem: 41183
Test:  [6400/7958]  eta: 0:05:29  loss: 1.6123 (2.3114)  acc1: 68.7500 (48.8976)  acc5: 87.5000 (75.0625)  time: 0.2118  data: 0.0003  max mem: 41183
Test:  [6500/7958]  eta: 0:05:08  loss: 1.2674 (2.3087)  acc1: 75.0000 (48.9348)  acc5: 87.5000 (75.0971)  time: 0.2117  data: 0.0003  max mem: 41183
Test:  [6600/7958]  eta: 0:04:47  loss: 3.4588 (2.3165)  acc1: 25.0000 (48.8061)  acc5: 50.0000 (74.9536)  time: 0.2114  data: 0.0003  max mem: 41183
Test:  [6700/7958]  eta: 0:04:26  loss: 1.9719 (2.3149)  acc1: 56.2500 (48.8397)  acc5: 81.2500 (74.9655)  time: 0.2114  data: 0.0003  max mem: 41183
Test:  [6800/7958]  eta: 0:04:05  loss: 2.9979 (2.3150)  acc1: 25.0000 (48.8393)  acc5: 75.0000 (74.9844)  time: 0.2115  data: 0.0003  max mem: 41183
Test:  [6900/7958]  eta: 0:03:43  loss: 1.8096 (2.3078)  acc1: 50.0000 (48.9639)  acc5: 81.2500 (75.0942)  time: 0.2115  data: 0.0004  max mem: 41183
Test:  [7000/7958]  eta: 0:03:22  loss: 1.9804 (2.3060)  acc1: 56.2500 (49.0626)  acc5: 81.2500 (75.0920)  time: 0.2118  data: 0.0003  max mem: 41183
Test:  [7100/7958]  eta: 0:03:01  loss: 1.5059 (2.3088)  acc1: 75.0000 (49.0274)  acc5: 87.5000 (75.0097)  time: 0.2117  data: 0.0003  max mem: 41183
Test:  [7200/7958]  eta: 0:02:40  loss: 2.4520 (2.3154)  acc1: 43.7500 (48.9489)  acc5: 75.0000 (74.9028)  time: 0.2121  data: 0.0003  max mem: 41183
Test:  [7300/7958]  eta: 0:02:19  loss: 2.4452 (2.3085)  acc1: 43.7500 (49.0763)  acc5: 81.2500 (75.0188)  time: 0.2118  data: 0.0003  max mem: 41183
Test:  [7400/7958]  eta: 0:01:58  loss: 1.5961 (2.3122)  acc1: 68.7500 (49.0094)  acc5: 81.2500 (74.9797)  time: 0.2115  data: 0.0003  max mem: 41183
Test:  [7500/7958]  eta: 0:01:36  loss: 1.7847 (2.3140)  acc1: 50.0000 (48.9818)  acc5: 81.2500 (74.9442)  time: 0.2111  data: 0.0003  max mem: 41183
Test:  [7600/7958]  eta: 0:01:15  loss: 2.2279 (2.3166)  acc1: 62.5000 (48.9689)  acc5: 68.7500 (74.8767)  time: 0.2116  data: 0.0003  max mem: 41183
Test:  [7700/7958]  eta: 0:00:54  loss: 2.6835 (2.3204)  acc1: 37.5000 (48.8622)  acc5: 68.7500 (74.8288)  time: 0.2113  data: 0.0003  max mem: 41183
Test:  [7800/7958]  eta: 0:00:33  loss: 1.5658 (2.3158)  acc1: 62.5000 (48.8888)  acc5: 87.5000 (74.9439)  time: 0.2112  data: 0.0003  max mem: 41183
Test:  [7900/7958]  eta: 0:00:12  loss: 1.4027 (2.3123)  acc1: 75.0000 (49.0112)  acc5: 87.5000 (74.9850)  time: 0.2121  data: 0.0003  max mem: 41183
Test: Total time: 0:28:04
 * Acc@1 = 49.02299572756974, Acc@5 = 74.98900477506912, loss = 2.3126769283754585
Namespace(model='QKFormer_10_768', dataset='es-imagenet', num_classes=1000, data_path='/model/es-imagenet', device='cuda', batch_size=16, workers=4, print_freq=3072, output_dir='./logs4', resume='', sync_bn=False, test_only=False, amp=True, world_size=1, dist_url='env://', tb=True, T=8, opt='adamw', opt_eps=1e-08, opt_betas=None, weight_decay=0.01, momentum=0.9, connect_f='ADD', T_train=None, sched='cosine', lr=0.0005, lr_noise=None, lr_noise_pct=0.67, lr_noise_std=1.0, lr_cycle_mul=1.0, lr_cycle_limit=1, warmup_lr=1e-05, min_lr=1e-06, epochs=100, epoch_repeats=0.0, start_epoch=0, decay_epochs=20, warmup_epochs=20, cooldown_epochs=10, patience_epochs=10, decay_rate=0.1, smoothing=0.1, mixup=0.5, cutmix=0.0, cutmix_minmax=None, mixup_prob=0.5, mixup_switch_prob=0.5, mixup_mode='batch', mixup_off_epoch=0, grad_clip=5.0, distributed=False)
Training time 5 days, 7:16:50 max_test_acc1 49.02299572756974 test_acc5_at_max_test_acc1 74.98900477506912
./logs4/QKFormer_10_768_b16_T8_wd0.01_adamw_cnf_ADD/lr0.0005
Epoch: [15]  [    0/71874]  eta: 21:53:50  lr: 0.0003775  img/s: 42.50161750810021  loss: 2.5673 (2.5673)  acc1: 62.5000 (62.5000)  acc5: 93.7500 (93.7500)  time: 1.0968  data: 0.7203  max mem: 41183
Epoch: [15]  [ 3072/71874]  eta: 7:07:10  lr: 0.0003775  img/s: 42.95706844890417  loss: 3.6366 (3.7214)  acc1: 37.5000 (41.4640)  acc5: 62.5000 (67.0782)  time: 0.3731  data: 0.0002  max mem: 41183
Epoch: [15]  [ 6144/71874]  eta: 6:48:07  lr: 0.0003775  img/s: 42.82649710209484  loss: 3.9627 (3.7253)  acc1: 37.5000 (41.2358)  acc5: 68.7500 (66.8541)  time: 0.3740  data: 0.0002  max mem: 41183
Epoch: [15]  [ 9216/71874]  eta: 6:28:59  lr: 0.0003775  img/s: 41.987073943798556  loss: 3.6413 (3.7339)  acc1: 37.5000 (41.1414)  acc5: 68.7500 (66.6696)  time: 0.3713  data: 0.0002  max mem: 41183
Epoch: [15]  [12288/71874]  eta: 6:09:53  lr: 0.0003775  img/s: 43.038808053030145  loss: 3.5578 (3.7287)  acc1: 43.7500 (41.1476)  acc5: 62.5000 (66.6984)  time: 0.3725  data: 0.0002  max mem: 41183
Epoch: [15]  [15360/71874]  eta: 5:50:51  lr: 0.0003775  img/s: 43.030253133227404  loss: 3.5075 (3.7320)  acc1: 43.7500 (41.1545)  acc5: 68.7500 (66.6709)  time: 0.3762  data: 0.0002  max mem: 41183
Epoch: [15]  [18432/71874]  eta: 5:31:44  lr: 0.0003775  img/s: 43.077292022253445  loss: 3.4150 (3.7379)  acc1: 37.5000 (41.0554)  acc5: 68.7500 (66.5349)  time: 0.3722  data: 0.0002  max mem: 41183
Epoch: [15]  [21504/71874]  eta: 5:12:42  lr: 0.0003775  img/s: 43.041485613792496  loss: 3.5567 (3.7424)  acc1: 37.5000 (40.9538)  acc5: 68.7500 (66.4064)  time: 0.3719  data: 0.0002  max mem: 41183
Epoch: [15]  [24576/71874]  eta: 4:53:39  lr: 0.0003775  img/s: 42.906340988109285  loss: 3.8070 (3.7478)  acc1: 43.7500 (40.8693)  acc5: 62.5000 (66.3125)  time: 0.3728  data: 0.0002  max mem: 41183
Epoch: [15]  [27648/71874]  eta: 4:34:34  lr: 0.0003775  img/s: 43.136907845766395  loss: 3.4907 (3.7474)  acc1: 37.5000 (40.8613)  acc5: 68.7500 (66.3010)  time: 0.3710  data: 0.0002  max mem: 41183
Epoch: [15]  [30720/71874]  eta: 4:15:29  lr: 0.0003775  img/s: 42.90623125897491  loss: 3.3522 (3.7483)  acc1: 37.5000 (40.8473)  acc5: 62.5000 (66.2625)  time: 0.3714  data: 0.0002  max mem: 41183
Epoch: [15]  [33792/71874]  eta: 3:56:25  lr: 0.0003775  img/s: 42.96328372828512  loss: 3.5900 (3.7487)  acc1: 37.5000 (40.8263)  acc5: 62.5000 (66.2362)  time: 0.3722  data: 0.0002  max mem: 41183
Epoch: [15]  [36864/71874]  eta: 3:37:20  lr: 0.0003775  img/s: 43.25181282366096  loss: 3.4414 (3.7483)  acc1: 37.5000 (40.8128)  acc5: 68.7500 (66.2303)  time: 0.3716  data: 0.0002  max mem: 41183
Epoch: [15]  [39936/71874]  eta: 3:18:17  lr: 0.0003775  img/s: 43.327852319961366  loss: 3.4120 (3.7504)  acc1: 43.7500 (40.8024)  acc5: 68.7500 (66.1960)  time: 0.3721  data: 0.0002  max mem: 41183
Epoch: [15]  [43008/71874]  eta: 2:59:13  lr: 0.0003775  img/s: 43.15924042052514  loss: 3.6387 (3.7529)  acc1: 37.5000 (40.7729)  acc5: 68.7500 (66.1333)  time: 0.3709  data: 0.0002  max mem: 41183
Epoch: [15]  [46080/71874]  eta: 2:40:09  lr: 0.0003775  img/s: 42.99882233388052  loss: 3.8572 (3.7531)  acc1: 37.5000 (40.7782)  acc5: 62.5000 (66.1167)  time: 0.3776  data: 0.0002  max mem: 41183
Epoch: [15]  [49152/71874]  eta: 2:21:05  lr: 0.0003775  img/s: 43.11531856470009  loss: 3.3036 (3.7532)  acc1: 43.7500 (40.7766)  acc5: 68.7500 (66.1282)  time: 0.3714  data: 0.0002  max mem: 41183
Epoch: [15]  [52224/71874]  eta: 2:02:00  lr: 0.0003775  img/s: 43.023356481244036  loss: 3.5291 (3.7546)  acc1: 43.7500 (40.7769)  acc5: 68.7500 (66.1223)  time: 0.3720  data: 0.0002  max mem: 41183
Epoch: [15]  [55296/71874]  eta: 1:42:55  lr: 0.0003775  img/s: 42.951982058555465  loss: 3.3423 (3.7550)  acc1: 37.5000 (40.7611)  acc5: 68.7500 (66.1147)  time: 0.3719  data: 0.0002  max mem: 41183
Epoch: [15]  [58368/71874]  eta: 1:23:51  lr: 0.0003775  img/s: 42.93096192955262  loss: 3.4353 (3.7555)  acc1: 43.7500 (40.7585)  acc5: 62.5000 (66.1065)  time: 0.3764  data: 0.0002  max mem: 41183
Epoch: [15]  [61440/71874]  eta: 1:04:47  lr: 0.0003775  img/s: 43.10645631439019  loss: 3.3598 (3.7549)  acc1: 43.7500 (40.7572)  acc5: 68.7500 (66.1010)  time: 0.3721  data: 0.0002  max mem: 41183
Epoch: [15]  [64512/71874]  eta: 0:45:42  lr: 0.0003775  img/s: 43.13288766427378  loss: 3.5191 (3.7569)  acc1: 43.7500 (40.7430)  acc5: 68.7500 (66.0788)  time: 0.3716  data: 0.0002  max mem: 41183
Epoch: [15]  [67584/71874]  eta: 0:26:38  lr: 0.0003775  img/s: 43.13308172478687  loss: 3.0680 (3.7569)  acc1: 56.2500 (40.7273)  acc5: 75.0000 (66.0609)  time: 0.3710  data: 0.0002  max mem: 41183
Epoch: [15]  [70656/71874]  eta: 0:07:33  lr: 0.0003775  img/s: 43.20525450714209  loss: 3.5264 (3.7566)  acc1: 43.7500 (40.7353)  acc5: 68.7500 (66.0687)  time: 0.3712  data: 0.0002  max mem: 41183
Epoch: [15] Total time: 7:26:15
Test:  [   0/7958]  eta: 1:48:07  loss: 0.4910 (0.4910)  acc1: 93.7500 (93.7500)  acc5: 100.0000 (100.0000)  time: 0.8152  data: 0.6063  max mem: 41183
Test:  [ 100/7958]  eta: 0:28:28  loss: 1.6370 (1.5689)  acc1: 62.5000 (68.6881)  acc5: 81.2500 (84.2822)  time: 0.2115  data: 0.0003  max mem: 41183
Test:  [ 200/7958]  eta: 0:27:44  loss: 2.6857 (1.7861)  acc1: 31.2500 (60.9453)  acc5: 68.7500 (81.9963)  time: 0.2115  data: 0.0003  max mem: 41183
Test:  [ 300/7958]  eta: 0:27:15  loss: 1.5349 (1.8037)  acc1: 62.5000 (60.0083)  acc5: 87.5000 (81.5822)  time: 0.2114  data: 0.0003  max mem: 41183
Test:  [ 400/7958]  eta: 0:26:50  loss: 1.1382 (1.7546)  acc1: 62.5000 (60.1621)  acc5: 93.7500 (82.7618)  time: 0.2113  data: 0.0003  max mem: 41183
Test:  [ 500/7958]  eta: 0:26:27  loss: 2.9136 (1.8249)  acc1: 37.5000 (58.8573)  acc5: 62.5000 (81.5619)  time: 0.2114  data: 0.0003  max mem: 41183
Test:  [ 600/7958]  eta: 0:26:04  loss: 2.3445 (1.9959)  acc1: 31.2500 (54.9397)  acc5: 75.0000 (78.9517)  time: 0.2117  data: 0.0003  max mem: 41183
Test:  [ 700/7958]  eta: 0:25:42  loss: 3.1225 (2.1519)  acc1: 25.0000 (51.5335)  acc5: 62.5000 (76.4889)  time: 0.2122  data: 0.0003  max mem: 41183
Test:  [ 800/7958]  eta: 0:25:20  loss: 2.4903 (2.1932)  acc1: 37.5000 (50.1248)  acc5: 81.2500 (75.9753)  time: 0.2119  data: 0.0003  max mem: 41183
Test:  [ 900/7958]  eta: 0:24:58  loss: 2.4166 (2.2003)  acc1: 43.7500 (49.7780)  acc5: 75.0000 (76.0197)  time: 0.2118  data: 0.0003  max mem: 41183
Test:  [1000/7958]  eta: 0:24:36  loss: 2.6942 (2.2387)  acc1: 25.0000 (48.8012)  acc5: 75.0000 (75.5307)  time: 0.2115  data: 0.0003  max mem: 41183
Test:  [1100/7958]  eta: 0:24:15  loss: 2.2628 (2.2915)  acc1: 43.7500 (47.7180)  acc5: 75.0000 (74.9205)  time: 0.2113  data: 0.0003  max mem: 41183
Test:  [1200/7958]  eta: 0:23:53  loss: 2.4069 (2.3231)  acc1: 43.7500 (47.1378)  acc5: 75.0000 (74.5733)  time: 0.2115  data: 0.0003  max mem: 41183
Test:  [1300/7958]  eta: 0:23:32  loss: 2.7033 (2.3242)  acc1: 37.5000 (46.9975)  acc5: 75.0000 (74.7934)  time: 0.2114  data: 0.0003  max mem: 41183
Test:  [1400/7958]  eta: 0:23:10  loss: 2.5045 (2.3354)  acc1: 37.5000 (46.6988)  acc5: 75.0000 (74.7546)  time: 0.2116  data: 0.0003  max mem: 41183
Test:  [1500/7958]  eta: 0:22:49  loss: 2.2561 (2.3621)  acc1: 43.7500 (46.0610)  acc5: 75.0000 (74.4046)  time: 0.2120  data: 0.0003  max mem: 41183
Test:  [1600/7958]  eta: 0:22:27  loss: 1.8597 (2.3421)  acc1: 50.0000 (46.2094)  acc5: 81.2500 (74.8165)  time: 0.2120  data: 0.0003  max mem: 41183
Test:  [1700/7958]  eta: 0:22:06  loss: 0.9722 (2.3098)  acc1: 81.2500 (46.8585)  acc5: 93.7500 (75.3932)  time: 0.2119  data: 0.0003  max mem: 41183
Test:  [1800/7958]  eta: 0:21:45  loss: 1.6049 (2.2911)  acc1: 62.5000 (47.4112)  acc5: 87.5000 (75.7843)  time: 0.2118  data: 0.0003  max mem: 41183
Test:  [1900/7958]  eta: 0:21:23  loss: 2.3037 (2.2847)  acc1: 43.7500 (47.5013)  acc5: 81.2500 (75.9206)  time: 0.2114  data: 0.0003  max mem: 41183
Test:  [2000/7958]  eta: 0:21:02  loss: 0.7233 (2.2464)  acc1: 87.5000 (48.5132)  acc5: 100.0000 (76.4118)  time: 0.2114  data: 0.0003  max mem: 41183
Test:  [2100/7958]  eta: 0:20:41  loss: 1.7918 (2.2317)  acc1: 56.2500 (48.9172)  acc5: 87.5000 (76.6867)  time: 0.2115  data: 0.0003  max mem: 41183
Test:  [2200/7958]  eta: 0:20:20  loss: 3.0570 (2.2473)  acc1: 43.7500 (48.6398)  acc5: 62.5000 (76.4652)  time: 0.2116  data: 0.0003  max mem: 41183
Test:  [2300/7958]  eta: 0:19:58  loss: 2.4290 (2.2432)  acc1: 37.5000 (48.5767)  acc5: 75.0000 (76.5265)  time: 0.2117  data: 0.0003  max mem: 41183
Test:  [2400/7958]  eta: 0:19:37  loss: 2.0295 (2.2475)  acc1: 50.0000 (48.4824)  acc5: 87.5000 (76.4525)  time: 0.2121  data: 0.0003  max mem: 41183
Test:  [2500/7958]  eta: 0:19:16  loss: 2.9062 (2.2604)  acc1: 12.5000 (48.0983)  acc5: 75.0000 (76.2520)  time: 0.2118  data: 0.0003  max mem: 41183
Test:  [2600/7958]  eta: 0:18:55  loss: 2.4394 (2.2582)  acc1: 31.2500 (48.1257)  acc5: 75.0000 (76.3312)  time: 0.2121  data: 0.0003  max mem: 41183
Test:  [2700/7958]  eta: 0:18:34  loss: 1.7149 (2.2464)  acc1: 62.5000 (48.5237)  acc5: 81.2500 (76.5064)  time: 0.2114  data: 0.0003  max mem: 41183
Test:  [2800/7958]  eta: 0:18:12  loss: 2.3755 (2.2441)  acc1: 43.7500 (48.5987)  acc5: 75.0000 (76.5686)  time: 0.2114  data: 0.0003  max mem: 41183
Test:  [2900/7958]  eta: 0:17:51  loss: 1.4395 (2.2525)  acc1: 62.5000 (48.5975)  acc5: 87.5000 (76.3831)  time: 0.2113  data: 0.0003  max mem: 41183
Test:  [3000/7958]  eta: 0:17:30  loss: 1.0100 (2.2508)  acc1: 75.0000 (48.6879)  acc5: 93.7500 (76.3975)  time: 0.2114  data: 0.0003  max mem: 41183
Test:  [3100/7958]  eta: 0:17:09  loss: 2.3999 (2.2608)  acc1: 50.0000 (48.5569)  acc5: 62.5000 (76.1992)  time: 0.2113  data: 0.0003  max mem: 41183
Test:  [3200/7958]  eta: 0:16:47  loss: 3.1931 (2.2655)  acc1: 25.0000 (48.5317)  acc5: 62.5000 (76.1461)  time: 0.2118  data: 0.0003  max mem: 41183
Test:  [3300/7958]  eta: 0:16:26  loss: 1.7199 (2.2783)  acc1: 56.2500 (48.3149)  acc5: 81.2500 (75.9410)  time: 0.2119  data: 0.0003  max mem: 41183
Test:  [3400/7958]  eta: 0:16:05  loss: 2.7336 (2.2810)  acc1: 43.7500 (48.3810)  acc5: 68.7500 (75.8803)  time: 0.2119  data: 0.0003  max mem: 41183
Test:  [3500/7958]  eta: 0:15:44  loss: 1.8750 (2.2821)  acc1: 50.0000 (48.3897)  acc5: 81.2500 (75.8908)  time: 0.2118  data: 0.0003  max mem: 41183
Test:  [3600/7958]  eta: 0:15:23  loss: 2.4267 (2.2947)  acc1: 56.2500 (48.2210)  acc5: 75.0000 (75.6890)  time: 0.2113  data: 0.0003  max mem: 41183
Test:  [3700/7958]  eta: 0:15:01  loss: 3.1831 (2.3025)  acc1: 31.2500 (48.0816)  acc5: 62.5000 (75.6096)  time: 0.2116  data: 0.0003  max mem: 41183
Test:  [3800/7958]  eta: 0:14:40  loss: 2.6594 (2.3109)  acc1: 37.5000 (47.9397)  acc5: 75.0000 (75.5015)  time: 0.2113  data: 0.0003  max mem: 41183
Test:  [3900/7958]  eta: 0:14:19  loss: 2.1440 (2.3112)  acc1: 37.5000 (47.9733)  acc5: 81.2500 (75.5608)  time: 0.2114  data: 0.0003  max mem: 41183
Test:  [4000/7958]  eta: 0:13:58  loss: 2.9986 (2.3185)  acc1: 31.2500 (47.8583)  acc5: 56.2500 (75.3968)  time: 0.2114  data: 0.0003  max mem: 41183
Test:  [4100/7958]  eta: 0:13:37  loss: 1.7584 (2.3210)  acc1: 62.5000 (47.8603)  acc5: 81.2500 (75.3124)  time: 0.2119  data: 0.0003  max mem: 41183
Test:  [4200/7958]  eta: 0:13:15  loss: 2.8206 (2.3247)  acc1: 37.5000 (47.8978)  acc5: 68.7500 (75.2678)  time: 0.2121  data: 0.0003  max mem: 41183
Test:  [4300/7958]  eta: 0:12:54  loss: 2.4165 (2.3240)  acc1: 50.0000 (47.9699)  acc5: 81.2500 (75.2645)  time: 0.2120  data: 0.0003  max mem: 41183
Test:  [4400/7958]  eta: 0:12:33  loss: 1.7974 (2.3344)  acc1: 50.0000 (47.8371)  acc5: 87.5000 (75.0511)  time: 0.2117  data: 0.0004  max mem: 41183
Test:  [4500/7958]  eta: 0:12:12  loss: 2.4537 (2.3402)  acc1: 50.0000 (47.7241)  acc5: 62.5000 (74.9528)  time: 0.2113  data: 0.0003  max mem: 41183
Test:  [4600/7958]  eta: 0:11:51  loss: 2.7004 (2.3420)  acc1: 37.5000 (47.7532)  acc5: 68.7500 (74.9036)  time: 0.2111  data: 0.0003  max mem: 41183
Test:  [4700/7958]  eta: 0:11:29  loss: 2.6282 (2.3502)  acc1: 43.7500 (47.5843)  acc5: 68.7500 (74.7407)  time: 0.2112  data: 0.0004  max mem: 41183
Test:  [4800/7958]  eta: 0:11:08  loss: 1.9415 (2.3545)  acc1: 56.2500 (47.5344)  acc5: 81.2500 (74.7019)  time: 0.2115  data: 0.0003  max mem: 41183
Test:  [4900/7958]  eta: 0:10:47  loss: 2.4623 (2.3548)  acc1: 50.0000 (47.5643)  acc5: 75.0000 (74.6646)  time: 0.2118  data: 0.0003  max mem: 41183
Test:  [5000/7958]  eta: 0:10:26  loss: 1.8877 (2.3562)  acc1: 43.7500 (47.4818)  acc5: 81.2500 (74.6663)  time: 0.2118  data: 0.0003  max mem: 41183
Test:  [5100/7958]  eta: 0:10:05  loss: 3.4069 (2.3570)  acc1: 31.2500 (47.4490)  acc5: 50.0000 (74.6680)  time: 0.2119  data: 0.0003  max mem: 41183
Test:  [5200/7958]  eta: 0:09:44  loss: 1.5996 (2.3530)  acc1: 68.7500 (47.6098)  acc5: 81.2500 (74.7056)  time: 0.2118  data: 0.0003  max mem: 41183
Test:  [5300/7958]  eta: 0:09:22  loss: 2.0305 (2.3539)  acc1: 50.0000 (47.6997)  acc5: 81.2500 (74.6958)  time: 0.2115  data: 0.0003  max mem: 41183
Test:  [5400/7958]  eta: 0:09:01  loss: 2.2606 (2.3543)  acc1: 50.0000 (47.7099)  acc5: 75.0000 (74.6795)  time: 0.2116  data: 0.0003  max mem: 41183
Test:  [5500/7958]  eta: 0:08:40  loss: 1.7733 (2.3556)  acc1: 43.7500 (47.6584)  acc5: 87.5000 (74.6285)  time: 0.2112  data: 0.0003  max mem: 41183
Test:  [5600/7958]  eta: 0:08:19  loss: 2.7363 (2.3589)  acc1: 37.5000 (47.7013)  acc5: 68.7500 (74.5436)  time: 0.2115  data: 0.0003  max mem: 41183
Test:  [5700/7958]  eta: 0:07:58  loss: 2.6065 (2.3596)  acc1: 37.5000 (47.6945)  acc5: 75.0000 (74.5264)  time: 0.2112  data: 0.0003  max mem: 41183
Test:  [5800/7958]  eta: 0:07:36  loss: 2.3487 (2.3663)  acc1: 43.7500 (47.5942)  acc5: 75.0000 (74.4182)  time: 0.2120  data: 0.0003  max mem: 41183
Test:  [5900/7958]  eta: 0:07:15  loss: 2.4492 (2.3643)  acc1: 37.5000 (47.6593)  acc5: 68.7500 (74.4492)  time: 0.2120  data: 0.0003  max mem: 41183
Test:  [6000/7958]  eta: 0:06:54  loss: 2.7262 (2.3749)  acc1: 37.5000 (47.4796)  acc5: 68.7500 (74.3012)  time: 0.2119  data: 0.0003  max mem: 41183
Test:  [6100/7958]  eta: 0:06:33  loss: 2.0552 (2.3778)  acc1: 56.2500 (47.4738)  acc5: 81.2500 (74.2501)  time: 0.2119  data: 0.0003  max mem: 41183
Test:  [6200/7958]  eta: 0:06:12  loss: 1.9527 (2.3832)  acc1: 50.0000 (47.4268)  acc5: 75.0000 (74.1584)  time: 0.2114  data: 0.0003  max mem: 41183
Test:  [6300/7958]  eta: 0:05:51  loss: 2.0593 (2.3791)  acc1: 25.0000 (47.5411)  acc5: 81.2500 (74.2144)  time: 0.2114  data: 0.0003  max mem: 41183
Test:  [6400/7958]  eta: 0:05:29  loss: 1.0685 (2.3766)  acc1: 75.0000 (47.6029)  acc5: 93.7500 (74.2511)  time: 0.2113  data: 0.0003  max mem: 41183
Test:  [6500/7958]  eta: 0:05:08  loss: 1.5042 (2.3774)  acc1: 68.7500 (47.6119)  acc5: 87.5000 (74.2357)  time: 0.2114  data: 0.0003  max mem: 41183
Test:  [6600/7958]  eta: 0:04:47  loss: 2.7427 (2.3836)  acc1: 43.7500 (47.5373)  acc5: 62.5000 (74.1261)  time: 0.2115  data: 0.0003  max mem: 41183
Test:  [6700/7958]  eta: 0:04:26  loss: 1.8198 (2.3845)  acc1: 56.2500 (47.5880)  acc5: 81.2500 (74.0906)  time: 0.2118  data: 0.0003  max mem: 41183
Test:  [6800/7958]  eta: 0:04:05  loss: 2.1689 (2.3825)  acc1: 56.2500 (47.6860)  acc5: 75.0000 (74.1279)  time: 0.2120  data: 0.0003  max mem: 41183
Test:  [6900/7958]  eta: 0:03:43  loss: 1.7547 (2.3760)  acc1: 56.2500 (47.8644)  acc5: 75.0000 (74.2311)  time: 0.2120  data: 0.0003  max mem: 41183
Test:  [7000/7958]  eta: 0:03:22  loss: 1.8968 (2.3753)  acc1: 56.2500 (47.9226)  acc5: 81.2500 (74.2287)  time: 0.2115  data: 0.0003  max mem: 41183
Test:  [7100/7958]  eta: 0:03:01  loss: 1.2084 (2.3777)  acc1: 81.2500 (47.9528)  acc5: 87.5000 (74.1656)  time: 0.2113  data: 0.0003  max mem: 41183
Test:  [7200/7958]  eta: 0:02:40  loss: 3.2197 (2.3810)  acc1: 31.2500 (47.9039)  acc5: 62.5000 (74.1225)  time: 0.2117  data: 0.0003  max mem: 41183
Test:  [7300/7958]  eta: 0:02:19  loss: 3.1167 (2.3768)  acc1: 25.0000 (48.0388)  acc5: 68.7500 (74.1868)  time: 0.2115  data: 0.0003  max mem: 41183
Test:  [7400/7958]  eta: 0:01:58  loss: 2.7386 (2.3792)  acc1: 37.5000 (47.9910)  acc5: 68.7500 (74.1226)  time: 0.2115  data: 0.0004  max mem: 41183
Test:  [7500/7958]  eta: 0:01:36  loss: 2.3354 (2.3764)  acc1: 37.5000 (48.0119)  acc5: 75.0000 (74.1718)  time: 0.2120  data: 0.0003  max mem: 41183
Test:  [7600/7958]  eta: 0:01:15  loss: 2.0877 (2.3776)  acc1: 56.2500 (48.0052)  acc5: 81.2500 (74.1366)  time: 0.2119  data: 0.0003  max mem: 41183
Test:  [7700/7958]  eta: 0:00:54  loss: 2.3108 (2.3821)  acc1: 31.2500 (47.8948)  acc5: 75.0000 (74.0910)  time: 0.2119  data: 0.0003  max mem: 41183
Test:  [7800/7958]  eta: 0:00:33  loss: 1.3599 (2.3805)  acc1: 68.7500 (47.8745)  acc5: 93.7500 (74.1435)  time: 0.2116  data: 0.0003  max mem: 41183
Test:  [7900/7958]  eta: 0:00:12  loss: 1.2780 (2.3740)  acc1: 75.0000 (48.0675)  acc5: 87.5000 (74.2200)  time: 0.2117  data: 0.0003  max mem: 41183
Test: Total time: 0:28:04
 * Acc@1 = 48.10960668509676, Acc@5 = 74.24132947976878, loss = 2.3722801228100914
Namespace(model='QKFormer_10_768', dataset='es-imagenet', num_classes=1000, data_path='/model/es-imagenet', device='cuda', batch_size=16, workers=4, print_freq=3072, output_dir='./logs4', resume='', sync_bn=False, test_only=False, amp=True, world_size=1, dist_url='env://', tb=True, T=8, opt='adamw', opt_eps=1e-08, opt_betas=None, weight_decay=0.01, momentum=0.9, connect_f='ADD', T_train=None, sched='cosine', lr=0.0005, lr_noise=None, lr_noise_pct=0.67, lr_noise_std=1.0, lr_cycle_mul=1.0, lr_cycle_limit=1, warmup_lr=1e-05, min_lr=1e-06, epochs=100, epoch_repeats=0.0, start_epoch=0, decay_epochs=20, warmup_epochs=20, cooldown_epochs=10, patience_epochs=10, decay_rate=0.1, smoothing=0.1, mixup=0.5, cutmix=0.0, cutmix_minmax=None, mixup_prob=0.5, mixup_switch_prob=0.5, mixup_mode='batch', mixup_off_epoch=0, grad_clip=5.0, distributed=False)
Training time 5 days, 15:11:11 max_test_acc1 49.02299572756974 test_acc5_at_max_test_acc1 74.98900477506912
./logs4/QKFormer_10_768_b16_T8_wd0.01_adamw_cnf_ADD/lr0.0005
Epoch: [16]  [    0/71874]  eta: 21:01:19  lr: 0.000402  img/s: 42.03235876237004  loss: 2.9982 (2.9982)  acc1: 43.7500 (43.7500)  acc5: 62.5000 (62.5000)  time: 1.0530  data: 0.6723  max mem: 41183
Epoch: [16]  [ 3072/71874]  eta: 7:07:37  lr: 0.000402  img/s: 43.33260842052519  loss: 3.5886 (3.6862)  acc1: 43.7500 (42.0761)  acc5: 68.7500 (67.4931)  time: 0.3711  data: 0.0002  max mem: 41183
Epoch: [16]  [ 6144/71874]  eta: 6:48:09  lr: 0.000402  img/s: 43.20903780194846  loss: 3.9572 (3.6935)  acc1: 31.2500 (42.0291)  acc5: 56.2500 (67.2935)  time: 0.3715  data: 0.0002  max mem: 41183
Epoch: [16]  [ 9216/71874]  eta: 6:28:59  lr: 0.000402  img/s: 42.47369573610293  loss: 3.5476 (3.7015)  acc1: 43.7500 (41.7889)  acc5: 68.7500 (67.1185)  time: 0.3767  data: 0.0001  max mem: 41183
Epoch: [16]  [12288/71874]  eta: 6:09:57  lr: 0.000402  img/s: 42.916026794992725  loss: 4.2786 (3.7002)  acc1: 37.5000 (41.7874)  acc5: 56.2500 (67.0717)  time: 0.3723  data: 0.0002  max mem: 41183
Epoch: [16]  [15360/71874]  eta: 5:50:56  lr: 0.000402  img/s: 42.87410477788269  loss: 3.2065 (3.7008)  acc1: 43.7500 (41.7921)  acc5: 68.7500 (67.0891)  time: 0.3719  data: 0.0002  max mem: 41183
Epoch: [16]  [18432/71874]  eta: 5:31:56  lr: 0.000402  img/s: 43.07765149326832  loss: 3.2194 (3.7042)  acc1: 37.5000 (41.7353)  acc5: 75.0000 (67.0130)  time: 0.3729  data: 0.0002  max mem: 41183
Epoch: [16]  [21504/71874]  eta: 5:12:59  lr: 0.000402  img/s: 42.831799846821546  loss: 3.3058 (3.7056)  acc1: 37.5000 (41.7371)  acc5: 68.7500 (67.0045)  time: 0.3731  data: 0.0002  max mem: 41183
Epoch: [16]  [24576/71874]  eta: 4:53:58  lr: 0.000402  img/s: 42.73064592434682  loss: 3.5260 (3.7048)  acc1: 37.5000 (41.7387)  acc5: 68.7500 (66.9928)  time: 0.3790  data: 0.0002  max mem: 41183
Epoch: [16]  [27648/71874]  eta: 4:34:54  lr: 0.000402  img/s: 43.121718266671635  loss: 3.8177 (3.7075)  acc1: 37.5000 (41.7058)  acc5: 68.7500 (66.9737)  time: 0.3714  data: 0.0002  max mem: 41183
Epoch: [16]  [30720/71874]  eta: 4:15:46  lr: 0.000402  img/s: 43.1613222728027  loss: 3.4406 (3.7124)  acc1: 37.5000 (41.6102)  acc5: 62.5000 (66.8787)  time: 0.3713  data: 0.0002  max mem: 41183
Epoch: [16]  [33792/71874]  eta: 3:56:39  lr: 0.000402  img/s: 43.09593712292022  loss: 3.3759 (3.7135)  acc1: 37.5000 (41.5707)  acc5: 68.7500 (66.8435)  time: 0.3722  data: 0.0002  max mem: 41183
Epoch: [16]  [36864/71874]  eta: 3:37:34  lr: 0.000402  img/s: 43.34016437379474  loss: 3.3898 (3.7159)  acc1: 43.7500 (41.5082)  acc5: 68.7500 (66.8029)  time: 0.3717  data: 0.0002  max mem: 41183
Epoch: [16]  [39936/71874]  eta: 3:18:28  lr: 0.000402  img/s: 43.13590966181029  loss: 3.2052 (3.7174)  acc1: 43.7500 (41.4752)  acc5: 75.0000 (66.7714)  time: 0.3703  data: 0.0001  max mem: 41183
Epoch: [16]  [43008/71874]  eta: 2:59:21  lr: 0.000402  img/s: 43.00645524298642  loss: 3.2211 (3.7192)  acc1: 43.7500 (41.4439)  acc5: 68.7500 (66.7277)  time: 0.3718  data: 0.0002  max mem: 41183
Epoch: [16]  [46080/71874]  eta: 2:40:16  lr: 0.000402  img/s: 43.271809077239325  loss: 3.4543 (3.7215)  acc1: 37.5000 (41.4040)  acc5: 68.7500 (66.6921)  time: 0.3714  data: 0.0002  max mem: 41183
Epoch: [16]  [49152/71874]  eta: 2:21:11  lr: 0.000402  img/s: 43.166291772022035  loss: 3.5553 (3.7221)  acc1: 37.5000 (41.3993)  acc5: 68.7500 (66.6768)  time: 0.3713  data: 0.0002  max mem: 41183
Epoch: [16]  [52224/71874]  eta: 2:02:05  lr: 0.000402  img/s: 43.200526320193994  loss: 3.4897 (3.7237)  acc1: 43.7500 (41.3861)  acc5: 68.7500 (66.6516)  time: 0.3716  data: 0.0002  max mem: 41183
Epoch: [16]  [55296/71874]  eta: 1:42:59  lr: 0.000402  img/s: 42.76285743051476  loss: 3.6774 (3.7254)  acc1: 37.5000 (41.3506)  acc5: 62.5000 (66.6161)  time: 0.3718  data: 0.0002  max mem: 41183
Epoch: [16]  [58368/71874]  eta: 1:23:54  lr: 0.000402  img/s: 43.146836745190825  loss: 3.4365 (3.7248)  acc1: 37.5000 (41.3659)  acc5: 68.7500 (66.6254)  time: 0.3777  data: 0.0002  max mem: 41183
Epoch: [16]  [61440/71874]  eta: 1:04:49  lr: 0.000402  img/s: 43.2606791738624  loss: 3.6402 (3.7269)  acc1: 31.2500 (41.3339)  acc5: 68.7500 (66.5890)  time: 0.3717  data: 0.0002  max mem: 41183
Epoch: [16]  [64512/71874]  eta: 0:45:43  lr: 0.000402  img/s: 42.96014836257673  loss: 3.4236 (3.7276)  acc1: 43.7500 (41.3328)  acc5: 62.5000 (66.5720)  time: 0.3715  data: 0.0002  max mem: 41183
Epoch: [16]  [67584/71874]  eta: 0:26:38  lr: 0.000402  img/s: 43.0787022890963  loss: 3.5682 (3.7285)  acc1: 37.5000 (41.3201)  acc5: 68.7500 (66.5448)  time: 0.3716  data: 0.0002  max mem: 41183
Epoch: [16]  [70656/71874]  eta: 0:07:33  lr: 0.000402  img/s: 43.29294095713146  loss: 3.3591 (3.7274)  acc1: 43.7500 (41.3224)  acc5: 68.7500 (66.5484)  time: 0.3713  data: 0.0002  max mem: 41183
Epoch: [16] Total time: 7:26:28
Test:  [   0/7958]  eta: 1:50:44  loss: 0.5804 (0.5804)  acc1: 87.5000 (87.5000)  acc5: 100.0000 (100.0000)  time: 0.8350  data: 0.6258  max mem: 41183
Test:  [ 100/7958]  eta: 0:28:27  loss: 1.4984 (1.5868)  acc1: 62.5000 (65.8416)  acc5: 87.5000 (85.7054)  time: 0.2108  data: 0.0004  max mem: 41183
Test:  [ 200/7958]  eta: 0:27:43  loss: 1.9480 (1.6518)  acc1: 50.0000 (63.1219)  acc5: 81.2500 (84.5149)  time: 0.2114  data: 0.0003  max mem: 41183
Test:  [ 300/7958]  eta: 0:27:14  loss: 1.8954 (1.7490)  acc1: 50.0000 (60.0291)  acc5: 81.2500 (83.2226)  time: 0.2113  data: 0.0003  max mem: 41183
Test:  [ 400/7958]  eta: 0:26:49  loss: 1.1475 (1.6987)  acc1: 68.7500 (60.8011)  acc5: 93.7500 (83.8061)  time: 0.2117  data: 0.0003  max mem: 41183
Test:  [ 500/7958]  eta: 0:26:26  loss: 2.1688 (1.6951)  acc1: 56.2500 (60.9780)  acc5: 75.0000 (83.6203)  time: 0.2119  data: 0.0003  max mem: 41183
Test:  [ 600/7958]  eta: 0:26:03  loss: 2.6406 (1.7947)  acc1: 31.2500 (58.5795)  acc5: 75.0000 (82.2587)  time: 0.2117  data: 0.0003  max mem: 41183
Test:  [ 700/7958]  eta: 0:25:41  loss: 2.8169 (1.9364)  acc1: 25.0000 (55.0909)  acc5: 62.5000 (80.0374)  time: 0.2118  data: 0.0003  max mem: 41183
Test:  [ 800/7958]  eta: 0:25:19  loss: 1.3093 (1.9564)  acc1: 62.5000 (54.3071)  acc5: 87.5000 (79.4242)  time: 0.2111  data: 0.0003  max mem: 41183
Test:  [ 900/7958]  eta: 0:24:57  loss: 1.9934 (1.9741)  acc1: 56.2500 (53.5585)  acc5: 81.2500 (79.3008)  time: 0.2113  data: 0.0003  max mem: 41183
Test:  [1000/7958]  eta: 0:24:35  loss: 3.4655 (2.0614)  acc1: 25.0000 (51.5485)  acc5: 43.7500 (77.7035)  time: 0.2114  data: 0.0003  max mem: 41183
Test:  [1100/7958]  eta: 0:24:14  loss: 1.9439 (2.0762)  acc1: 56.2500 (51.2375)  acc5: 81.2500 (77.5772)  time: 0.2115  data: 0.0003  max mem: 41183
Test:  [1200/7958]  eta: 0:23:52  loss: 2.0564 (2.0880)  acc1: 43.7500 (50.5412)  acc5: 87.5000 (77.6332)  time: 0.2117  data: 0.0003  max mem: 41183
Test:  [1300/7958]  eta: 0:23:31  loss: 2.9334 (2.1135)  acc1: 31.2500 (49.8607)  acc5: 68.7500 (77.3636)  time: 0.2119  data: 0.0003  max mem: 41183
Test:  [1400/7958]  eta: 0:23:10  loss: 3.3141 (2.1309)  acc1: 12.5000 (49.3130)  acc5: 56.2500 (77.1547)  time: 0.2119  data: 0.0003  max mem: 41183
Test:  [1500/7958]  eta: 0:22:48  loss: 2.1119 (2.1565)  acc1: 43.7500 (48.6467)  acc5: 81.2500 (76.8529)  time: 0.2118  data: 0.0003  max mem: 41183
Test:  [1600/7958]  eta: 0:22:27  loss: 1.8249 (2.1460)  acc1: 50.0000 (48.5868)  acc5: 81.2500 (77.0885)  time: 0.2115  data: 0.0003  max mem: 41183
Test:  [1700/7958]  eta: 0:22:06  loss: 1.3717 (2.1241)  acc1: 62.5000 (49.0961)  acc5: 87.5000 (77.5683)  time: 0.2114  data: 0.0003  max mem: 41183
Test:  [1800/7958]  eta: 0:21:44  loss: 1.4208 (2.1002)  acc1: 68.7500 (49.7987)  acc5: 87.5000 (77.8803)  time: 0.2114  data: 0.0003  max mem: 41183
Test:  [1900/7958]  eta: 0:21:23  loss: 2.2513 (2.1073)  acc1: 43.7500 (49.6120)  acc5: 75.0000 (77.8044)  time: 0.2111  data: 0.0003  max mem: 41183
Test:  [2000/7958]  eta: 0:21:02  loss: 0.7663 (2.0705)  acc1: 81.2500 (50.5497)  acc5: 93.7500 (78.2609)  time: 0.2115  data: 0.0003  max mem: 41183
Test:  [2100/7958]  eta: 0:20:40  loss: 0.8656 (2.0463)  acc1: 81.2500 (51.2167)  acc5: 93.7500 (78.6262)  time: 0.2117  data: 0.0003  max mem: 41183
Test:  [2200/7958]  eta: 0:20:19  loss: 1.7710 (2.0542)  acc1: 62.5000 (51.1358)  acc5: 81.2500 (78.4785)  time: 0.2118  data: 0.0003  max mem: 41183
Test:  [2300/7958]  eta: 0:19:58  loss: 2.4203 (2.0504)  acc1: 37.5000 (51.1571)  acc5: 68.7500 (78.6044)  time: 0.2120  data: 0.0003  max mem: 41183
Test:  [2400/7958]  eta: 0:19:37  loss: 1.5133 (2.0546)  acc1: 56.2500 (51.1115)  acc5: 87.5000 (78.5740)  time: 0.2119  data: 0.0003  max mem: 41183
Test:  [2500/7958]  eta: 0:19:16  loss: 2.0546 (2.0743)  acc1: 25.0000 (50.5298)  acc5: 68.7500 (78.2537)  time: 0.2113  data: 0.0003  max mem: 41183
Test:  [2600/7958]  eta: 0:18:54  loss: 2.6438 (2.0690)  acc1: 31.2500 (50.5959)  acc5: 75.0000 (78.3761)  time: 0.2113  data: 0.0003  max mem: 41183
Test:  [2700/7958]  eta: 0:18:33  loss: 1.7007 (2.0575)  acc1: 62.5000 (50.9626)  acc5: 81.2500 (78.5195)  time: 0.2112  data: 0.0003  max mem: 41183
Test:  [2800/7958]  eta: 0:18:12  loss: 3.0811 (2.0586)  acc1: 25.0000 (50.8836)  acc5: 62.5000 (78.5144)  time: 0.2113  data: 0.0003  max mem: 41183
Test:  [2900/7958]  eta: 0:17:51  loss: 1.1084 (2.0778)  acc1: 68.7500 (50.7174)  acc5: 87.5000 (78.1196)  time: 0.2114  data: 0.0003  max mem: 41183
Test:  [3000/7958]  eta: 0:17:29  loss: 1.1580 (2.0832)  acc1: 62.5000 (50.7581)  acc5: 87.5000 (78.0198)  time: 0.2116  data: 0.0003  max mem: 41183
Test:  [3100/7958]  eta: 0:17:08  loss: 1.9720 (2.0804)  acc1: 56.2500 (50.8304)  acc5: 75.0000 (78.0756)  time: 0.2120  data: 0.0003  max mem: 41183
Test:  [3200/7958]  eta: 0:16:47  loss: 2.2036 (2.0817)  acc1: 50.0000 (50.8513)  acc5: 75.0000 (78.0518)  time: 0.2120  data: 0.0003  max mem: 41183
Test:  [3300/7958]  eta: 0:16:26  loss: 2.5410 (2.0946)  acc1: 43.7500 (50.6305)  acc5: 68.7500 (77.8779)  time: 0.2116  data: 0.0003  max mem: 41183
Test:  [3400/7958]  eta: 0:16:05  loss: 2.5363 (2.0986)  acc1: 37.5000 (50.6009)  acc5: 68.7500 (77.8062)  time: 0.2114  data: 0.0003  max mem: 41183
Test:  [3500/7958]  eta: 0:15:43  loss: 0.9512 (2.0946)  acc1: 68.7500 (50.6802)  acc5: 93.7500 (77.8760)  time: 0.2113  data: 0.0003  max mem: 41183
Test:  [3600/7958]  eta: 0:15:22  loss: 3.1277 (2.1052)  acc1: 25.0000 (50.4877)  acc5: 62.5000 (77.6850)  time: 0.2113  data: 0.0003  max mem: 41183
Test:  [3700/7958]  eta: 0:15:01  loss: 2.7412 (2.1078)  acc1: 18.7500 (50.4931)  acc5: 56.2500 (77.6496)  time: 0.2115  data: 0.0003  max mem: 41183
Test:  [3800/7958]  eta: 0:14:40  loss: 1.4618 (2.1030)  acc1: 56.2500 (50.6462)  acc5: 87.5000 (77.7295)  time: 0.2116  data: 0.0003  max mem: 41183
Test:  [3900/7958]  eta: 0:14:19  loss: 1.5155 (2.1022)  acc1: 62.5000 (50.7434)  acc5: 87.5000 (77.7493)  time: 0.2118  data: 0.0003  max mem: 41183
Test:  [4000/7958]  eta: 0:13:58  loss: 1.9731 (2.1009)  acc1: 43.7500 (50.8279)  acc5: 81.2500 (77.7727)  time: 0.2118  data: 0.0003  max mem: 41183
Test:  [4100/7958]  eta: 0:13:36  loss: 1.7258 (2.1006)  acc1: 62.5000 (50.8580)  acc5: 87.5000 (77.8072)  time: 0.2120  data: 0.0003  max mem: 41183
Test:  [4200/7958]  eta: 0:13:15  loss: 2.2197 (2.0999)  acc1: 50.0000 (50.9566)  acc5: 75.0000 (77.8074)  time: 0.2114  data: 0.0003  max mem: 41183
Test:  [4300/7958]  eta: 0:12:54  loss: 2.6659 (2.1004)  acc1: 25.0000 (50.9693)  acc5: 62.5000 (77.7697)  time: 0.2113  data: 0.0003  max mem: 41183
Test:  [4400/7958]  eta: 0:12:33  loss: 1.6262 (2.1126)  acc1: 43.7500 (50.7811)  acc5: 81.2500 (77.5392)  time: 0.2115  data: 0.0003  max mem: 41183
Test:  [4500/7958]  eta: 0:12:12  loss: 2.4318 (2.1238)  acc1: 56.2500 (50.5638)  acc5: 68.7500 (77.4036)  time: 0.2111  data: 0.0003  max mem: 41183
Test:  [4600/7958]  eta: 0:11:50  loss: 2.3900 (2.1293)  acc1: 37.5000 (50.5474)  acc5: 75.0000 (77.2712)  time: 0.2113  data: 0.0003  max mem: 41183
Test:  [4700/7958]  eta: 0:11:29  loss: 2.4364 (2.1397)  acc1: 43.7500 (50.3377)  acc5: 68.7500 (77.0860)  time: 0.2117  data: 0.0003  max mem: 41183
Test:  [4800/7958]  eta: 0:11:08  loss: 2.6125 (2.1437)  acc1: 25.0000 (50.2382)  acc5: 81.2500 (77.0790)  time: 0.2119  data: 0.0003  max mem: 41183
Test:  [4900/7958]  eta: 0:10:47  loss: 2.7723 (2.1525)  acc1: 37.5000 (50.1467)  acc5: 62.5000 (76.9154)  time: 0.2118  data: 0.0003  max mem: 41183
Test:  [5000/7958]  eta: 0:10:26  loss: 2.0539 (2.1540)  acc1: 43.7500 (50.0725)  acc5: 87.5000 (76.9484)  time: 0.2118  data: 0.0003  max mem: 41183
Test:  [5100/7958]  eta: 0:10:04  loss: 2.8264 (2.1485)  acc1: 37.5000 (50.1568)  acc5: 68.7500 (77.0621)  time: 0.2113  data: 0.0003  max mem: 41183
Test:  [5200/7958]  eta: 0:09:43  loss: 1.1912 (2.1518)  acc1: 81.2500 (50.1166)  acc5: 87.5000 (76.9936)  time: 0.2110  data: 0.0003  max mem: 41183
Test:  [5300/7958]  eta: 0:09:22  loss: 3.0638 (2.1534)  acc1: 31.2500 (50.1568)  acc5: 50.0000 (76.9454)  time: 0.2113  data: 0.0003  max mem: 41183
Test:  [5400/7958]  eta: 0:09:01  loss: 2.1980 (2.1559)  acc1: 43.7500 (50.1389)  acc5: 68.7500 (76.9128)  time: 0.2113  data: 0.0003  max mem: 41183
Test:  [5500/7958]  eta: 0:08:40  loss: 0.9748 (2.1572)  acc1: 75.0000 (50.2034)  acc5: 93.7500 (76.8315)  time: 0.2114  data: 0.0003  max mem: 41183
Test:  [5600/7958]  eta: 0:08:19  loss: 2.9199 (2.1632)  acc1: 25.0000 (50.1473)  acc5: 62.5000 (76.7341)  time: 0.2118  data: 0.0003  max mem: 41183
Test:  [5700/7958]  eta: 0:07:57  loss: 2.1514 (2.1669)  acc1: 43.7500 (50.0866)  acc5: 81.2500 (76.7212)  time: 0.2118  data: 0.0003  max mem: 41183
Test:  [5800/7958]  eta: 0:07:36  loss: 2.5911 (2.1741)  acc1: 37.5000 (49.8976)  acc5: 68.7500 (76.6172)  time: 0.2119  data: 0.0003  max mem: 41183
Test:  [5900/7958]  eta: 0:07:15  loss: 2.7013 (2.1752)  acc1: 43.7500 (49.9015)  acc5: 62.5000 (76.5919)  time: 0.2114  data: 0.0003  max mem: 41183
Test:  [6000/7958]  eta: 0:06:54  loss: 2.5755 (2.1775)  acc1: 43.7500 (49.9167)  acc5: 68.7500 (76.5352)  time: 0.2115  data: 0.0003  max mem: 41183
Test:  [6100/7958]  eta: 0:06:33  loss: 1.8333 (2.1761)  acc1: 56.2500 (49.9703)  acc5: 87.5000 (76.5602)  time: 0.2112  data: 0.0003  max mem: 41183
Test:  [6200/7958]  eta: 0:06:12  loss: 2.2050 (2.1783)  acc1: 50.0000 (50.0020)  acc5: 75.0000 (76.5139)  time: 0.2115  data: 0.0003  max mem: 41183
Test:  [6300/7958]  eta: 0:05:50  loss: 2.1851 (2.1785)  acc1: 18.7500 (50.0099)  acc5: 75.0000 (76.5057)  time: 0.2113  data: 0.0003  max mem: 41183
Test:  [6400/7958]  eta: 0:05:29  loss: 1.1807 (2.1799)  acc1: 75.0000 (50.0332)  acc5: 93.7500 (76.4763)  time: 0.2115  data: 0.0003  max mem: 41183
Test:  [6500/7958]  eta: 0:05:08  loss: 1.5012 (2.1794)  acc1: 68.7500 (50.0711)  acc5: 87.5000 (76.4719)  time: 0.2119  data: 0.0003  max mem: 41183
Test:  [6600/7958]  eta: 0:04:47  loss: 2.4747 (2.1845)  acc1: 43.7500 (50.0019)  acc5: 62.5000 (76.3634)  time: 0.2117  data: 0.0003  max mem: 41183
Test:  [6700/7958]  eta: 0:04:26  loss: 1.5565 (2.1822)  acc1: 62.5000 (50.0513)  acc5: 87.5000 (76.3944)  time: 0.2120  data: 0.0003  max mem: 41183
Test:  [6800/7958]  eta: 0:04:05  loss: 1.9026 (2.1828)  acc1: 43.7500 (50.0312)  acc5: 81.2500 (76.3987)  time: 0.2113  data: 0.0003  max mem: 41183
Test:  [6900/7958]  eta: 0:03:43  loss: 1.6960 (2.1777)  acc1: 56.2500 (50.1703)  acc5: 81.2500 (76.4617)  time: 0.2114  data: 0.0003  max mem: 41183
Test:  [7000/7958]  eta: 0:03:22  loss: 1.3270 (2.1775)  acc1: 62.5000 (50.2151)  acc5: 87.5000 (76.4418)  time: 0.2114  data: 0.0003  max mem: 41183
Test:  [7100/7958]  eta: 0:03:01  loss: 0.9261 (2.1806)  acc1: 81.2500 (50.1628)  acc5: 87.5000 (76.3836)  time: 0.2113  data: 0.0003  max mem: 41183
Test:  [7200/7958]  eta: 0:02:40  loss: 2.2674 (2.1848)  acc1: 43.7500 (50.0877)  acc5: 81.2500 (76.3227)  time: 0.2114  data: 0.0003  max mem: 41183
Test:  [7300/7958]  eta: 0:02:19  loss: 1.8750 (2.1780)  acc1: 50.0000 (50.2568)  acc5: 81.2500 (76.4287)  time: 0.2117  data: 0.0003  max mem: 41183
Test:  [7400/7958]  eta: 0:01:58  loss: 2.3795 (2.1821)  acc1: 37.5000 (50.1655)  acc5: 68.7500 (76.3757)  time: 0.2120  data: 0.0003  max mem: 41183
Test:  [7500/7958]  eta: 0:01:36  loss: 1.6189 (2.1814)  acc1: 62.5000 (50.1933)  acc5: 81.2500 (76.3682)  time: 0.2119  data: 0.0003  max mem: 41183
Test:  [7600/7958]  eta: 0:01:15  loss: 1.4269 (2.1828)  acc1: 62.5000 (50.2031)  acc5: 81.2500 (76.3247)  time: 0.2118  data: 0.0003  max mem: 41183
Test:  [7700/7958]  eta: 0:00:54  loss: 2.2450 (2.1818)  acc1: 37.5000 (50.1826)  acc5: 75.0000 (76.3586)  time: 0.2112  data: 0.0003  max mem: 41183
Test:  [7800/7958]  eta: 0:00:33  loss: 1.3843 (2.1804)  acc1: 68.7500 (50.1755)  acc5: 87.5000 (76.4125)  time: 0.2112  data: 0.0003  max mem: 41183
Test:  [7900/7958]  eta: 0:00:12  loss: 1.8771 (2.1767)  acc1: 50.0000 (50.2792)  acc5: 87.5000 (76.4523)  time: 0.2115  data: 0.0003  max mem: 41183
Test: Total time: 0:28:04
 * Acc@1 = 50.306295551646144, Acc@5 = 76.45294043729581, loss = 2.1770027881058938
Namespace(model='QKFormer_10_768', dataset='es-imagenet', num_classes=1000, data_path='/model/es-imagenet', device='cuda', batch_size=16, workers=4, print_freq=3072, output_dir='./logs4', resume='', sync_bn=False, test_only=False, amp=True, world_size=1, dist_url='env://', tb=True, T=8, opt='adamw', opt_eps=1e-08, opt_betas=None, weight_decay=0.01, momentum=0.9, connect_f='ADD', T_train=None, sched='cosine', lr=0.0005, lr_noise=None, lr_noise_pct=0.67, lr_noise_std=1.0, lr_cycle_mul=1.0, lr_cycle_limit=1, warmup_lr=1e-05, min_lr=1e-06, epochs=100, epoch_repeats=0.0, start_epoch=0, decay_epochs=20, warmup_epochs=20, cooldown_epochs=10, patience_epochs=10, decay_rate=0.1, smoothing=0.1, mixup=0.5, cutmix=0.0, cutmix_minmax=None, mixup_prob=0.5, mixup_switch_prob=0.5, mixup_mode='batch', mixup_off_epoch=0, grad_clip=5.0, distributed=False)
Training time 5 days, 23:05:47 max_test_acc1 50.306295551646144 test_acc5_at_max_test_acc1 76.45294043729581
./logs4/QKFormer_10_768_b16_T8_wd0.01_adamw_cnf_ADD/lr0.0005
Epoch: [17]  [    0/71874]  eta: 20:54:52  lr: 0.0004265  img/s: 42.19640302742781  loss: 2.9280 (2.9280)  acc1: 56.2500 (56.2500)  acc5: 75.0000 (75.0000)  time: 1.0476  data: 0.6683  max mem: 41183
Epoch: [17]  [ 3072/71874]  eta: 7:07:59  lr: 0.0004265  img/s: 42.49771486216664  loss: 3.1801 (3.6750)  acc1: 50.0000 (42.4199)  acc5: 68.7500 (67.5826)  time: 0.3724  data: 0.0002  max mem: 41183
Epoch: [17]  [ 6144/71874]  eta: 6:49:55  lr: 0.0004265  img/s: 43.31353436936466  loss: 3.4549 (3.6798)  acc1: 43.7500 (42.4644)  acc5: 68.7500 (67.5620)  time: 0.3717  data: 0.0002  max mem: 41183
Epoch: [17]  [ 9216/71874]  eta: 6:30:14  lr: 0.0004265  img/s: 43.18098485969642  loss: 3.5339 (3.6890)  acc1: 43.7500 (42.2304)  acc5: 68.7500 (67.5043)  time: 0.3722  data: 0.0002  max mem: 41183
Epoch: [17]  [12288/71874]  eta: 6:10:51  lr: 0.0004265  img/s: 43.34262762427228  loss: 3.7862 (3.6922)  acc1: 37.5000 (42.0991)  acc5: 68.7500 (67.4709)  time: 0.3725  data: 0.0002  max mem: 41183
Epoch: [17]  [15360/71874]  eta: 5:51:37  lr: 0.0004265  img/s: 43.11736847887753  loss: 3.4026 (3.6962)  acc1: 43.7500 (42.0078)  acc5: 68.7500 (67.3723)  time: 0.3707  data: 0.0002  max mem: 41183
Epoch: [17]  [18432/71874]  eta: 5:32:24  lr: 0.0004265  img/s: 43.148112856953645  loss: 3.4553 (3.6916)  acc1: 43.7500 (42.0560)  acc5: 68.7500 (67.4510)  time: 0.3716  data: 0.0002  max mem: 41183
Epoch: [17]  [21504/71874]  eta: 5:13:12  lr: 0.0004265  img/s: 43.38721041569285  loss: 3.7983 (3.6985)  acc1: 43.7500 (41.9327)  acc5: 68.7500 (67.3402)  time: 0.3707  data: 0.0002  max mem: 41183
Epoch: [17]  [24576/71874]  eta: 4:54:05  lr: 0.0004265  img/s: 43.08882573738936  loss: 3.6262 (3.7042)  acc1: 37.5000 (41.8588)  acc5: 62.5000 (67.2061)  time: 0.3773  data: 0.0002  max mem: 41183
Epoch: [17]  [27648/71874]  eta: 4:34:58  lr: 0.0004265  img/s: 43.075411810090124  loss: 3.7880 (3.7085)  acc1: 43.7500 (41.7843)  acc5: 62.5000 (67.1231)  time: 0.3708  data: 0.0002  max mem: 41183
Epoch: [17]  [30720/71874]  eta: 4:15:51  lr: 0.0004265  img/s: 43.14184398986847  loss: 3.4460 (3.7074)  acc1: 43.7500 (41.8006)  acc5: 68.7500 (67.1076)  time: 0.3769  data: 0.0002  max mem: 41183
Epoch: [17]  [33792/71874]  eta: 3:56:44  lr: 0.0004265  img/s: 42.988575901647955  loss: 3.6948 (3.7096)  acc1: 37.5000 (41.7339)  acc5: 68.7500 (67.0363)  time: 0.3703  data: 0.0002  max mem: 41183
Epoch: [17]  [36864/71874]  eta: 3:37:37  lr: 0.0004265  img/s: 43.19919149004651  loss: 3.5662 (3.7111)  acc1: 43.7500 (41.6913)  acc5: 62.5000 (66.9899)  time: 0.3719  data: 0.0002  max mem: 41183
Epoch: [17]  [39936/71874]  eta: 3:18:31  lr: 0.0004265  img/s: 43.10003346073245  loss: 3.4047 (3.7127)  acc1: 37.5000 (41.6486)  acc5: 68.7500 (66.9209)  time: 0.3709  data: 0.0002  max mem: 41183
Epoch: [17]  [43008/71874]  eta: 2:59:23  lr: 0.0004265  img/s: 43.1164820055832  loss: 3.3451 (3.7117)  acc1: 43.7500 (41.6596)  acc5: 68.7500 (66.9210)  time: 0.3722  data: 0.0002  max mem: 41183
Epoch: [17]  [46080/71874]  eta: 2:40:17  lr: 0.0004265  img/s: 43.074914134343885  loss: 3.5431 (3.7118)  acc1: 43.7500 (41.6521)  acc5: 62.5000 (66.9222)  time: 0.3726  data: 0.0002  max mem: 41183
Epoch: [17]  [49152/71874]  eta: 2:21:11  lr: 0.0004265  img/s: 43.158296713650046  loss: 3.3883 (3.7117)  acc1: 43.7500 (41.6484)  acc5: 68.7500 (66.9084)  time: 0.3711  data: 0.0002  max mem: 41183
Epoch: [17]  [52224/71874]  eta: 2:02:05  lr: 0.0004265  img/s: 43.1795956710291  loss: 3.5102 (3.7107)  acc1: 37.5000 (41.6576)  acc5: 62.5000 (66.9244)  time: 0.3786  data: 0.0002  max mem: 41183
Epoch: [17]  [55296/71874]  eta: 1:42:59  lr: 0.0004265  img/s: 43.12063766421107  loss: 3.4454 (3.7126)  acc1: 43.7500 (41.6261)  acc5: 68.7500 (66.9038)  time: 0.3713  data: 0.0002  max mem: 41183
Epoch: [17]  [58368/71874]  eta: 1:23:54  lr: 0.0004265  img/s: 42.633001843586136  loss: 3.3117 (3.7136)  acc1: 43.7500 (41.6100)  acc5: 75.0000 (66.8704)  time: 0.3785  data: 0.0002  max mem: 41183
Epoch: [17]  [61440/71874]  eta: 1:04:49  lr: 0.0004265  img/s: 43.222145364377035  loss: 3.6757 (3.7145)  acc1: 37.5000 (41.5840)  acc5: 62.5000 (66.8606)  time: 0.3722  data: 0.0002  max mem: 41183
Epoch: [17]  [64512/71874]  eta: 0:45:44  lr: 0.0004265  img/s: 42.778695071538074  loss: 3.7005 (3.7136)  acc1: 37.5000 (41.6011)  acc5: 68.7500 (66.8711)  time: 0.3759  data: 0.0001  max mem: 41183
Epoch: [17]  [67584/71874]  eta: 0:26:39  lr: 0.0004265  img/s: 43.26728947860454  loss: 3.5241 (3.7145)  acc1: 43.7500 (41.5857)  acc5: 68.7500 (66.8517)  time: 0.3727  data: 0.0002  max mem: 41183
Epoch: [17]  [70656/71874]  eta: 0:07:34  lr: 0.0004265  img/s: 43.13274905069068  loss: 3.7097 (3.7143)  acc1: 37.5000 (41.5839)  acc5: 62.5000 (66.8351)  time: 0.3734  data: 0.0002  max mem: 41183
Epoch: [17] Total time: 7:26:33
Test:  [   0/7958]  eta: 1:50:10  loss: 0.3229 (0.3229)  acc1: 93.7500 (93.7500)  acc5: 100.0000 (100.0000)  time: 0.8306  data: 0.6211  max mem: 41183
Test:  [ 100/7958]  eta: 0:28:31  loss: 1.3363 (1.6708)  acc1: 62.5000 (64.9752)  acc5: 87.5000 (84.5916)  time: 0.2115  data: 0.0003  max mem: 41183
Test:  [ 200/7958]  eta: 0:27:46  loss: 2.2270 (1.9092)  acc1: 37.5000 (58.2711)  acc5: 75.0000 (80.8769)  time: 0.2119  data: 0.0003  max mem: 41183
Test:  [ 300/7958]  eta: 0:27:17  loss: 1.7773 (2.0607)  acc1: 56.2500 (55.8555)  acc5: 81.2500 (78.5091)  time: 0.2120  data: 0.0003  max mem: 41183
Test:  [ 400/7958]  eta: 0:26:51  loss: 1.0751 (1.9206)  acc1: 68.7500 (58.5723)  acc5: 93.7500 (80.5642)  time: 0.2118  data: 0.0003  max mem: 41183
Test:  [ 500/7958]  eta: 0:26:27  loss: 1.1701 (1.8762)  acc1: 68.7500 (59.4810)  acc5: 93.7500 (81.1751)  time: 0.2118  data: 0.0003  max mem: 41183
Test:  [ 600/7958]  eta: 0:26:05  loss: 2.4832 (1.9448)  acc1: 37.5000 (57.5499)  acc5: 75.0000 (80.4389)  time: 0.2117  data: 0.0003  max mem: 41183
Test:  [ 700/7958]  eta: 0:25:43  loss: 3.6346 (2.0675)  acc1: 18.7500 (54.7700)  acc5: 43.7500 (78.3702)  time: 0.2117  data: 0.0003  max mem: 41183
Test:  [ 800/7958]  eta: 0:25:20  loss: 1.8778 (2.1226)  acc1: 50.0000 (53.1679)  acc5: 87.5000 (77.5749)  time: 0.2115  data: 0.0003  max mem: 41183
Test:  [ 900/7958]  eta: 0:24:59  loss: 1.9272 (2.1668)  acc1: 56.2500 (51.6787)  acc5: 81.2500 (76.8868)  time: 0.2114  data: 0.0003  max mem: 41183
Test:  [1000/7958]  eta: 0:24:37  loss: 2.2319 (2.2233)  acc1: 50.0000 (50.1748)  acc5: 81.2500 (76.0614)  time: 0.2117  data: 0.0003  max mem: 41183
Test:  [1100/7958]  eta: 0:24:15  loss: 2.2573 (2.2502)  acc1: 56.2500 (49.3302)  acc5: 81.2500 (75.8401)  time: 0.2119  data: 0.0003  max mem: 41183
Test:  [1200/7958]  eta: 0:23:54  loss: 3.0273 (2.2658)  acc1: 18.7500 (48.6418)  acc5: 68.7500 (75.7598)  time: 0.2121  data: 0.0003  max mem: 41183
Test:  [1300/7958]  eta: 0:23:32  loss: 2.4269 (2.2703)  acc1: 50.0000 (48.3330)  acc5: 75.0000 (75.8359)  time: 0.2119  data: 0.0003  max mem: 41183
Test:  [1400/7958]  eta: 0:23:11  loss: 2.8477 (2.2913)  acc1: 25.0000 (47.9167)  acc5: 56.2500 (75.4550)  time: 0.2117  data: 0.0003  max mem: 41183
Test:  [1500/7958]  eta: 0:22:49  loss: 2.5438 (2.2932)  acc1: 37.5000 (47.7473)  acc5: 75.0000 (75.5580)  time: 0.2113  data: 0.0003  max mem: 41183
Test:  [1600/7958]  eta: 0:22:28  loss: 1.4469 (2.2793)  acc1: 62.5000 (47.9388)  acc5: 87.5000 (75.9252)  time: 0.2116  data: 0.0003  max mem: 41183
Test:  [1700/7958]  eta: 0:22:07  loss: 0.9726 (2.2508)  acc1: 75.0000 (48.5670)  acc5: 93.7500 (76.4771)  time: 0.2112  data: 0.0003  max mem: 41183
Test:  [1800/7958]  eta: 0:21:45  loss: 1.8349 (2.2165)  acc1: 56.2500 (49.4690)  acc5: 87.5000 (77.0128)  time: 0.2112  data: 0.0003  max mem: 41183
Test:  [1900/7958]  eta: 0:21:24  loss: 2.0305 (2.2247)  acc1: 43.7500 (49.1353)  acc5: 81.2500 (76.9989)  time: 0.2118  data: 0.0003  max mem: 41183
Test:  [2000/7958]  eta: 0:21:02  loss: 0.7051 (2.1916)  acc1: 81.2500 (49.9875)  acc5: 100.0000 (77.4394)  time: 0.2117  data: 0.0003  max mem: 41183
Test:  [2100/7958]  eta: 0:20:41  loss: 2.0515 (2.1716)  acc1: 56.2500 (50.5622)  acc5: 75.0000 (77.7219)  time: 0.2120  data: 0.0003  max mem: 41183
Test:  [2200/7958]  eta: 0:20:20  loss: 2.6780 (2.1837)  acc1: 37.5000 (50.2953)  acc5: 81.2500 (77.5983)  time: 0.2119  data: 0.0003  max mem: 41183
Test:  [2300/7958]  eta: 0:19:59  loss: 2.0581 (2.1708)  acc1: 50.0000 (50.4373)  acc5: 81.2500 (77.8955)  time: 0.2115  data: 0.0003  max mem: 41183
Test:  [2400/7958]  eta: 0:19:37  loss: 2.0308 (2.1738)  acc1: 43.7500 (50.2655)  acc5: 81.2500 (77.8712)  time: 0.2117  data: 0.0003  max mem: 41183
Test:  [2500/7958]  eta: 0:19:16  loss: 2.1975 (2.1905)  acc1: 43.7500 (49.8226)  acc5: 75.0000 (77.5615)  time: 0.2115  data: 0.0003  max mem: 41183
Test:  [2600/7958]  eta: 0:18:55  loss: 2.4046 (2.1886)  acc1: 37.5000 (49.8919)  acc5: 75.0000 (77.5519)  time: 0.2116  data: 0.0003  max mem: 41183
Test:  [2700/7958]  eta: 0:18:34  loss: 1.1351 (2.1690)  acc1: 81.2500 (50.4073)  acc5: 93.7500 (77.8462)  time: 0.2116  data: 0.0003  max mem: 41183
Test:  [2800/7958]  eta: 0:18:12  loss: 2.2247 (2.1567)  acc1: 50.0000 (50.7430)  acc5: 81.2500 (78.0480)  time: 0.2120  data: 0.0003  max mem: 41183
Test:  [2900/7958]  eta: 0:17:51  loss: 1.7451 (2.1743)  acc1: 56.2500 (50.4740)  acc5: 81.2500 (77.7383)  time: 0.2121  data: 0.0003  max mem: 41183
Test:  [3000/7958]  eta: 0:17:30  loss: 1.5310 (2.1769)  acc1: 62.5000 (50.4873)  acc5: 81.2500 (77.6533)  time: 0.2118  data: 0.0003  max mem: 41183
Test:  [3100/7958]  eta: 0:17:09  loss: 2.4676 (2.1777)  acc1: 43.7500 (50.4998)  acc5: 62.5000 (77.6302)  time: 0.2117  data: 0.0003  max mem: 41183
Test:  [3200/7958]  eta: 0:16:48  loss: 2.9621 (2.1808)  acc1: 31.2500 (50.4432)  acc5: 62.5000 (77.5793)  time: 0.2115  data: 0.0003  max mem: 41183
Test:  [3300/7958]  eta: 0:16:26  loss: 2.7991 (2.1968)  acc1: 37.5000 (50.2291)  acc5: 56.2500 (77.2834)  time: 0.2114  data: 0.0003  max mem: 41183
Test:  [3400/7958]  eta: 0:16:05  loss: 1.9320 (2.1983)  acc1: 56.2500 (50.2812)  acc5: 81.2500 (77.2604)  time: 0.2115  data: 0.0003  max mem: 41183
Test:  [3500/7958]  eta: 0:15:44  loss: 1.7815 (2.1964)  acc1: 62.5000 (50.3731)  acc5: 81.2500 (77.3297)  time: 0.2115  data: 0.0003  max mem: 41183
Test:  [3600/7958]  eta: 0:15:23  loss: 2.5745 (2.2050)  acc1: 31.2500 (50.2152)  acc5: 68.7500 (77.1643)  time: 0.2116  data: 0.0003  max mem: 41183
Test:  [3700/7958]  eta: 0:15:02  loss: 3.1568 (2.2120)  acc1: 25.0000 (50.0811)  acc5: 68.7500 (77.0738)  time: 0.2121  data: 0.0003  max mem: 41183
Test:  [3800/7958]  eta: 0:14:40  loss: 1.7955 (2.2185)  acc1: 56.2500 (49.9852)  acc5: 81.2500 (76.9781)  time: 0.2119  data: 0.0003  max mem: 41183
Test:  [3900/7958]  eta: 0:14:19  loss: 1.8575 (2.2108)  acc1: 56.2500 (50.2259)  acc5: 87.5000 (77.1245)  time: 0.2120  data: 0.0003  max mem: 41183
Test:  [4000/7958]  eta: 0:13:58  loss: 3.4466 (2.2246)  acc1: 18.7500 (49.9156)  acc5: 50.0000 (76.9167)  time: 0.2113  data: 0.0003  max mem: 41183
Test:  [4100/7958]  eta: 0:13:37  loss: 1.6150 (2.2222)  acc1: 68.7500 (50.0137)  acc5: 87.5000 (76.9431)  time: 0.2116  data: 0.0003  max mem: 41183
Test:  [4200/7958]  eta: 0:13:16  loss: 2.6634 (2.2246)  acc1: 37.5000 (50.0417)  acc5: 68.7500 (76.8894)  time: 0.2116  data: 0.0003  max mem: 41183
Test:  [4300/7958]  eta: 0:12:54  loss: 1.8901 (2.2203)  acc1: 56.2500 (50.1598)  acc5: 81.2500 (76.9603)  time: 0.2115  data: 0.0003  max mem: 41183
Test:  [4400/7958]  eta: 0:12:33  loss: 2.4227 (2.2266)  acc1: 31.2500 (50.0895)  acc5: 75.0000 (76.8064)  time: 0.2115  data: 0.0003  max mem: 41183
Test:  [4500/7958]  eta: 0:12:12  loss: 2.7839 (2.2352)  acc1: 43.7500 (49.8417)  acc5: 62.5000 (76.6941)  time: 0.2119  data: 0.0003  max mem: 41183
Test:  [4600/7958]  eta: 0:11:51  loss: 1.8742 (2.2295)  acc1: 56.2500 (50.0408)  acc5: 81.2500 (76.7347)  time: 0.2117  data: 0.0003  max mem: 41183
Test:  [4700/7958]  eta: 0:11:30  loss: 2.1167 (2.2402)  acc1: 50.0000 (49.8538)  acc5: 75.0000 (76.5648)  time: 0.2119  data: 0.0003  max mem: 41183
Test:  [4800/7958]  eta: 0:11:08  loss: 1.9843 (2.2443)  acc1: 50.0000 (49.7592)  acc5: 75.0000 (76.5049)  time: 0.2116  data: 0.0003  max mem: 41183
Test:  [4900/7958]  eta: 0:10:47  loss: 2.6743 (2.2488)  acc1: 43.7500 (49.7105)  acc5: 68.7500 (76.3811)  time: 0.2113  data: 0.0003  max mem: 41183
Test:  [5000/7958]  eta: 0:10:26  loss: 2.2165 (2.2553)  acc1: 37.5000 (49.4439)  acc5: 87.5000 (76.3285)  time: 0.2114  data: 0.0003  max mem: 41183
Test:  [5100/7958]  eta: 0:10:05  loss: 2.9880 (2.2553)  acc1: 25.0000 (49.3911)  acc5: 56.2500 (76.3404)  time: 0.2114  data: 0.0003  max mem: 41183
Test:  [5200/7958]  eta: 0:09:44  loss: 2.0672 (2.2553)  acc1: 62.5000 (49.4136)  acc5: 75.0000 (76.3098)  time: 0.2114  data: 0.0003  max mem: 41183
Test:  [5300/7958]  eta: 0:09:22  loss: 2.4017 (2.2592)  acc1: 50.0000 (49.4400)  acc5: 75.0000 (76.2344)  time: 0.2118  data: 0.0003  max mem: 41183
Test:  [5400/7958]  eta: 0:09:01  loss: 2.5512 (2.2596)  acc1: 43.7500 (49.4989)  acc5: 75.0000 (76.1965)  time: 0.2121  data: 0.0003  max mem: 41183
Test:  [5500/7958]  eta: 0:08:40  loss: 1.6582 (2.2603)  acc1: 62.5000 (49.5205)  acc5: 87.5000 (76.1509)  time: 0.2118  data: 0.0003  max mem: 41183
Test:  [5600/7958]  eta: 0:08:19  loss: 2.1316 (2.2635)  acc1: 50.0000 (49.4923)  acc5: 75.0000 (76.0891)  time: 0.2121  data: 0.0003  max mem: 41183
Test:  [5700/7958]  eta: 0:07:58  loss: 2.9128 (2.2669)  acc1: 37.5000 (49.3652)  acc5: 62.5000 (76.0470)  time: 0.2113  data: 0.0003  max mem: 41183
Test:  [5800/7958]  eta: 0:07:37  loss: 2.4989 (2.2678)  acc1: 37.5000 (49.3708)  acc5: 75.0000 (76.0332)  time: 0.2115  data: 0.0003  max mem: 41183
Test:  [5900/7958]  eta: 0:07:15  loss: 2.2162 (2.2709)  acc1: 56.2500 (49.3200)  acc5: 75.0000 (75.9818)  time: 0.2117  data: 0.0003  max mem: 41183
Test:  [6000/7958]  eta: 0:06:54  loss: 2.0393 (2.2730)  acc1: 43.7500 (49.3439)  acc5: 81.2500 (75.9113)  time: 0.2110  data: 0.0003  max mem: 41183
Test:  [6100/7958]  eta: 0:06:33  loss: 2.7731 (2.2811)  acc1: 37.5000 (49.2163)  acc5: 68.7500 (75.7622)  time: 0.2117  data: 0.0003  max mem: 41183
Test:  [6200/7958]  eta: 0:06:12  loss: 2.3278 (2.2819)  acc1: 43.7500 (49.2693)  acc5: 75.0000 (75.7227)  time: 0.2117  data: 0.0003  max mem: 41183
Test:  [6300/7958]  eta: 0:05:51  loss: 2.4284 (2.2796)  acc1: 18.7500 (49.3186)  acc5: 81.2500 (75.7638)  time: 0.2120  data: 0.0003  max mem: 41183
Test:  [6400/7958]  eta: 0:05:29  loss: 1.4519 (2.2833)  acc1: 75.0000 (49.2823)  acc5: 87.5000 (75.7050)  time: 0.2119  data: 0.0003  max mem: 41183
Test:  [6500/7958]  eta: 0:05:08  loss: 1.7558 (2.2826)  acc1: 62.5000 (49.3530)  acc5: 87.5000 (75.7480)  time: 0.2117  data: 0.0003  max mem: 41183
Test:  [6600/7958]  eta: 0:04:47  loss: 2.8712 (2.2880)  acc1: 31.2500 (49.2501)  acc5: 62.5000 (75.6533)  time: 0.2114  data: 0.0003  max mem: 41183
Test:  [6700/7958]  eta: 0:04:26  loss: 1.1833 (2.2860)  acc1: 75.0000 (49.3154)  acc5: 93.7500 (75.6594)  time: 0.2113  data: 0.0003  max mem: 41183
Test:  [6800/7958]  eta: 0:04:05  loss: 2.2789 (2.2878)  acc1: 31.2500 (49.2749)  acc5: 68.7500 (75.6699)  time: 0.2115  data: 0.0003  max mem: 41183
Test:  [6900/7958]  eta: 0:03:44  loss: 1.8797 (2.2861)  acc1: 50.0000 (49.2963)  acc5: 81.2500 (75.7001)  time: 0.2115  data: 0.0003  max mem: 41183
Test:  [7000/7958]  eta: 0:03:22  loss: 1.7070 (2.2846)  acc1: 56.2500 (49.3483)  acc5: 81.2500 (75.7079)  time: 0.2118  data: 0.0003  max mem: 41183
Test:  [7100/7958]  eta: 0:03:01  loss: 0.9254 (2.2883)  acc1: 81.2500 (49.3073)  acc5: 93.7500 (75.6258)  time: 0.2119  data: 0.0003  max mem: 41183
Test:  [7200/7958]  eta: 0:02:40  loss: 2.7029 (2.2918)  acc1: 37.5000 (49.2024)  acc5: 68.7500 (75.5650)  time: 0.2120  data: 0.0003  max mem: 41183
Test:  [7300/7958]  eta: 0:02:19  loss: 2.2570 (2.2847)  acc1: 50.0000 (49.4016)  acc5: 81.2500 (75.6497)  time: 0.2119  data: 0.0003  max mem: 41183
Test:  [7400/7958]  eta: 0:01:58  loss: 3.0961 (2.2876)  acc1: 37.5000 (49.3531)  acc5: 68.7500 (75.6097)  time: 0.2117  data: 0.0003  max mem: 41183
Test:  [7500/7958]  eta: 0:01:36  loss: 3.0521 (2.2932)  acc1: 25.0000 (49.2551)  acc5: 68.7500 (75.4949)  time: 0.2113  data: 0.0003  max mem: 41183
Test:  [7600/7958]  eta: 0:01:15  loss: 1.6012 (2.2943)  acc1: 62.5000 (49.2756)  acc5: 81.2500 (75.4391)  time: 0.2115  data: 0.0004  max mem: 41183
Test:  [7700/7958]  eta: 0:00:54  loss: 2.2959 (2.2961)  acc1: 37.5000 (49.2006)  acc5: 75.0000 (75.4318)  time: 0.2113  data: 0.0003  max mem: 41183
Test:  [7800/7958]  eta: 0:00:33  loss: 1.4594 (2.2946)  acc1: 62.5000 (49.1692)  acc5: 87.5000 (75.4855)  time: 0.2113  data: 0.0003  max mem: 41183
Test:  [7900/7958]  eta: 0:00:12  loss: 1.4023 (2.2907)  acc1: 75.0000 (49.3142)  acc5: 87.5000 (75.5110)  time: 0.2119  data: 0.0003  max mem: 41183
Test: Total time: 0:28:05
 * Acc@1 = 49.37876979140488, Acc@5 = 75.52934154310128, loss = 2.288591480088102
Namespace(model='QKFormer_10_768', dataset='es-imagenet', num_classes=1000, data_path='/model/es-imagenet', device='cuda', batch_size=16, workers=4, print_freq=3072, output_dir='./logs4', resume='', sync_bn=False, test_only=False, amp=True, world_size=1, dist_url='env://', tb=True, T=8, opt='adamw', opt_eps=1e-08, opt_betas=None, weight_decay=0.01, momentum=0.9, connect_f='ADD', T_train=None, sched='cosine', lr=0.0005, lr_noise=None, lr_noise_pct=0.67, lr_noise_std=1.0, lr_cycle_mul=1.0, lr_cycle_limit=1, warmup_lr=1e-05, min_lr=1e-06, epochs=100, epoch_repeats=0.0, start_epoch=0, decay_epochs=20, warmup_epochs=20, cooldown_epochs=10, patience_epochs=10, decay_rate=0.1, smoothing=0.1, mixup=0.5, cutmix=0.0, cutmix_minmax=None, mixup_prob=0.5, mixup_switch_prob=0.5, mixup_mode='batch', mixup_off_epoch=0, grad_clip=5.0, distributed=False)
Training time 6 days, 7:00:26 max_test_acc1 50.306295551646144 test_acc5_at_max_test_acc1 76.45294043729581
./logs4/QKFormer_10_768_b16_T8_wd0.01_adamw_cnf_ADD/lr0.0005
Epoch: [18]  [    0/71874]  eta: 20:25:02  lr: 0.000451  img/s: 41.96423193712825  loss: 3.4397 (3.4397)  acc1: 37.5000 (37.5000)  acc5: 68.7500 (68.7500)  time: 1.0227  data: 0.6414  max mem: 41183
Epoch: [18]  [ 3072/71874]  eta: 7:07:59  lr: 0.000451  img/s: 42.97566464197547  loss: 3.7286 (3.6592)  acc1: 43.7500 (42.9283)  acc5: 68.7500 (67.8836)  time: 0.3709  data: 0.0002  max mem: 41183
Epoch: [18]  [ 6144/71874]  eta: 6:48:39  lr: 0.000451  img/s: 42.97962804155985  loss: 2.9958 (3.6693)  acc1: 50.0000 (42.7217)  acc5: 81.2500 (67.7594)  time: 0.3724  data: 0.0002  max mem: 41183
Epoch: [18]  [ 9216/71874]  eta: 6:29:36  lr: 0.000451  img/s: 42.622793640833216  loss: 3.2975 (3.6718)  acc1: 43.7500 (42.6305)  acc5: 68.7500 (67.7742)  time: 0.3733  data: 0.0002  max mem: 41183
Epoch: [18]  [12288/71874]  eta: 6:10:35  lr: 0.000451  img/s: 42.89578213099319  loss: 3.5641 (3.6767)  acc1: 37.5000 (42.4755)  acc5: 62.5000 (67.6459)  time: 0.3722  data: 0.0002  max mem: 41183
Epoch: [18]  [15360/71874]  eta: 5:51:27  lr: 0.000451  img/s: 42.931840790609215  loss: 3.2577 (3.6828)  acc1: 43.7500 (42.4480)  acc5: 68.7500 (67.6099)  time: 0.3723  data: 0.0002  max mem: 41183
Epoch: [18]  [18432/71874]  eta: 5:32:24  lr: 0.000451  img/s: 43.107120856787  loss: 3.4719 (3.6891)  acc1: 37.5000 (42.3408)  acc5: 68.7500 (67.5111)  time: 0.3725  data: 0.0002  max mem: 41183
Epoch: [18]  [21504/71874]  eta: 5:13:15  lr: 0.000451  img/s: 43.240498172991984  loss: 4.1330 (3.6905)  acc1: 37.5000 (42.3070)  acc5: 62.5000 (67.4701)  time: 0.3705  data: 0.0002  max mem: 41183
Epoch: [18]  [24576/71874]  eta: 4:54:06  lr: 0.000451  img/s: 42.789742020225205  loss: 3.5592 (3.6924)  acc1: 37.5000 (42.2550)  acc5: 62.5000 (67.4515)  time: 0.3776  data: 0.0002  max mem: 41183
Epoch: [18]  [27648/71874]  eta: 4:35:00  lr: 0.000451  img/s: 42.80838474232565  loss: 3.3300 (3.6904)  acc1: 37.5000 (42.2612)  acc5: 75.0000 (67.4733)  time: 0.3729  data: 0.0002  max mem: 41183
Epoch: [18]  [30720/71874]  eta: 4:15:55  lr: 0.000451  img/s: 42.88972342019219  loss: 3.4411 (3.6927)  acc1: 37.5000 (42.1782)  acc5: 68.7500 (67.3595)  time: 0.3729  data: 0.0002  max mem: 41183
Epoch: [18]  [33792/71874]  eta: 3:56:47  lr: 0.000451  img/s: 42.7567000010194  loss: 3.0919 (3.6940)  acc1: 50.0000 (42.1106)  acc5: 75.0000 (67.3300)  time: 0.3774  data: 0.0002  max mem: 41183
Epoch: [18]  [36864/71874]  eta: 3:37:40  lr: 0.000451  img/s: 43.24601541571589  loss: 3.6340 (3.6932)  acc1: 37.5000 (42.0989)  acc5: 62.5000 (67.3162)  time: 0.3723  data: 0.0002  max mem: 41183
Epoch: [18]  [39936/71874]  eta: 3:18:34  lr: 0.000451  img/s: 42.605880993557264  loss: 3.8806 (3.6960)  acc1: 43.7500 (42.0462)  acc5: 62.5000 (67.2684)  time: 0.3728  data: 0.0001  max mem: 41183
Epoch: [18]  [43008/71874]  eta: 2:59:27  lr: 0.000451  img/s: 43.228242672299125  loss: 3.8129 (3.6957)  acc1: 31.2500 (42.0399)  acc5: 56.2500 (67.2598)  time: 0.3713  data: 0.0001  max mem: 41183
Epoch: [18]  [46080/71874]  eta: 2:40:21  lr: 0.000451  img/s: 43.25716565692897  loss: 3.4971 (3.6966)  acc1: 37.5000 (42.0028)  acc5: 62.5000 (67.2392)  time: 0.3723  data: 0.0002  max mem: 41183
Epoch: [18]  [49152/71874]  eta: 2:21:14  lr: 0.000451  img/s: 43.31378597038142  loss: 3.3593 (3.6980)  acc1: 43.7500 (41.9776)  acc5: 68.7500 (67.2104)  time: 0.3717  data: 0.0002  max mem: 41183
Epoch: [18]  [52224/71874]  eta: 2:02:08  lr: 0.000451  img/s: 42.87569352336704  loss: 3.4570 (3.6991)  acc1: 43.7500 (41.9409)  acc5: 68.7500 (67.1616)  time: 0.3707  data: 0.0002  max mem: 41183
Epoch: [18]  [55296/71874]  eta: 1:43:02  lr: 0.000451  img/s: 43.2787018878243  loss: 3.2038 (3.6992)  acc1: 43.7500 (41.9325)  acc5: 75.0000 (67.1571)  time: 0.3786  data: 0.0002  max mem: 41183
Epoch: [18]  [58368/71874]  eta: 1:23:56  lr: 0.000451  img/s: 42.93752679242096  loss: 3.2974 (3.6995)  acc1: 43.7500 (41.8978)  acc5: 68.7500 (67.1430)  time: 0.3716  data: 0.0002  max mem: 41183
Epoch: [18]  [61440/71874]  eta: 1:04:50  lr: 0.000451  img/s: 42.78537711189034  loss: 3.4085 (3.6992)  acc1: 43.7500 (41.8924)  acc5: 62.5000 (67.1446)  time: 0.3730  data: 0.0002  max mem: 41183
Epoch: [18]  [64512/71874]  eta: 0:45:45  lr: 0.000451  img/s: 43.129062256386725  loss: 3.4008 (3.7003)  acc1: 43.7500 (41.8656)  acc5: 68.7500 (67.1099)  time: 0.3714  data: 0.0002  max mem: 41183
Epoch: [18]  [67584/71874]  eta: 0:26:39  lr: 0.000451  img/s: 43.08871507289442  loss: 3.2533 (3.7020)  acc1: 50.0000 (41.8288)  acc5: 68.7500 (67.0767)  time: 0.3778  data: 0.0002  max mem: 41183
Epoch: [18]  [70656/71874]  eta: 0:07:34  lr: 0.000451  img/s: 42.778995036762126  loss: 3.9336 (3.7034)  acc1: 43.7500 (41.8134)  acc5: 62.5000 (67.0574)  time: 0.3718  data: 0.0002  max mem: 41183
Epoch: [18] Total time: 7:26:41
Test:  [   0/7958]  eta: 1:41:25  loss: 0.8259 (0.8259)  acc1: 75.0000 (75.0000)  acc5: 100.0000 (100.0000)  time: 0.7647  data: 0.5536  max mem: 41183
Test:  [ 100/7958]  eta: 0:28:26  loss: 2.4108 (1.9085)  acc1: 43.7500 (60.6436)  acc5: 75.0000 (80.6312)  time: 0.2117  data: 0.0003  max mem: 41183
Test:  [ 200/7958]  eta: 0:27:43  loss: 2.1683 (2.0424)  acc1: 43.7500 (55.5348)  acc5: 75.0000 (78.1716)  time: 0.2114  data: 0.0003  max mem: 41183
Test:  [ 300/7958]  eta: 0:27:15  loss: 2.0890 (2.0857)  acc1: 43.7500 (54.2566)  acc5: 81.2500 (77.4709)  time: 0.2118  data: 0.0003  max mem: 41183
Test:  [ 400/7958]  eta: 0:26:50  loss: 1.2799 (1.9255)  acc1: 56.2500 (56.8423)  acc5: 93.7500 (80.2525)  time: 0.2111  data: 0.0003  max mem: 41183
Test:  [ 500/7958]  eta: 0:26:26  loss: 1.9700 (1.9189)  acc1: 50.0000 (56.9361)  acc5: 87.5000 (80.2520)  time: 0.2121  data: 0.0003  max mem: 41183
Test:  [ 600/7958]  eta: 0:26:04  loss: 2.7871 (2.0241)  acc1: 31.2500 (54.5341)  acc5: 68.7500 (78.8998)  time: 0.2121  data: 0.0004  max mem: 41183
Test:  [ 700/7958]  eta: 0:25:42  loss: 2.3348 (2.1368)  acc1: 37.5000 (51.8099)  acc5: 75.0000 (77.1844)  time: 0.2120  data: 0.0004  max mem: 41183
Test:  [ 800/7958]  eta: 0:25:20  loss: 2.0161 (2.1721)  acc1: 56.2500 (50.9753)  acc5: 75.0000 (76.7166)  time: 0.2119  data: 0.0004  max mem: 41183
Test:  [ 900/7958]  eta: 0:24:58  loss: 1.8811 (2.2051)  acc1: 62.5000 (50.3815)  acc5: 75.0000 (76.3249)  time: 0.2115  data: 0.0003  max mem: 41183
Test:  [1000/7958]  eta: 0:24:37  loss: 2.2623 (2.2781)  acc1: 43.7500 (49.0447)  acc5: 75.0000 (75.1748)  time: 0.2118  data: 0.0004  max mem: 41183
Test:  [1100/7958]  eta: 0:24:15  loss: 2.3726 (2.3256)  acc1: 43.7500 (48.0756)  acc5: 75.0000 (74.5118)  time: 0.2116  data: 0.0004  max mem: 41183
Test:  [1200/7958]  eta: 0:23:54  loss: 2.7188 (2.3412)  acc1: 31.2500 (47.2523)  acc5: 62.5000 (74.3339)  time: 0.2117  data: 0.0003  max mem: 41183
Test:  [1300/7958]  eta: 0:23:32  loss: 2.0665 (2.3449)  acc1: 37.5000 (46.9975)  acc5: 75.0000 (74.3467)  time: 0.2119  data: 0.0003  max mem: 41183
Test:  [1400/7958]  eta: 0:23:11  loss: 2.9515 (2.3485)  acc1: 18.7500 (46.8728)  acc5: 68.7500 (74.3487)  time: 0.2121  data: 0.0004  max mem: 41183
Test:  [1500/7958]  eta: 0:22:49  loss: 2.0900 (2.3456)  acc1: 43.7500 (46.9978)  acc5: 81.2500 (74.5045)  time: 0.2120  data: 0.0003  max mem: 41183
Test:  [1600/7958]  eta: 0:22:28  loss: 1.5730 (2.3332)  acc1: 62.5000 (47.0604)  acc5: 87.5000 (74.7150)  time: 0.2121  data: 0.0003  max mem: 41183
Test:  [1700/7958]  eta: 0:22:07  loss: 1.3962 (2.3139)  acc1: 68.7500 (47.4023)  acc5: 81.2500 (75.1213)  time: 0.2118  data: 0.0003  max mem: 41183
Test:  [1800/7958]  eta: 0:21:45  loss: 1.5460 (2.2848)  acc1: 62.5000 (48.0844)  acc5: 87.5000 (75.5483)  time: 0.2113  data: 0.0003  max mem: 41183
Test:  [1900/7958]  eta: 0:21:24  loss: 2.1591 (2.2734)  acc1: 43.7500 (48.2739)  acc5: 75.0000 (75.7726)  time: 0.2113  data: 0.0003  max mem: 41183
Test:  [2000/7958]  eta: 0:21:03  loss: 1.3499 (2.2388)  acc1: 68.7500 (49.0786)  acc5: 93.7500 (76.2556)  time: 0.2116  data: 0.0003  max mem: 41183
Test:  [2100/7958]  eta: 0:20:41  loss: 1.7332 (2.2271)  acc1: 62.5000 (49.3337)  acc5: 81.2500 (76.4428)  time: 0.2116  data: 0.0003  max mem: 41183
Test:  [2200/7958]  eta: 0:20:20  loss: 1.8473 (2.2296)  acc1: 56.2500 (49.4008)  acc5: 81.2500 (76.4539)  time: 0.2119  data: 0.0003  max mem: 41183
Test:  [2300/7958]  eta: 0:19:59  loss: 2.2953 (2.2251)  acc1: 37.5000 (49.3889)  acc5: 75.0000 (76.5836)  time: 0.2122  data: 0.0003  max mem: 41183
Test:  [2400/7958]  eta: 0:19:38  loss: 1.3834 (2.2241)  acc1: 68.7500 (49.4872)  acc5: 87.5000 (76.6243)  time: 0.2121  data: 0.0003  max mem: 41183
Test:  [2500/7958]  eta: 0:19:16  loss: 2.9472 (2.2414)  acc1: 18.7500 (49.0429)  acc5: 68.7500 (76.3320)  time: 0.2121  data: 0.0004  max mem: 41183
Test:  [2600/7958]  eta: 0:18:55  loss: 2.1827 (2.2338)  acc1: 50.0000 (49.1398)  acc5: 68.7500 (76.4754)  time: 0.2118  data: 0.0004  max mem: 41183
Test:  [2700/7958]  eta: 0:18:34  loss: 1.3539 (2.2083)  acc1: 68.7500 (49.7385)  acc5: 81.2500 (76.8118)  time: 0.2117  data: 0.0004  max mem: 41183
Test:  [2800/7958]  eta: 0:18:13  loss: 2.2445 (2.1997)  acc1: 50.0000 (49.9799)  acc5: 68.7500 (76.9346)  time: 0.2116  data: 0.0003  max mem: 41183
Test:  [2900/7958]  eta: 0:17:52  loss: 1.7224 (2.2038)  acc1: 62.5000 (49.9978)  acc5: 87.5000 (76.8463)  time: 0.2116  data: 0.0003  max mem: 41183
Test:  [3000/7958]  eta: 0:17:30  loss: 1.0827 (2.2067)  acc1: 68.7500 (49.9521)  acc5: 93.7500 (76.7786)  time: 0.2118  data: 0.0003  max mem: 41183
Test:  [3100/7958]  eta: 0:17:09  loss: 2.0463 (2.2069)  acc1: 56.2500 (49.9516)  acc5: 81.2500 (76.7877)  time: 0.2119  data: 0.0003  max mem: 41183
Test:  [3200/7958]  eta: 0:16:48  loss: 2.5433 (2.2041)  acc1: 37.5000 (50.0293)  acc5: 75.0000 (76.8725)  time: 0.2119  data: 0.0003  max mem: 41183
Test:  [3300/7958]  eta: 0:16:27  loss: 2.3890 (2.2229)  acc1: 43.7500 (49.7709)  acc5: 68.7500 (76.5223)  time: 0.2118  data: 0.0003  max mem: 41183
Test:  [3400/7958]  eta: 0:16:05  loss: 2.6431 (2.2225)  acc1: 31.2500 (49.8401)  acc5: 75.0000 (76.5216)  time: 0.2117  data: 0.0003  max mem: 41183
Test:  [3500/7958]  eta: 0:15:44  loss: 1.7499 (2.2256)  acc1: 56.2500 (49.6947)  acc5: 81.2500 (76.5513)  time: 0.2114  data: 0.0003  max mem: 41183
Test:  [3600/7958]  eta: 0:15:23  loss: 2.4711 (2.2350)  acc1: 43.7500 (49.5140)  acc5: 75.0000 (76.4145)  time: 0.2114  data: 0.0003  max mem: 41183
Test:  [3700/7958]  eta: 0:15:02  loss: 3.2514 (2.2461)  acc1: 25.0000 (49.2147)  acc5: 62.5000 (76.2682)  time: 0.2114  data: 0.0003  max mem: 41183
Test:  [3800/7958]  eta: 0:14:41  loss: 2.5292 (2.2601)  acc1: 31.2500 (48.9000)  acc5: 75.0000 (76.0639)  time: 0.2113  data: 0.0003  max mem: 41183
Test:  [3900/7958]  eta: 0:14:19  loss: 1.9365 (2.2594)  acc1: 56.2500 (48.9922)  acc5: 87.5000 (76.0574)  time: 0.2120  data: 0.0003  max mem: 41183
Test:  [4000/7958]  eta: 0:13:58  loss: 3.2534 (2.2596)  acc1: 25.0000 (48.9690)  acc5: 56.2500 (76.0607)  time: 0.2117  data: 0.0003  max mem: 41183
Test:  [4100/7958]  eta: 0:13:37  loss: 1.3721 (2.2564)  acc1: 68.7500 (49.0719)  acc5: 87.5000 (76.1064)  time: 0.2122  data: 0.0003  max mem: 41183
Test:  [4200/7958]  eta: 0:13:16  loss: 2.7224 (2.2609)  acc1: 43.7500 (49.0627)  acc5: 68.7500 (76.0414)  time: 0.2116  data: 0.0003  max mem: 41183
Test:  [4300/7958]  eta: 0:12:54  loss: 2.4279 (2.2593)  acc1: 37.5000 (49.1441)  acc5: 75.0000 (76.0346)  time: 0.2117  data: 0.0003  max mem: 41183
Test:  [4400/7958]  eta: 0:12:33  loss: 1.8089 (2.2694)  acc1: 37.5000 (49.0343)  acc5: 87.5000 (75.8762)  time: 0.2115  data: 0.0003  max mem: 41183
Test:  [4500/7958]  eta: 0:12:12  loss: 2.3405 (2.2750)  acc1: 43.7500 (48.9072)  acc5: 68.7500 (75.7804)  time: 0.2116  data: 0.0004  max mem: 41183
Test:  [4600/7958]  eta: 0:11:51  loss: 3.2047 (2.2776)  acc1: 31.2500 (48.9092)  acc5: 62.5000 (75.7104)  time: 0.2114  data: 0.0004  max mem: 41183
Test:  [4700/7958]  eta: 0:11:30  loss: 1.8169 (2.2823)  acc1: 56.2500 (48.8553)  acc5: 81.2500 (75.6063)  time: 0.2117  data: 0.0004  max mem: 41183
Test:  [4800/7958]  eta: 0:11:09  loss: 1.7654 (2.2800)  acc1: 62.5000 (48.9169)  acc5: 81.2500 (75.6418)  time: 0.2119  data: 0.0003  max mem: 41183
Test:  [4900/7958]  eta: 0:10:47  loss: 2.6475 (2.2835)  acc1: 37.5000 (48.8867)  acc5: 68.7500 (75.5343)  time: 0.2121  data: 0.0004  max mem: 41183
Test:  [5000/7958]  eta: 0:10:26  loss: 1.8040 (2.2810)  acc1: 50.0000 (48.8115)  acc5: 93.7500 (75.6024)  time: 0.2120  data: 0.0003  max mem: 41183
Test:  [5100/7958]  eta: 0:10:05  loss: 1.4947 (2.2739)  acc1: 62.5000 (48.8813)  acc5: 87.5000 (75.7523)  time: 0.2115  data: 0.0003  max mem: 41183
Test:  [5200/7958]  eta: 0:09:44  loss: 1.7465 (2.2748)  acc1: 62.5000 (48.9113)  acc5: 81.2500 (75.7054)  time: 0.2115  data: 0.0003  max mem: 41183
Test:  [5300/7958]  eta: 0:09:23  loss: 3.8541 (2.2794)  acc1: 25.0000 (48.8976)  acc5: 43.7500 (75.6213)  time: 0.2116  data: 0.0003  max mem: 41183
Test:  [5400/7958]  eta: 0:09:01  loss: 2.5586 (2.2843)  acc1: 43.7500 (48.7954)  acc5: 75.0000 (75.5589)  time: 0.2118  data: 0.0003  max mem: 41183
Test:  [5500/7958]  eta: 0:08:40  loss: 1.6669 (2.2876)  acc1: 62.5000 (48.7786)  acc5: 81.2500 (75.4863)  time: 0.2112  data: 0.0003  max mem: 41183
Test:  [5600/7958]  eta: 0:08:19  loss: 2.1818 (2.2908)  acc1: 50.0000 (48.8027)  acc5: 68.7500 (75.4106)  time: 0.2120  data: 0.0003  max mem: 41183
Test:  [5700/7958]  eta: 0:07:58  loss: 2.7418 (2.2940)  acc1: 43.7500 (48.7447)  acc5: 68.7500 (75.4056)  time: 0.2116  data: 0.0003  max mem: 41183
Test:  [5800/7958]  eta: 0:07:37  loss: 2.8097 (2.2994)  acc1: 31.2500 (48.6285)  acc5: 62.5000 (75.3297)  time: 0.2119  data: 0.0003  max mem: 41183
Test:  [5900/7958]  eta: 0:07:15  loss: 2.6621 (2.3022)  acc1: 43.7500 (48.6104)  acc5: 68.7500 (75.2627)  time: 0.2120  data: 0.0003  max mem: 41183
Test:  [6000/7958]  eta: 0:06:54  loss: 2.5386 (2.3044)  acc1: 43.7500 (48.5877)  acc5: 68.7500 (75.2208)  time: 0.2115  data: 0.0003  max mem: 41183
Test:  [6100/7958]  eta: 0:06:33  loss: 3.0947 (2.3080)  acc1: 31.2500 (48.5648)  acc5: 62.5000 (75.1629)  time: 0.2116  data: 0.0003  max mem: 41183
Test:  [6200/7958]  eta: 0:06:12  loss: 1.1566 (2.3059)  acc1: 62.5000 (48.6867)  acc5: 87.5000 (75.1633)  time: 0.2115  data: 0.0003  max mem: 41183
Test:  [6300/7958]  eta: 0:05:51  loss: 2.5670 (2.3052)  acc1: 18.7500 (48.7006)  acc5: 75.0000 (75.1547)  time: 0.2114  data: 0.0003  max mem: 41183
Test:  [6400/7958]  eta: 0:05:29  loss: 0.9993 (2.3057)  acc1: 81.2500 (48.7190)  acc5: 93.7500 (75.1318)  time: 0.2115  data: 0.0003  max mem: 41183
Test:  [6500/7958]  eta: 0:05:08  loss: 1.1742 (2.3036)  acc1: 75.0000 (48.7925)  acc5: 87.5000 (75.1375)  time: 0.2117  data: 0.0003  max mem: 41183
Test:  [6600/7958]  eta: 0:04:47  loss: 3.0392 (2.3142)  acc1: 25.0000 (48.5769)  acc5: 56.2500 (74.9479)  time: 0.2115  data: 0.0003  max mem: 41183
Test:  [6700/7958]  eta: 0:04:26  loss: 1.4615 (2.3111)  acc1: 68.7500 (48.6774)  acc5: 87.5000 (75.0112)  time: 0.2118  data: 0.0003  max mem: 41183
Test:  [6800/7958]  eta: 0:04:05  loss: 2.6254 (2.3127)  acc1: 31.2500 (48.6666)  acc5: 75.0000 (74.9825)  time: 0.2117  data: 0.0003  max mem: 41183
Test:  [6900/7958]  eta: 0:03:44  loss: 1.8162 (2.3079)  acc1: 43.7500 (48.8380)  acc5: 75.0000 (75.0417)  time: 0.2114  data: 0.0003  max mem: 41183
Test:  [7000/7958]  eta: 0:03:22  loss: 1.6835 (2.3035)  acc1: 56.2500 (48.9234)  acc5: 87.5000 (75.0857)  time: 0.2115  data: 0.0003  max mem: 41183
Test:  [7100/7958]  eta: 0:03:01  loss: 1.1695 (2.3064)  acc1: 75.0000 (48.9112)  acc5: 87.5000 (75.0070)  time: 0.2115  data: 0.0003  max mem: 41183
Test:  [7200/7958]  eta: 0:02:40  loss: 2.3030 (2.3089)  acc1: 43.7500 (48.8604)  acc5: 68.7500 (74.9618)  time: 0.2116  data: 0.0004  max mem: 41183
Test:  [7300/7958]  eta: 0:02:19  loss: 3.0151 (2.2999)  acc1: 25.0000 (49.0549)  acc5: 68.7500 (75.0865)  time: 0.2119  data: 0.0003  max mem: 41183
Test:  [7400/7958]  eta: 0:01:58  loss: 2.9153 (2.3076)  acc1: 25.0000 (48.9275)  acc5: 62.5000 (74.9417)  time: 0.2121  data: 0.0004  max mem: 41183
Test:  [7500/7958]  eta: 0:01:36  loss: 2.6771 (2.3115)  acc1: 25.0000 (48.8293)  acc5: 75.0000 (74.8883)  time: 0.2121  data: 0.0004  max mem: 41183
Test:  [7600/7958]  eta: 0:01:15  loss: 1.2636 (2.3064)  acc1: 81.2500 (48.9204)  acc5: 87.5000 (74.9441)  time: 0.2120  data: 0.0003  max mem: 41183
Test:  [7700/7958]  eta: 0:00:54  loss: 1.7561 (2.3064)  acc1: 56.2500 (48.8987)  acc5: 81.2500 (74.9310)  time: 0.2115  data: 0.0003  max mem: 41183
Test:  [7800/7958]  eta: 0:00:33  loss: 1.3307 (2.3065)  acc1: 68.7500 (48.8359)  acc5: 87.5000 (74.9511)  time: 0.2112  data: 0.0003  max mem: 41183
Test:  [7900/7958]  eta: 0:00:12  loss: 1.2375 (2.3043)  acc1: 75.0000 (48.9361)  acc5: 87.5000 (74.9573)  time: 0.2116  data: 0.0003  max mem: 41183
Test: Total time: 0:28:05
 * Acc@1 = 48.94681452626288, Acc@5 = 74.93245790399598, loss = 2.3052770677840675
Namespace(model='QKFormer_10_768', dataset='es-imagenet', num_classes=1000, data_path='/model/es-imagenet', device='cuda', batch_size=16, workers=4, print_freq=3072, output_dir='./logs4', resume='', sync_bn=False, test_only=False, amp=True, world_size=1, dist_url='env://', tb=True, T=8, opt='adamw', opt_eps=1e-08, opt_betas=None, weight_decay=0.01, momentum=0.9, connect_f='ADD', T_train=None, sched='cosine', lr=0.0005, lr_noise=None, lr_noise_pct=0.67, lr_noise_std=1.0, lr_cycle_mul=1.0, lr_cycle_limit=1, warmup_lr=1e-05, min_lr=1e-06, epochs=100, epoch_repeats=0.0, start_epoch=0, decay_epochs=20, warmup_epochs=20, cooldown_epochs=10, patience_epochs=10, decay_rate=0.1, smoothing=0.1, mixup=0.5, cutmix=0.0, cutmix_minmax=None, mixup_prob=0.5, mixup_switch_prob=0.5, mixup_mode='batch', mixup_off_epoch=0, grad_clip=5.0, distributed=False)
Training time 6 days, 14:55:13 max_test_acc1 50.306295551646144 test_acc5_at_max_test_acc1 76.45294043729581
./logs4/QKFormer_10_768_b16_T8_wd0.01_adamw_cnf_ADD/lr0.0005
Epoch: [19]  [    0/71874]  eta: 19:41:15  lr: 0.0004755  img/s: 42.2602826593887  loss: 3.0293 (3.0293)  acc1: 56.2500 (56.2500)  acc5: 62.5000 (62.5000)  time: 0.9861  data: 0.6075  max mem: 41183
Epoch: [19]  [ 3072/71874]  eta: 7:08:49  lr: 0.0004755  img/s: 42.95541867680221  loss: 3.6146 (3.6685)  acc1: 31.2500 (42.7616)  acc5: 62.5000 (68.1032)  time: 0.3721  data: 0.0002  max mem: 41183
Epoch: [19]  [ 6144/71874]  eta: 6:49:18  lr: 0.0004755  img/s: 43.1501381457922  loss: 3.4786 (3.6507)  acc1: 37.5000 (43.1143)  acc5: 68.7500 (68.2476)  time: 0.3715  data: 0.0002  max mem: 41183
Epoch: [19]  [ 9216/71874]  eta: 6:29:53  lr: 0.0004755  img/s: 42.80003035785921  loss: 3.6912 (3.6609)  acc1: 31.2500 (42.9593)  acc5: 68.7500 (68.0475)  time: 0.3725  data: 0.0002  max mem: 41183
Epoch: [19]  [12288/71874]  eta: 6:10:43  lr: 0.0004755  img/s: 43.12629064565861  loss: 3.7164 (3.6683)  acc1: 37.5000 (42.7206)  acc5: 62.5000 (67.8885)  time: 0.3727  data: 0.0002  max mem: 41183
Epoch: [19]  [15360/71874]  eta: 5:51:45  lr: 0.0004755  img/s: 43.108560768939725  loss: 3.6875 (3.6667)  acc1: 43.7500 (42.6364)  acc5: 68.7500 (67.8427)  time: 0.3736  data: 0.0002  max mem: 41183
Epoch: [19]  [18432/71874]  eta: 5:32:37  lr: 0.0004755  img/s: 43.10595792103852  loss: 3.3554 (3.6716)  acc1: 43.7500 (42.5490)  acc5: 68.7500 (67.7101)  time: 0.3764  data: 0.0002  max mem: 41183
Epoch: [19]  [21504/71874]  eta: 5:13:29  lr: 0.0004755  img/s: 42.67282532459811  loss: 3.8293 (3.6745)  acc1: 43.7500 (42.4709)  acc5: 62.5000 (67.6096)  time: 0.3726  data: 0.0002  max mem: 41183
Epoch: [19]  [24576/71874]  eta: 4:54:25  lr: 0.0004755  img/s: 43.18701497445481  loss: 3.5186 (3.6755)  acc1: 37.5000 (42.4251)  acc5: 62.5000 (67.5906)  time: 0.3774  data: 0.0002  max mem: 41183
Epoch: [19]  [27648/71874]  eta: 4:35:19  lr: 0.0004755  img/s: 42.977838916512326  loss: 3.8209 (3.6788)  acc1: 37.5000 (42.3756)  acc5: 68.7500 (67.5081)  time: 0.3721  data: 0.0002  max mem: 41183
Epoch: [19]  [30720/71874]  eta: 4:16:11  lr: 0.0004755  img/s: 43.03143958023278  loss: 3.8119 (3.6817)  acc1: 31.2500 (42.3139)  acc5: 62.5000 (67.4563)  time: 0.3730  data: 0.0002  max mem: 41183
Epoch: [19]  [33792/71874]  eta: 3:57:06  lr: 0.0004755  img/s: 43.10365992300172  loss: 3.4520 (3.6864)  acc1: 43.7500 (42.2541)  acc5: 62.5000 (67.3588)  time: 0.3732  data: 0.0002  max mem: 41183
Epoch: [19]  [36864/71874]  eta: 3:38:00  lr: 0.0004755  img/s: 42.801449827190446  loss: 3.5899 (3.6861)  acc1: 43.7500 (42.2320)  acc5: 62.5000 (67.3496)  time: 0.3733  data: 0.0002  max mem: 41183
Epoch: [19]  [39936/71874]  eta: 3:18:53  lr: 0.0004755  img/s: 42.91492903345451  loss: 3.6114 (3.6886)  acc1: 43.7500 (42.2074)  acc5: 68.7500 (67.3084)  time: 0.3729  data: 0.0002  max mem: 41183
Epoch: [19]  [43008/71874]  eta: 2:59:46  lr: 0.0004755  img/s: 43.00934929233009  loss: 3.4680 (3.6889)  acc1: 43.7500 (42.2060)  acc5: 68.7500 (67.3109)  time: 0.3731  data: 0.0002  max mem: 41183
Epoch: [19]  [46080/71874]  eta: 2:40:39  lr: 0.0004755  img/s: 42.94763895981886  loss: 3.4132 (3.6906)  acc1: 37.5000 (42.1599)  acc5: 62.5000 (67.2746)  time: 0.3728  data: 0.0002  max mem: 41183
Epoch: [19]  [49152/71874]  eta: 2:21:31  lr: 0.0004755  img/s: 43.16790224629985  loss: 3.9979 (3.6908)  acc1: 37.5000 (42.1414)  acc5: 68.7500 (67.2511)  time: 0.3726  data: 0.0002  max mem: 41183
Epoch: [19]  [52224/71874]  eta: 2:02:23  lr: 0.0004755  img/s: 43.07969782716988  loss: 3.7597 (3.6935)  acc1: 31.2500 (42.0942)  acc5: 68.7500 (67.2116)  time: 0.3725  data: 0.0002  max mem: 41183
Epoch: [19]  [55296/71874]  eta: 1:43:15  lr: 0.0004755  img/s: 42.99383622857399  loss: 3.5107 (3.6938)  acc1: 37.5000 (42.0788)  acc5: 68.7500 (67.2058)  time: 0.3725  data: 0.0002  max mem: 41183
Epoch: [19]  [58368/71874]  eta: 1:24:07  lr: 0.0004755  img/s: 42.91086780402746  loss: 3.4583 (3.6943)  acc1: 43.7500 (42.0510)  acc5: 62.5000 (67.1828)  time: 0.3730  data: 0.0002  max mem: 41183
Epoch: [19]  [61440/71874]  eta: 1:04:59  lr: 0.0004755  img/s: 33.42048270531709  loss: 3.5309 (3.6949)  acc1: 43.7500 (42.0344)  acc5: 68.7500 (67.1739)  time: 0.3783  data: 0.0002  max mem: 41183
Epoch: [19]  [64512/71874]  eta: 0:45:51  lr: 0.0004755  img/s: 43.173567627832526  loss: 3.5824 (3.6951)  acc1: 37.5000 (42.0129)  acc5: 75.0000 (67.1673)  time: 0.3736  data: 0.0002  max mem: 41183
Epoch: [19]  [67584/71874]  eta: 0:26:43  lr: 0.0004755  img/s: 42.91893613469777  loss: 3.6219 (3.6967)  acc1: 37.5000 (41.9981)  acc5: 62.5000 (67.1604)  time: 0.3777  data: 0.0002  max mem: 41183
Epoch: [19]  [70656/71874]  eta: 0:07:35  lr: 0.0004755  img/s: 42.90861799430305  loss: 3.3638 (3.6982)  acc1: 43.7500 (41.9586)  acc5: 75.0000 (67.1227)  time: 0.3732  data: 0.0002  max mem: 41183
Epoch: [19] Total time: 7:27:43
Test:  [   0/7958]  eta: 1:43:35  loss: 0.3719 (0.3719)  acc1: 93.7500 (93.7500)  acc5: 100.0000 (100.0000)  time: 0.7810  data: 0.5720  max mem: 41183
Test:  [ 100/7958]  eta: 0:28:28  loss: 1.7308 (1.5539)  acc1: 62.5000 (66.5842)  acc5: 87.5000 (85.9530)  time: 0.2114  data: 0.0004  max mem: 41183
Test:  [ 200/7958]  eta: 0:27:44  loss: 2.2869 (1.7553)  acc1: 37.5000 (60.5721)  acc5: 81.2500 (83.6132)  time: 0.2115  data: 0.0003  max mem: 41183
Test:  [ 300/7958]  eta: 0:27:15  loss: 1.1848 (1.8200)  acc1: 75.0000 (59.6553)  acc5: 87.5000 (82.3713)  time: 0.2116  data: 0.0003  max mem: 41183
Test:  [ 400/7958]  eta: 0:26:50  loss: 1.0985 (1.7487)  acc1: 75.0000 (61.3155)  acc5: 93.7500 (83.3541)  time: 0.2114  data: 0.0003  max mem: 41183
Test:  [ 500/7958]  eta: 0:26:27  loss: 2.3560 (1.7861)  acc1: 50.0000 (60.5289)  acc5: 75.0000 (82.7345)  time: 0.2117  data: 0.0004  max mem: 41183
Test:  [ 600/7958]  eta: 0:26:05  loss: 2.6915 (1.9026)  acc1: 31.2500 (57.3523)  acc5: 68.7500 (81.2292)  time: 0.2120  data: 0.0004  max mem: 41183
Test:  [ 700/7958]  eta: 0:25:42  loss: 2.2161 (1.9643)  acc1: 56.2500 (55.3228)  acc5: 81.2500 (80.3138)  time: 0.2121  data: 0.0003  max mem: 41183
Test:  [ 800/7958]  eta: 0:25:20  loss: 1.4186 (2.0165)  acc1: 68.7500 (54.2993)  acc5: 87.5000 (79.4086)  time: 0.2120  data: 0.0003  max mem: 41183
Test:  [ 900/7958]  eta: 0:24:59  loss: 2.5775 (2.0750)  acc1: 43.7500 (52.8649)  acc5: 81.2500 (78.4892)  time: 0.2118  data: 0.0003  max mem: 41183
Test:  [1000/7958]  eta: 0:24:37  loss: 3.1471 (2.1391)  acc1: 18.7500 (51.5047)  acc5: 56.2500 (77.5724)  time: 0.2117  data: 0.0003  max mem: 41183
Test:  [1100/7958]  eta: 0:24:15  loss: 2.4287 (2.1831)  acc1: 37.5000 (50.5563)  acc5: 75.0000 (77.0039)  time: 0.2116  data: 0.0003  max mem: 41183
Test:  [1200/7958]  eta: 0:23:54  loss: 2.3380 (2.2137)  acc1: 43.7500 (49.6617)  acc5: 75.0000 (76.5612)  time: 0.2116  data: 0.0003  max mem: 41183
Test:  [1300/7958]  eta: 0:23:32  loss: 2.7078 (2.2174)  acc1: 31.2500 (49.3467)  acc5: 68.7500 (76.5757)  time: 0.2115  data: 0.0003  max mem: 41183
Test:  [1400/7958]  eta: 0:23:11  loss: 2.2782 (2.2181)  acc1: 37.5000 (49.2728)  acc5: 87.5000 (76.7443)  time: 0.2116  data: 0.0003  max mem: 41183
Test:  [1500/7958]  eta: 0:22:50  loss: 2.2004 (2.2346)  acc1: 43.7500 (48.7467)  acc5: 81.2500 (76.6031)  time: 0.2121  data: 0.0003  max mem: 41183
Test:  [1600/7958]  eta: 0:22:28  loss: 1.5455 (2.2434)  acc1: 62.5000 (48.4424)  acc5: 87.5000 (76.5186)  time: 0.2120  data: 0.0003  max mem: 41183
Test:  [1700/7958]  eta: 0:22:07  loss: 0.8759 (2.2247)  acc1: 81.2500 (48.7066)  acc5: 93.7500 (76.9878)  time: 0.2121  data: 0.0003  max mem: 41183
Test:  [1800/7958]  eta: 0:21:45  loss: 1.3542 (2.1968)  acc1: 68.7500 (49.4239)  acc5: 87.5000 (77.4153)  time: 0.2115  data: 0.0004  max mem: 41183
Test:  [1900/7958]  eta: 0:21:24  loss: 2.8456 (2.1914)  acc1: 25.0000 (49.5003)  acc5: 68.7500 (77.5381)  time: 0.2115  data: 0.0003  max mem: 41183
Test:  [2000/7958]  eta: 0:21:03  loss: 0.6841 (2.1658)  acc1: 87.5000 (50.1874)  acc5: 93.7500 (77.8361)  time: 0.2115  data: 0.0004  max mem: 41183
Test:  [2100/7958]  eta: 0:20:42  loss: 1.6661 (2.1574)  acc1: 62.5000 (50.4641)  acc5: 81.2500 (77.9599)  time: 0.2118  data: 0.0004  max mem: 41183
Test:  [2200/7958]  eta: 0:20:20  loss: 1.3801 (2.1493)  acc1: 62.5000 (50.6389)  acc5: 87.5000 (78.0923)  time: 0.2117  data: 0.0004  max mem: 41183
Test:  [2300/7958]  eta: 0:19:59  loss: 2.0452 (2.1438)  acc1: 50.0000 (50.6872)  acc5: 87.5000 (78.2948)  time: 0.2121  data: 0.0003  max mem: 41183
Test:  [2400/7958]  eta: 0:19:38  loss: 1.5738 (2.1422)  acc1: 56.2500 (50.6664)  acc5: 87.5000 (78.3372)  time: 0.2121  data: 0.0003  max mem: 41183
Test:  [2500/7958]  eta: 0:19:17  loss: 2.7366 (2.1558)  acc1: 12.5000 (50.1699)  acc5: 75.0000 (78.0913)  time: 0.2121  data: 0.0003  max mem: 41183
Test:  [2600/7958]  eta: 0:18:55  loss: 2.4420 (2.1450)  acc1: 43.7500 (50.3821)  acc5: 75.0000 (78.2319)  time: 0.2117  data: 0.0003  max mem: 41183
Test:  [2700/7958]  eta: 0:18:34  loss: 1.3721 (2.1186)  acc1: 75.0000 (50.9950)  acc5: 87.5000 (78.5473)  time: 0.2115  data: 0.0003  max mem: 41183
Test:  [2800/7958]  eta: 0:18:13  loss: 3.2337 (2.1284)  acc1: 31.2500 (50.8323)  acc5: 68.7500 (78.4318)  time: 0.2116  data: 0.0003  max mem: 41183
Test:  [2900/7958]  eta: 0:17:52  loss: 1.3921 (2.1331)  acc1: 68.7500 (50.8876)  acc5: 81.2500 (78.2683)  time: 0.2115  data: 0.0003  max mem: 41183
Test:  [3000/7958]  eta: 0:17:30  loss: 1.3300 (2.1394)  acc1: 50.0000 (50.7268)  acc5: 93.7500 (78.1802)  time: 0.2116  data: 0.0003  max mem: 41183
Test:  [3100/7958]  eta: 0:17:09  loss: 1.7188 (2.1361)  acc1: 62.5000 (50.8787)  acc5: 81.2500 (78.1804)  time: 0.2119  data: 0.0003  max mem: 41183
Test:  [3200/7958]  eta: 0:16:48  loss: 2.8117 (2.1399)  acc1: 31.2500 (50.8064)  acc5: 68.7500 (78.0967)  time: 0.2122  data: 0.0004  max mem: 41183
Test:  [3300/7958]  eta: 0:16:27  loss: 1.8047 (2.1554)  acc1: 50.0000 (50.5548)  acc5: 81.2500 (77.8211)  time: 0.2117  data: 0.0003  max mem: 41183
Test:  [3400/7958]  eta: 0:16:05  loss: 1.6575 (2.1501)  acc1: 62.5000 (50.7443)  acc5: 75.0000 (77.8448)  time: 0.2121  data: 0.0003  max mem: 41183
Test:  [3500/7958]  eta: 0:15:44  loss: 2.4829 (2.1495)  acc1: 50.0000 (50.7694)  acc5: 68.7500 (77.8742)  time: 0.2114  data: 0.0004  max mem: 41183
Test:  [3600/7958]  eta: 0:15:23  loss: 2.7834 (2.1592)  acc1: 31.2500 (50.5676)  acc5: 62.5000 (77.7267)  time: 0.2115  data: 0.0003  max mem: 41183
Test:  [3700/7958]  eta: 0:15:02  loss: 2.3521 (2.1589)  acc1: 50.0000 (50.5505)  acc5: 68.7500 (77.7374)  time: 0.2114  data: 0.0004  max mem: 41183
Test:  [3800/7958]  eta: 0:14:41  loss: 2.2282 (2.1692)  acc1: 37.5000 (50.4226)  acc5: 81.2500 (77.5931)  time: 0.2117  data: 0.0003  max mem: 41183
Test:  [3900/7958]  eta: 0:14:19  loss: 2.4032 (2.1672)  acc1: 50.0000 (50.5543)  acc5: 81.2500 (77.6436)  time: 0.2119  data: 0.0005  max mem: 41183
Test:  [4000/7958]  eta: 0:13:58  loss: 2.5726 (2.1706)  acc1: 25.0000 (50.4577)  acc5: 62.5000 (77.6134)  time: 0.2121  data: 0.0003  max mem: 41183
Test:  [4100/7958]  eta: 0:13:37  loss: 1.1550 (2.1626)  acc1: 68.7500 (50.6553)  acc5: 93.7500 (77.7234)  time: 0.2123  data: 0.0004  max mem: 41183
Test:  [4200/7958]  eta: 0:13:16  loss: 2.0975 (2.1654)  acc1: 50.0000 (50.6427)  acc5: 81.2500 (77.6913)  time: 0.2121  data: 0.0004  max mem: 41183
Test:  [4300/7958]  eta: 0:12:55  loss: 2.8669 (2.1660)  acc1: 37.5000 (50.7004)  acc5: 75.0000 (77.6898)  time: 0.2119  data: 0.0003  max mem: 41183
Test:  [4400/7958]  eta: 0:12:33  loss: 2.1422 (2.1813)  acc1: 50.0000 (50.4615)  acc5: 81.2500 (77.4171)  time: 0.2118  data: 0.0004  max mem: 41183
Test:  [4500/7958]  eta: 0:12:12  loss: 2.6975 (2.1829)  acc1: 43.7500 (50.4318)  acc5: 62.5000 (77.3856)  time: 0.2113  data: 0.0004  max mem: 41183
Test:  [4600/7958]  eta: 0:11:51  loss: 2.5417 (2.1833)  acc1: 43.7500 (50.5257)  acc5: 68.7500 (77.3650)  time: 0.2115  data: 0.0003  max mem: 41183
Test:  [4700/7958]  eta: 0:11:30  loss: 2.0422 (2.1874)  acc1: 56.2500 (50.4507)  acc5: 75.0000 (77.2655)  time: 0.2111  data: 0.0003  max mem: 41183
Test:  [4800/7958]  eta: 0:11:09  loss: 1.7554 (2.1974)  acc1: 56.2500 (50.2343)  acc5: 87.5000 (77.1154)  time: 0.2120  data: 0.0004  max mem: 41183
Test:  [4900/7958]  eta: 0:10:47  loss: 2.6206 (2.2018)  acc1: 37.5000 (50.1760)  acc5: 68.7500 (77.0123)  time: 0.2120  data: 0.0004  max mem: 41183
Test:  [5000/7958]  eta: 0:10:26  loss: 2.0700 (2.1999)  acc1: 37.5000 (50.1212)  acc5: 87.5000 (77.0846)  time: 0.2121  data: 0.0004  max mem: 41183
Test:  [5100/7958]  eta: 0:10:05  loss: 3.1337 (2.2027)  acc1: 31.2500 (50.0478)  acc5: 56.2500 (77.0315)  time: 0.2119  data: 0.0004  max mem: 41183
Test:  [5200/7958]  eta: 0:09:44  loss: 0.8132 (2.1965)  acc1: 75.0000 (50.2331)  acc5: 87.5000 (77.0753)  time: 0.2114  data: 0.0004  max mem: 41183
Test:  [5300/7958]  eta: 0:09:23  loss: 2.1464 (2.2002)  acc1: 43.7500 (50.2110)  acc5: 75.0000 (76.9984)  time: 0.2115  data: 0.0003  max mem: 41183
Test:  [5400/7958]  eta: 0:09:01  loss: 2.6077 (2.2028)  acc1: 37.5000 (50.1921)  acc5: 68.7500 (76.9383)  time: 0.2118  data: 0.0004  max mem: 41183
Test:  [5500/7958]  eta: 0:08:40  loss: 1.9555 (2.2010)  acc1: 56.2500 (50.2659)  acc5: 81.2500 (76.9337)  time: 0.2114  data: 0.0003  max mem: 41183
Test:  [5600/7958]  eta: 0:08:19  loss: 2.9090 (2.2091)  acc1: 31.2500 (50.2109)  acc5: 68.7500 (76.7954)  time: 0.2117  data: 0.0004  max mem: 41183
Test:  [5700/7958]  eta: 0:07:58  loss: 3.2302 (2.2106)  acc1: 31.2500 (50.2028)  acc5: 62.5000 (76.7914)  time: 0.2122  data: 0.0004  max mem: 41183
Test:  [5800/7958]  eta: 0:07:37  loss: 2.3991 (2.2174)  acc1: 43.7500 (50.0022)  acc5: 68.7500 (76.7077)  time: 0.2119  data: 0.0004  max mem: 41183
Test:  [5900/7958]  eta: 0:07:15  loss: 2.1417 (2.2165)  acc1: 50.0000 (50.0583)  acc5: 75.0000 (76.7148)  time: 0.2120  data: 0.0003  max mem: 41183
Test:  [6000/7958]  eta: 0:06:54  loss: 2.8346 (2.2230)  acc1: 31.2500 (49.9427)  acc5: 68.7500 (76.6091)  time: 0.2116  data: 0.0003  max mem: 41183
Test:  [6100/7958]  eta: 0:06:33  loss: 1.7395 (2.2233)  acc1: 56.2500 (49.9908)  acc5: 81.2500 (76.5838)  time: 0.2117  data: 0.0003  max mem: 41183
Test:  [6200/7958]  eta: 0:06:12  loss: 2.2382 (2.2239)  acc1: 50.0000 (50.0252)  acc5: 81.2500 (76.5602)  time: 0.2114  data: 0.0003  max mem: 41183
Test:  [6300/7958]  eta: 0:05:51  loss: 1.0747 (2.2145)  acc1: 75.0000 (50.2519)  acc5: 93.7500 (76.6962)  time: 0.2115  data: 0.0003  max mem: 41183
Test:  [6400/7958]  eta: 0:05:30  loss: 1.2207 (2.2160)  acc1: 75.0000 (50.2578)  acc5: 93.7500 (76.6716)  time: 0.2115  data: 0.0003  max mem: 41183
Test:  [6500/7958]  eta: 0:05:08  loss: 1.1338 (2.2147)  acc1: 75.0000 (50.2961)  acc5: 87.5000 (76.6949)  time: 0.2119  data: 0.0003  max mem: 41183
Test:  [6600/7958]  eta: 0:04:47  loss: 2.5095 (2.2197)  acc1: 37.5000 (50.2026)  acc5: 68.7500 (76.5935)  time: 0.2120  data: 0.0003  max mem: 41183
Test:  [6700/7958]  eta: 0:04:26  loss: 1.0278 (2.2184)  acc1: 75.0000 (50.2472)  acc5: 93.7500 (76.5949)  time: 0.2119  data: 0.0003  max mem: 41183
Test:  [6800/7958]  eta: 0:04:05  loss: 2.4626 (2.2200)  acc1: 31.2500 (50.2169)  acc5: 75.0000 (76.6018)  time: 0.2121  data: 0.0003  max mem: 41183
Test:  [6900/7958]  eta: 0:03:44  loss: 2.6559 (2.2205)  acc1: 25.0000 (50.1983)  acc5: 75.0000 (76.6230)  time: 0.2115  data: 0.0003  max mem: 41183
Test:  [7000/7958]  eta: 0:03:22  loss: 1.9817 (2.2215)  acc1: 56.2500 (50.2151)  acc5: 81.2500 (76.5971)  time: 0.2116  data: 0.0003  max mem: 41183
Test:  [7100/7958]  eta: 0:03:01  loss: 1.1095 (2.2253)  acc1: 75.0000 (50.1804)  acc5: 87.5000 (76.5165)  time: 0.2113  data: 0.0003  max mem: 41183
Test:  [7200/7958]  eta: 0:02:40  loss: 3.6592 (2.2311)  acc1: 18.7500 (50.0764)  acc5: 43.7500 (76.4269)  time: 0.2115  data: 0.0003  max mem: 41183
Test:  [7300/7958]  eta: 0:02:19  loss: 2.9616 (2.2263)  acc1: 31.2500 (50.2114)  acc5: 68.7500 (76.4895)  time: 0.2116  data: 0.0003  max mem: 41183
Test:  [7400/7958]  eta: 0:01:58  loss: 3.2037 (2.2319)  acc1: 31.2500 (50.1267)  acc5: 62.5000 (76.4077)  time: 0.2120  data: 0.0003  max mem: 41183
Test:  [7500/7958]  eta: 0:01:37  loss: 1.9616 (2.2383)  acc1: 43.7500 (50.0092)  acc5: 81.2500 (76.3032)  time: 0.2121  data: 0.0003  max mem: 41183
Test:  [7600/7958]  eta: 0:01:15  loss: 1.5157 (2.2380)  acc1: 75.0000 (50.0502)  acc5: 87.5000 (76.3000)  time: 0.2120  data: 0.0003  max mem: 41183
Test:  [7700/7958]  eta: 0:00:54  loss: 2.6248 (2.2400)  acc1: 43.7500 (50.0349)  acc5: 68.7500 (76.2442)  time: 0.2113  data: 0.0003  max mem: 41183
Test:  [7800/7958]  eta: 0:00:33  loss: 0.5830 (2.2361)  acc1: 81.2500 (50.0441)  acc5: 93.7500 (76.3284)  time: 0.2110  data: 0.0003  max mem: 41183
Test:  [7900/7958]  eta: 0:00:12  loss: 1.5898 (2.2304)  acc1: 50.0000 (50.1788)  acc5: 81.2500 (76.3914)  time: 0.2119  data: 0.0003  max mem: 41183
Test: Total time: 0:28:05
 * Acc@1 = 50.24189494847952, Acc@5 = 76.40738879115355, loss = 2.22881792592211
Namespace(model='QKFormer_10_768', dataset='es-imagenet', num_classes=1000, data_path='/model/es-imagenet', device='cuda', batch_size=16, workers=4, print_freq=3072, output_dir='./logs4', resume='', sync_bn=False, test_only=False, amp=True, world_size=1, dist_url='env://', tb=True, T=8, opt='adamw', opt_eps=1e-08, opt_betas=None, weight_decay=0.01, momentum=0.9, connect_f='ADD', T_train=None, sched='cosine', lr=0.0005, lr_noise=None, lr_noise_pct=0.67, lr_noise_std=1.0, lr_cycle_mul=1.0, lr_cycle_limit=1, warmup_lr=1e-05, min_lr=1e-06, epochs=100, epoch_repeats=0.0, start_epoch=0, decay_epochs=20, warmup_epochs=20, cooldown_epochs=10, patience_epochs=10, decay_rate=0.1, smoothing=0.1, mixup=0.5, cutmix=0.0, cutmix_minmax=None, mixup_prob=0.5, mixup_switch_prob=0.5, mixup_mode='batch', mixup_off_epoch=0, grad_clip=5.0, distributed=False)
Training time 6 days, 22:51:02 max_test_acc1 50.306295551646144 test_acc5_at_max_test_acc1 76.45294043729581
./logs4/QKFormer_10_768_b16_T8_wd0.01_adamw_cnf_ADD/lr0.0005
Epoch: [20]  [    0/71874]  eta: 20:11:02  lr: 0.0004523497400965494  img/s: 40.33253660550674  loss: 2.7995 (2.7995)  acc1: 37.5000 (37.5000)  acc5: 81.2500 (81.2500)  time: 1.0110  data: 0.6142  max mem: 41183
Epoch: [20]  [ 3072/71874]  eta: 7:08:58  lr: 0.0004523497400965494  img/s: 42.899511419287656  loss: 3.5810 (3.6173)  acc1: 43.7500 (43.6158)  acc5: 75.0000 (68.8680)  time: 0.3770  data: 0.0002  max mem: 41183
Epoch: [20]  [ 6144/71874]  eta: 6:49:33  lr: 0.0004523497400965494  img/s: 42.917783330274275  loss: 3.6166 (3.6113)  acc1: 43.7500 (43.8029)  acc5: 68.7500 (69.0745)  time: 0.3741  data: 0.0002  max mem: 41183
Epoch: [20]  [ 9216/71874]  eta: 6:30:44  lr: 0.0004523497400965494  img/s: 42.47732510483424  loss: 3.1318 (3.5976)  acc1: 43.7500 (43.8863)  acc5: 68.7500 (69.0667)  time: 0.3723  data: 0.0002  max mem: 41183
Epoch: [20]  [12288/71874]  eta: 6:11:24  lr: 0.0004523497400965494  img/s: 42.920473303602094  loss: 3.6519 (3.5958)  acc1: 37.5000 (43.8273)  acc5: 62.5000 (69.0613)  time: 0.3728  data: 0.0002  max mem: 41183
Epoch: [20]  [15360/71874]  eta: 5:52:06  lr: 0.0004523497400965494  img/s: 43.028680501990536  loss: 3.4707 (3.5944)  acc1: 43.7500 (43.9046)  acc5: 68.7500 (69.0739)  time: 0.3723  data: 0.0002  max mem: 41183
Epoch: [20]  [18432/71874]  eta: 5:32:53  lr: 0.0004523497400965494  img/s: 42.92906700783624  loss: 3.5425 (3.6028)  acc1: 37.5000 (43.7846)  acc5: 62.5000 (68.9423)  time: 0.3720  data: 0.0002  max mem: 41183
Epoch: [20]  [21504/71874]  eta: 5:13:42  lr: 0.0004523497400965494  img/s: 43.074914134343885  loss: 3.2300 (3.6062)  acc1: 43.7500 (43.7605)  acc5: 68.7500 (68.8645)  time: 0.3728  data: 0.0002  max mem: 41183
Epoch: [20]  [24576/71874]  eta: 4:54:30  lr: 0.0004523497400965494  img/s: 42.879364523577976  loss: 3.4899 (3.6118)  acc1: 37.5000 (43.7080)  acc5: 68.7500 (68.8151)  time: 0.3727  data: 0.0002  max mem: 41183
Epoch: [20]  [27648/71874]  eta: 4:35:20  lr: 0.0004523497400965494  img/s: 43.15954574629141  loss: 3.1373 (3.6118)  acc1: 50.0000 (43.7147)  acc5: 75.0000 (68.7898)  time: 0.3724  data: 0.0002  max mem: 41183
Epoch: [20]  [30720/71874]  eta: 4:16:13  lr: 0.0004523497400965494  img/s: 43.00571112182018  loss: 3.3666 (3.6154)  acc1: 43.7500 (43.6532)  acc5: 68.7500 (68.7358)  time: 0.3727  data: 0.0002  max mem: 41183
Epoch: [20]  [33792/71874]  eta: 3:57:06  lr: 0.0004523497400965494  img/s: 42.60615149025648  loss: 3.5190 (3.6176)  acc1: 43.7500 (43.6070)  acc5: 62.5000 (68.6740)  time: 0.3725  data: 0.0002  max mem: 41183
Epoch: [20]  [36864/71874]  eta: 3:37:58  lr: 0.0004523497400965494  img/s: 42.12467633878831  loss: 3.0851 (3.6173)  acc1: 43.7500 (43.5961)  acc5: 68.7500 (68.6518)  time: 0.3734  data: 0.0002  max mem: 41183
Epoch: [20]  [39936/71874]  eta: 3:18:50  lr: 0.0004523497400965494  img/s: 42.89959369030968  loss: 3.3564 (3.6170)  acc1: 43.7500 (43.6004)  acc5: 68.7500 (68.6481)  time: 0.3723  data: 0.0002  max mem: 41183
Epoch: [20]  [43008/71874]  eta: 2:59:41  lr: 0.0004523497400965494  img/s: 43.03582724327486  loss: 3.2988 (3.6200)  acc1: 43.7500 (43.5452)  acc5: 68.7500 (68.5781)  time: 0.3772  data: 0.0002  max mem: 41183
Epoch: [20]  [46080/71874]  eta: 2:40:33  lr: 0.0004523497400965494  img/s: 43.18443043334453  loss: 3.7611 (3.6228)  acc1: 37.5000 (43.4939)  acc5: 62.5000 (68.5246)  time: 0.3723  data: 0.0002  max mem: 41183
Epoch: [20]  [49152/71874]  eta: 2:21:25  lr: 0.0004523497400965494  img/s: 43.074333527174325  loss: 3.3067 (3.6249)  acc1: 43.7500 (43.4717)  acc5: 68.7500 (68.5134)  time: 0.3765  data: 0.0002  max mem: 41183
Epoch: [20]  [52224/71874]  eta: 2:02:16  lr: 0.0004523497400965494  img/s: 43.03963612902233  loss: 3.5817 (3.6270)  acc1: 37.5000 (43.4390)  acc5: 75.0000 (68.4925)  time: 0.3710  data: 0.0002  max mem: 41183
Epoch: [20]  [55296/71874]  eta: 1:43:08  lr: 0.0004523497400965494  img/s: 43.31660969337698  loss: 3.2356 (3.6275)  acc1: 43.7500 (43.4133)  acc5: 68.7500 (68.4714)  time: 0.3762  data: 0.0002  max mem: 41183
Epoch: [20]  [58368/71874]  eta: 1:24:01  lr: 0.0004523497400965494  img/s: 42.99843662700996  loss: 3.5582 (3.6281)  acc1: 37.5000 (43.3939)  acc5: 62.5000 (68.4510)  time: 0.3724  data: 0.0002  max mem: 41183
Epoch: [20]  [61440/71874]  eta: 1:04:54  lr: 0.0004523497400965494  img/s: 43.00700646045256  loss: 3.2875 (3.6303)  acc1: 50.0000 (43.3596)  acc5: 68.7500 (68.4122)  time: 0.3753  data: 0.0002  max mem: 41183
Epoch: [20]  [64512/71874]  eta: 0:45:47  lr: 0.0004523497400965494  img/s: 43.334343258234696  loss: 3.2589 (3.6313)  acc1: 43.7500 (43.3324)  acc5: 62.5000 (68.3954)  time: 0.3714  data: 0.0002  max mem: 41183
Epoch: [20]  [67584/71874]  eta: 0:26:40  lr: 0.0004523497400965494  img/s: 43.135576944090566  loss: 3.1897 (3.6310)  acc1: 37.5000 (43.3216)  acc5: 75.0000 (68.4055)  time: 0.3711  data: 0.0002  max mem: 41183
Epoch: [20]  [70656/71874]  eta: 0:07:34  lr: 0.0004523497400965494  img/s: 42.97530687104244  loss: 3.4749 (3.6313)  acc1: 31.2500 (43.2938)  acc5: 62.5000 (68.3846)  time: 0.3708  data: 0.0002  max mem: 41183
Epoch: [20] Total time: 7:26:53
Test:  [   0/7958]  eta: 2:05:14  loss: 0.5137 (0.5137)  acc1: 93.7500 (93.7500)  acc5: 100.0000 (100.0000)  time: 0.9443  data: 0.7346  max mem: 41183
Test:  [ 100/7958]  eta: 0:28:37  loss: 1.5553 (1.6319)  acc1: 62.5000 (64.6040)  acc5: 87.5000 (84.4059)  time: 0.2111  data: 0.0003  max mem: 41183
Test:  [ 200/7958]  eta: 0:27:47  loss: 2.0982 (1.8176)  acc1: 43.7500 (59.6082)  acc5: 75.0000 (81.1878)  time: 0.2114  data: 0.0003  max mem: 41183
Test:  [ 300/7958]  eta: 0:27:17  loss: 1.9507 (1.8462)  acc1: 56.2500 (58.8870)  acc5: 81.2500 (81.0216)  time: 0.2115  data: 0.0003  max mem: 41183
Test:  [ 400/7958]  eta: 0:26:51  loss: 1.1078 (1.7134)  acc1: 62.5000 (61.0349)  acc5: 93.7500 (83.1983)  time: 0.2110  data: 0.0003  max mem: 41183
Test:  [ 500/7958]  eta: 0:26:27  loss: 2.2029 (1.7676)  acc1: 50.0000 (59.8428)  acc5: 75.0000 (82.5474)  time: 0.2113  data: 0.0003  max mem: 41183
Test:  [ 600/7958]  eta: 0:26:04  loss: 2.0177 (1.8576)  acc1: 50.0000 (57.5811)  acc5: 81.2500 (81.4476)  time: 0.2114  data: 0.0003  max mem: 41183
Test:  [ 700/7958]  eta: 0:25:42  loss: 3.1655 (2.0197)  acc1: 18.7500 (53.8873)  acc5: 43.7500 (78.7268)  time: 0.2119  data: 0.0003  max mem: 41183
Test:  [ 800/7958]  eta: 0:25:20  loss: 2.2493 (2.0524)  acc1: 43.7500 (52.9806)  acc5: 87.5000 (78.2694)  time: 0.2116  data: 0.0003  max mem: 41183
Test:  [ 900/7958]  eta: 0:24:58  loss: 3.0337 (2.0723)  acc1: 43.7500 (52.2336)  acc5: 62.5000 (77.9412)  time: 0.2117  data: 0.0003  max mem: 41183
Test:  [1000/7958]  eta: 0:24:36  loss: 2.6405 (2.1297)  acc1: 37.5000 (50.7680)  acc5: 62.5000 (77.1978)  time: 0.2113  data: 0.0003  max mem: 41183
Test:  [1100/7958]  eta: 0:24:14  loss: 2.0429 (2.1656)  acc1: 37.5000 (49.8865)  acc5: 81.2500 (76.6860)  time: 0.2114  data: 0.0003  max mem: 41183
Test:  [1200/7958]  eta: 0:23:53  loss: 2.3591 (2.1873)  acc1: 43.7500 (49.1934)  acc5: 75.0000 (76.5612)  time: 0.2115  data: 0.0003  max mem: 41183
Test:  [1300/7958]  eta: 0:23:31  loss: 2.3291 (2.1921)  acc1: 50.0000 (49.0536)  acc5: 68.7500 (76.6382)  time: 0.2113  data: 0.0003  max mem: 41183
Test:  [1400/7958]  eta: 0:23:10  loss: 2.4629 (2.1859)  acc1: 25.0000 (49.1925)  acc5: 81.2500 (76.8023)  time: 0.2116  data: 0.0003  max mem: 41183
Test:  [1500/7958]  eta: 0:22:49  loss: 2.7150 (2.2046)  acc1: 25.0000 (48.6301)  acc5: 75.0000 (76.7030)  time: 0.2118  data: 0.0003  max mem: 41183
Test:  [1600/7958]  eta: 0:22:27  loss: 1.6081 (2.2055)  acc1: 62.5000 (48.5790)  acc5: 81.2500 (76.7450)  time: 0.2119  data: 0.0003  max mem: 41183
Test:  [1700/7958]  eta: 0:22:06  loss: 1.1939 (2.1904)  acc1: 75.0000 (48.8463)  acc5: 87.5000 (77.0686)  time: 0.2119  data: 0.0003  max mem: 41183
Test:  [1800/7958]  eta: 0:21:45  loss: 1.5644 (2.1547)  acc1: 68.7500 (49.7363)  acc5: 87.5000 (77.6097)  time: 0.2117  data: 0.0004  max mem: 41183
Test:  [1900/7958]  eta: 0:21:23  loss: 2.0944 (2.1459)  acc1: 43.7500 (49.8323)  acc5: 81.2500 (77.8340)  time: 0.2113  data: 0.0003  max mem: 41183
Test:  [2000/7958]  eta: 0:21:02  loss: 0.5025 (2.1102)  acc1: 87.5000 (50.7590)  acc5: 100.0000 (78.2859)  time: 0.2115  data: 0.0003  max mem: 41183
Test:  [2100/7958]  eta: 0:20:41  loss: 2.0580 (2.0951)  acc1: 56.2500 (51.1155)  acc5: 81.2500 (78.5221)  time: 0.2116  data: 0.0003  max mem: 41183
Test:  [2200/7958]  eta: 0:20:19  loss: 1.7242 (2.0860)  acc1: 62.5000 (51.2693)  acc5: 87.5000 (78.7057)  time: 0.2115  data: 0.0003  max mem: 41183
Test:  [2300/7958]  eta: 0:19:58  loss: 1.9463 (2.0789)  acc1: 43.7500 (51.2549)  acc5: 81.2500 (78.9331)  time: 0.2115  data: 0.0003  max mem: 41183
Test:  [2400/7958]  eta: 0:19:37  loss: 1.4373 (2.0824)  acc1: 68.7500 (51.2234)  acc5: 93.7500 (78.8994)  time: 0.2120  data: 0.0003  max mem: 41183
Test:  [2500/7958]  eta: 0:19:16  loss: 3.4805 (2.1108)  acc1: 12.5000 (50.6248)  acc5: 56.2500 (78.4011)  time: 0.2117  data: 0.0003  max mem: 41183
Test:  [2600/7958]  eta: 0:18:54  loss: 1.9154 (2.1042)  acc1: 50.0000 (50.8386)  acc5: 81.2500 (78.5371)  time: 0.2119  data: 0.0003  max mem: 41183
Test:  [2700/7958]  eta: 0:18:33  loss: 1.2406 (2.0799)  acc1: 68.7500 (51.4832)  acc5: 87.5000 (78.8643)  time: 0.2114  data: 0.0003  max mem: 41183
Test:  [2800/7958]  eta: 0:18:12  loss: 2.4555 (2.0753)  acc1: 50.0000 (51.6757)  acc5: 75.0000 (78.9406)  time: 0.2114  data: 0.0003  max mem: 41183
Test:  [2900/7958]  eta: 0:17:51  loss: 1.6126 (2.0941)  acc1: 56.2500 (51.5512)  acc5: 81.2500 (78.5850)  time: 0.2114  data: 0.0003  max mem: 41183
Test:  [3000/7958]  eta: 0:17:30  loss: 2.2971 (2.1077)  acc1: 43.7500 (51.4370)  acc5: 81.2500 (78.3510)  time: 0.2113  data: 0.0003  max mem: 41183
Test:  [3100/7958]  eta: 0:17:08  loss: 2.2856 (2.1164)  acc1: 56.2500 (51.3564)  acc5: 68.7500 (78.1945)  time: 0.2115  data: 0.0003  max mem: 41183
Test:  [3200/7958]  eta: 0:16:47  loss: 3.6100 (2.1166)  acc1: 31.2500 (51.5210)  acc5: 50.0000 (78.1455)  time: 0.2120  data: 0.0003  max mem: 41183
Test:  [3300/7958]  eta: 0:16:26  loss: 2.4858 (2.1358)  acc1: 43.7500 (51.2250)  acc5: 68.7500 (77.8457)  time: 0.2119  data: 0.0003  max mem: 41183
Test:  [3400/7958]  eta: 0:16:05  loss: 1.8973 (2.1303)  acc1: 56.2500 (51.4573)  acc5: 81.2500 (77.9421)  time: 0.2119  data: 0.0003  max mem: 41183
Test:  [3500/7958]  eta: 0:15:44  loss: 2.0465 (2.1370)  acc1: 50.0000 (51.3264)  acc5: 68.7500 (77.8670)  time: 0.2118  data: 0.0003  max mem: 41183
Test:  [3600/7958]  eta: 0:15:22  loss: 2.2815 (2.1416)  acc1: 43.7500 (51.2566)  acc5: 75.0000 (77.8135)  time: 0.2114  data: 0.0003  max mem: 41183
Test:  [3700/7958]  eta: 0:15:01  loss: 2.8623 (2.1484)  acc1: 31.2500 (51.0977)  acc5: 68.7500 (77.7645)  time: 0.2113  data: 0.0003  max mem: 41183
Test:  [3800/7958]  eta: 0:14:40  loss: 2.1069 (2.1606)  acc1: 37.5000 (50.8468)  acc5: 81.2500 (77.5964)  time: 0.2114  data: 0.0003  max mem: 41183
Test:  [3900/7958]  eta: 0:14:19  loss: 1.1838 (2.1537)  acc1: 75.0000 (51.0734)  acc5: 87.5000 (77.7108)  time: 0.2112  data: 0.0003  max mem: 41183
Test:  [4000/7958]  eta: 0:13:58  loss: 2.2760 (2.1553)  acc1: 43.7500 (50.9951)  acc5: 75.0000 (77.6978)  time: 0.2114  data: 0.0003  max mem: 41183
Test:  [4100/7958]  eta: 0:13:36  loss: 1.5206 (2.1542)  acc1: 68.7500 (51.1080)  acc5: 87.5000 (77.6640)  time: 0.2117  data: 0.0003  max mem: 41183
Test:  [4200/7958]  eta: 0:13:15  loss: 1.9770 (2.1534)  acc1: 62.5000 (51.2095)  acc5: 75.0000 (77.6869)  time: 0.2121  data: 0.0003  max mem: 41183
Test:  [4300/7958]  eta: 0:12:54  loss: 2.6668 (2.1535)  acc1: 31.2500 (51.2526)  acc5: 62.5000 (77.6752)  time: 0.2117  data: 0.0003  max mem: 41183
Test:  [4400/7958]  eta: 0:12:33  loss: 2.1392 (2.1662)  acc1: 37.5000 (51.0736)  acc5: 81.2500 (77.4398)  time: 0.2118  data: 0.0003  max mem: 41183
Test:  [4500/7958]  eta: 0:12:12  loss: 2.1056 (2.1696)  acc1: 56.2500 (51.0428)  acc5: 75.0000 (77.3828)  time: 0.2111  data: 0.0003  max mem: 41183
Test:  [4600/7958]  eta: 0:11:50  loss: 2.3176 (2.1707)  acc1: 43.7500 (51.1207)  acc5: 75.0000 (77.3460)  time: 0.2112  data: 0.0003  max mem: 41183
Test:  [4700/7958]  eta: 0:11:29  loss: 2.1743 (2.1758)  acc1: 56.2500 (51.0383)  acc5: 68.7500 (77.2668)  time: 0.2112  data: 0.0003  max mem: 41183
Test:  [4800/7958]  eta: 0:11:08  loss: 2.1752 (2.1786)  acc1: 50.0000 (50.9920)  acc5: 81.2500 (77.2547)  time: 0.2114  data: 0.0003  max mem: 41183
Test:  [4900/7958]  eta: 0:10:47  loss: 2.4546 (2.1884)  acc1: 50.0000 (50.8952)  acc5: 68.7500 (77.0748)  time: 0.2115  data: 0.0003  max mem: 41183
Test:  [5000/7958]  eta: 0:10:26  loss: 2.2022 (2.1831)  acc1: 37.5000 (50.8898)  acc5: 87.5000 (77.1996)  time: 0.2120  data: 0.0003  max mem: 41183
Test:  [5100/7958]  eta: 0:10:05  loss: 2.5277 (2.1809)  acc1: 50.0000 (50.8614)  acc5: 68.7500 (77.2924)  time: 0.2117  data: 0.0003  max mem: 41183
Test:  [5200/7958]  eta: 0:09:43  loss: 1.1433 (2.1789)  acc1: 75.0000 (50.9746)  acc5: 87.5000 (77.3000)  time: 0.2119  data: 0.0003  max mem: 41183
Test:  [5300/7958]  eta: 0:09:22  loss: 2.8282 (2.1866)  acc1: 43.7500 (50.8843)  acc5: 56.2500 (77.1871)  time: 0.2114  data: 0.0003  max mem: 41183
Test:  [5400/7958]  eta: 0:09:01  loss: 2.0461 (2.1882)  acc1: 50.0000 (50.8795)  acc5: 75.0000 (77.1339)  time: 0.2116  data: 0.0003  max mem: 41183
Test:  [5500/7958]  eta: 0:08:40  loss: 1.7063 (2.1906)  acc1: 56.2500 (50.9055)  acc5: 87.5000 (77.0848)  time: 0.2112  data: 0.0003  max mem: 41183
Test:  [5600/7958]  eta: 0:08:19  loss: 2.9718 (2.1958)  acc1: 31.2500 (50.8637)  acc5: 75.0000 (77.0030)  time: 0.2112  data: 0.0003  max mem: 41183
Test:  [5700/7958]  eta: 0:07:57  loss: 2.0396 (2.1961)  acc1: 56.2500 (50.7817)  acc5: 75.0000 (77.0216)  time: 0.2113  data: 0.0003  max mem: 41183
Test:  [5800/7958]  eta: 0:07:36  loss: 2.4065 (2.1950)  acc1: 43.7500 (50.8296)  acc5: 81.2500 (77.0309)  time: 0.2118  data: 0.0003  max mem: 41183
Test:  [5900/7958]  eta: 0:07:15  loss: 2.1209 (2.1961)  acc1: 50.0000 (50.8801)  acc5: 75.0000 (77.0145)  time: 0.2119  data: 0.0003  max mem: 41183
Test:  [6000/7958]  eta: 0:06:54  loss: 2.3632 (2.2016)  acc1: 43.7500 (50.8144)  acc5: 68.7500 (76.9153)  time: 0.2119  data: 0.0003  max mem: 41183
Test:  [6100/7958]  eta: 0:06:33  loss: 2.1399 (2.2035)  acc1: 50.0000 (50.8154)  acc5: 75.0000 (76.8747)  time: 0.2120  data: 0.0003  max mem: 41183
Test:  [6200/7958]  eta: 0:06:12  loss: 1.8735 (2.2104)  acc1: 56.2500 (50.7640)  acc5: 81.2500 (76.7507)  time: 0.2112  data: 0.0003  max mem: 41183
Test:  [6300/7958]  eta: 0:05:50  loss: 1.6482 (2.2055)  acc1: 43.7500 (50.8957)  acc5: 81.2500 (76.8003)  time: 0.2113  data: 0.0003  max mem: 41183
Test:  [6400/7958]  eta: 0:05:29  loss: 1.0322 (2.2061)  acc1: 75.0000 (50.8983)  acc5: 93.7500 (76.7722)  time: 0.2112  data: 0.0003  max mem: 41183
Test:  [6500/7958]  eta: 0:05:08  loss: 1.0352 (2.2012)  acc1: 81.2500 (51.0498)  acc5: 93.7500 (76.8439)  time: 0.2113  data: 0.0003  max mem: 41183
Test:  [6600/7958]  eta: 0:04:47  loss: 3.6082 (2.2093)  acc1: 25.0000 (50.9137)  acc5: 50.0000 (76.6948)  time: 0.2114  data: 0.0003  max mem: 41183
Test:  [6700/7958]  eta: 0:04:26  loss: 1.1402 (2.2045)  acc1: 75.0000 (51.0297)  acc5: 93.7500 (76.7535)  time: 0.2118  data: 0.0003  max mem: 41183
Test:  [6800/7958]  eta: 0:04:05  loss: 2.2305 (2.2078)  acc1: 50.0000 (50.9897)  acc5: 75.0000 (76.7341)  time: 0.2119  data: 0.0003  max mem: 41183
Test:  [6900/7958]  eta: 0:03:43  loss: 2.0311 (2.2080)  acc1: 43.7500 (50.9745)  acc5: 75.0000 (76.7316)  time: 0.2119  data: 0.0003  max mem: 41183
Test:  [7000/7958]  eta: 0:03:22  loss: 1.3749 (2.2038)  acc1: 68.7500 (51.1016)  acc5: 87.5000 (76.7694)  time: 0.2117  data: 0.0003  max mem: 41183
Test:  [7100/7958]  eta: 0:03:01  loss: 1.0789 (2.2086)  acc1: 81.2500 (51.0263)  acc5: 93.7500 (76.6881)  time: 0.2111  data: 0.0003  max mem: 41183
Test:  [7200/7958]  eta: 0:02:40  loss: 2.6961 (2.2126)  acc1: 31.2500 (50.9113)  acc5: 68.7500 (76.6387)  time: 0.2114  data: 0.0003  max mem: 41183
Test:  [7300/7958]  eta: 0:02:19  loss: 2.1955 (2.2066)  acc1: 43.7500 (51.0444)  acc5: 87.5000 (76.7498)  time: 0.2113  data: 0.0003  max mem: 41183
Test:  [7400/7958]  eta: 0:01:58  loss: 2.7266 (2.2115)  acc1: 37.5000 (50.9745)  acc5: 68.7500 (76.6484)  time: 0.2111  data: 0.0003  max mem: 41183
Test:  [7500/7958]  eta: 0:01:36  loss: 1.6398 (2.2122)  acc1: 56.2500 (50.9740)  acc5: 81.2500 (76.6181)  time: 0.2118  data: 0.0003  max mem: 41183
Test:  [7600/7958]  eta: 0:01:15  loss: 2.2250 (2.2135)  acc1: 37.5000 (50.9489)  acc5: 75.0000 (76.5878)  time: 0.2116  data: 0.0003  max mem: 41183
Test:  [7700/7958]  eta: 0:00:54  loss: 2.3223 (2.2140)  acc1: 43.7500 (50.8830)  acc5: 81.2500 (76.5956)  time: 0.2118  data: 0.0003  max mem: 41183
Test:  [7800/7958]  eta: 0:00:33  loss: 1.3012 (2.2126)  acc1: 75.0000 (50.8629)  acc5: 93.7500 (76.6520)  time: 0.2116  data: 0.0003  max mem: 41183
Test:  [7900/7958]  eta: 0:00:12  loss: 1.6417 (2.2096)  acc1: 50.0000 (50.9516)  acc5: 81.2500 (76.6897)  time: 0.2116  data: 0.0003  max mem: 41183
Test: Total time: 0:28:04
 * Acc@1 = 50.996638602663985, Acc@5 = 76.68148404121638, loss = 2.2096074516059923
Namespace(model='QKFormer_10_768', dataset='es-imagenet', num_classes=1000, data_path='/model/es-imagenet', device='cuda', batch_size=16, workers=4, print_freq=3072, output_dir='./logs4', resume='', sync_bn=False, test_only=False, amp=True, world_size=1, dist_url='env://', tb=True, T=8, opt='adamw', opt_eps=1e-08, opt_betas=None, weight_decay=0.01, momentum=0.9, connect_f='ADD', T_train=None, sched='cosine', lr=0.0005, lr_noise=None, lr_noise_pct=0.67, lr_noise_std=1.0, lr_cycle_mul=1.0, lr_cycle_limit=1, warmup_lr=1e-05, min_lr=1e-06, epochs=100, epoch_repeats=0.0, start_epoch=0, decay_epochs=20, warmup_epochs=20, cooldown_epochs=10, patience_epochs=10, decay_rate=0.1, smoothing=0.1, mixup=0.5, cutmix=0.0, cutmix_minmax=None, mixup_prob=0.5, mixup_switch_prob=0.5, mixup_mode='batch', mixup_off_epoch=0, grad_clip=5.0, distributed=False)
Training time 7 days, 6:46:04 max_test_acc1 50.996638602663985 test_acc5_at_max_test_acc1 76.68148404121638
./logs4/QKFormer_10_768_b16_T8_wd0.01_adamw_cnf_ADD/lr0.0005
Epoch: [21]  [    0/71874]  eta: 20:57:30  lr: 0.0004476436755877347  img/s: 42.568072326986176  loss: 4.2465 (4.2465)  acc1: 43.7500 (43.7500)  acc5: 68.7500 (68.7500)  time: 1.0498  data: 0.6739  max mem: 41183
Epoch: [21]  [ 3072/71874]  eta: 7:06:53  lr: 0.0004476436755877347  img/s: 43.29193553901662  loss: 3.4775 (3.5437)  acc1: 50.0000 (45.1574)  acc5: 75.0000 (70.2795)  time: 0.3709  data: 0.0002  max mem: 41183
Epoch: [21]  [ 6144/71874]  eta: 6:47:40  lr: 0.0004476436755877347  img/s: 42.973793290698204  loss: 3.2469 (3.5605)  acc1: 43.7500 (44.7040)  acc5: 68.7500 (69.8149)  time: 0.3710  data: 0.0002  max mem: 41183
Epoch: [21]  [ 9216/71874]  eta: 6:28:32  lr: 0.0004476436755877347  img/s: 42.93406556848454  loss: 3.2585 (3.5571)  acc1: 43.7500 (44.7638)  acc5: 68.7500 (69.8411)  time: 0.3707  data: 0.0002  max mem: 41183
Epoch: [21]  [12288/71874]  eta: 6:09:30  lr: 0.0004476436755877347  img/s: 43.291125652829095  loss: 3.0489 (3.5568)  acc1: 43.7500 (44.7743)  acc5: 75.0000 (69.8765)  time: 0.3711  data: 0.0002  max mem: 41183
Epoch: [21]  [15360/71874]  eta: 5:50:41  lr: 0.0004476436755877347  img/s: 42.94777638619478  loss: 3.0268 (3.5611)  acc1: 43.7500 (44.7338)  acc5: 75.0000 (69.8091)  time: 0.3723  data: 0.0002  max mem: 41183
Epoch: [21]  [18432/71874]  eta: 5:31:43  lr: 0.0004476436755877347  img/s: 43.310906711206684  loss: 3.4328 (3.5634)  acc1: 43.7500 (44.7092)  acc5: 68.7500 (69.7194)  time: 0.3723  data: 0.0002  max mem: 41183
Epoch: [21]  [21504/71874]  eta: 5:12:37  lr: 0.0004476436755877347  img/s: 42.9243441629963  loss: 3.3224 (3.5619)  acc1: 43.7500 (44.7161)  acc5: 68.7500 (69.7907)  time: 0.3711  data: 0.0002  max mem: 41183
Epoch: [21]  [24576/71874]  eta: 4:53:38  lr: 0.0004476436755877347  img/s: 42.853133421029106  loss: 3.7644 (3.5656)  acc1: 43.7500 (44.6805)  acc5: 62.5000 (69.7512)  time: 0.3729  data: 0.0002  max mem: 41183
Epoch: [21]  [27648/71874]  eta: 4:34:39  lr: 0.0004476436755877347  img/s: 42.66373718031853  loss: 3.2069 (3.5674)  acc1: 50.0000 (44.6727)  acc5: 68.7500 (69.7351)  time: 0.3776  data: 0.0002  max mem: 41183
Epoch: [21]  [30720/71874]  eta: 4:15:36  lr: 0.0004476436755877347  img/s: 42.82898430853729  loss: 3.3000 (3.5718)  acc1: 50.0000 (44.5994)  acc5: 68.7500 (69.6403)  time: 0.3717  data: 0.0002  max mem: 41183
Epoch: [21]  [33792/71874]  eta: 3:56:33  lr: 0.0004476436755877347  img/s: 43.20191685598538  loss: 3.4971 (3.5749)  acc1: 37.5000 (44.5331)  acc5: 68.7500 (69.5884)  time: 0.3728  data: 0.0002  max mem: 41183
Epoch: [21]  [36864/71874]  eta: 3:37:30  lr: 0.0004476436755877347  img/s: 43.329251064687  loss: 3.7198 (3.5777)  acc1: 37.5000 (44.4600)  acc5: 75.0000 (69.5143)  time: 0.3722  data: 0.0002  max mem: 41183
Epoch: [21]  [39936/71874]  eta: 3:18:26  lr: 0.0004476436755877347  img/s: 43.04129237660454  loss: 3.2488 (3.5818)  acc1: 43.7500 (44.3747)  acc5: 68.7500 (69.4273)  time: 0.3713  data: 0.0002  max mem: 41183
Epoch: [21]  [43008/71874]  eta: 2:59:22  lr: 0.0004476436755877347  img/s: 43.19468704723175  loss: 3.2475 (3.5829)  acc1: 43.7500 (44.3535)  acc5: 68.7500 (69.3840)  time: 0.3734  data: 0.0002  max mem: 41183
Epoch: [21]  [46080/71874]  eta: 2:40:16  lr: 0.0004476436755877347  img/s: 42.6972060882882  loss: 4.1042 (3.5844)  acc1: 31.2500 (44.3020)  acc5: 56.2500 (69.3316)  time: 0.3716  data: 0.0002  max mem: 41183
Epoch: [21]  [49152/71874]  eta: 2:21:10  lr: 0.0004476436755877347  img/s: 43.1566314492475  loss: 3.2279 (3.5851)  acc1: 43.7500 (44.2959)  acc5: 68.7500 (69.3039)  time: 0.3720  data: 0.0002  max mem: 41183
Epoch: [21]  [52224/71874]  eta: 2:02:04  lr: 0.0004476436755877347  img/s: 43.163126707242796  loss: 2.9544 (3.5851)  acc1: 43.7500 (44.2758)  acc5: 68.7500 (69.2741)  time: 0.3714  data: 0.0002  max mem: 41183
Epoch: [21]  [55296/71874]  eta: 1:42:59  lr: 0.0004476436755877347  img/s: 43.289673518992046  loss: 3.4196 (3.5862)  acc1: 37.5000 (44.2457)  acc5: 68.7500 (69.2478)  time: 0.3718  data: 0.0002  max mem: 41183
Epoch: [21]  [58368/71874]  eta: 1:23:54  lr: 0.0004476436755877347  img/s: 42.854392218517035  loss: 3.5449 (3.5878)  acc1: 37.5000 (44.2143)  acc5: 68.7500 (69.2035)  time: 0.3710  data: 0.0002  max mem: 41183
Epoch: [21]  [61440/71874]  eta: 1:04:49  lr: 0.0004476436755877347  img/s: 42.93587852094879  loss: 4.1937 (3.5883)  acc1: 43.7500 (44.2038)  acc5: 68.7500 (69.1810)  time: 0.3768  data: 0.0002  max mem: 41183
Epoch: [21]  [64512/71874]  eta: 0:45:44  lr: 0.0004476436755877347  img/s: 42.32942831281794  loss: 3.7308 (3.5895)  acc1: 43.7500 (44.1817)  acc5: 62.5000 (69.1561)  time: 0.3718  data: 0.0002  max mem: 41183
Epoch: [21]  [67584/71874]  eta: 0:26:39  lr: 0.0004476436755877347  img/s: 43.163709710616224  loss: 3.6596 (3.5910)  acc1: 43.7500 (44.1424)  acc5: 62.5000 (69.1341)  time: 0.3729  data: 0.0002  max mem: 41183
Epoch: [21]  [70656/71874]  eta: 0:07:34  lr: 0.0004476436755877347  img/s: 42.60869432712552  loss: 3.3437 (3.5923)  acc1: 50.0000 (44.1043)  acc5: 68.7500 (69.0905)  time: 0.3722  data: 0.0002  max mem: 41183
Epoch: [21] Total time: 7:26:33
Test:  [   0/7958]  eta: 1:42:36  loss: 0.6507 (0.6507)  acc1: 93.7500 (93.7500)  acc5: 100.0000 (100.0000)  time: 0.7736  data: 0.5642  max mem: 41183
Test:  [ 100/7958]  eta: 0:28:27  loss: 1.0368 (1.5955)  acc1: 75.0000 (68.1931)  acc5: 93.7500 (86.4480)  time: 0.2114  data: 0.0003  max mem: 41183
Test:  [ 200/7958]  eta: 0:27:43  loss: 2.9481 (1.9216)  acc1: 25.0000 (59.0796)  acc5: 68.7500 (81.5609)  time: 0.2113  data: 0.0003  max mem: 41183
Test:  [ 300/7958]  eta: 0:27:14  loss: 1.9631 (2.0433)  acc1: 56.2500 (56.1877)  acc5: 81.2500 (79.6304)  time: 0.2116  data: 0.0005  max mem: 41183
Test:  [ 400/7958]  eta: 0:26:50  loss: 1.0634 (1.9319)  acc1: 62.5000 (58.0424)  acc5: 100.0000 (81.5929)  time: 0.2114  data: 0.0004  max mem: 41183
Test:  [ 500/7958]  eta: 0:26:26  loss: 1.7269 (1.8863)  acc1: 56.2500 (59.2315)  acc5: 87.5000 (82.2979)  time: 0.2118  data: 0.0003  max mem: 41183
Test:  [ 600/7958]  eta: 0:26:03  loss: 2.4098 (2.0074)  acc1: 31.2500 (56.0316)  acc5: 81.2500 (80.3245)  time: 0.2120  data: 0.0003  max mem: 41183
Test:  [ 700/7958]  eta: 0:25:41  loss: 2.2984 (2.0963)  acc1: 50.0000 (53.6912)  acc5: 68.7500 (78.9943)  time: 0.2120  data: 0.0004  max mem: 41183
Test:  [ 800/7958]  eta: 0:25:19  loss: 2.2044 (2.1450)  acc1: 37.5000 (52.5671)  acc5: 75.0000 (78.0041)  time: 0.2116  data: 0.0004  max mem: 41183
Test:  [ 900/7958]  eta: 0:24:58  loss: 2.4795 (2.1917)  acc1: 43.7500 (51.5816)  acc5: 75.0000 (77.2267)  time: 0.2114  data: 0.0004  max mem: 41183
Test:  [1000/7958]  eta: 0:24:36  loss: 2.7246 (2.2552)  acc1: 37.5000 (50.2060)  acc5: 68.7500 (76.3174)  time: 0.2115  data: 0.0003  max mem: 41183
Test:  [1100/7958]  eta: 0:24:14  loss: 1.6221 (2.2633)  acc1: 68.7500 (50.1533)  acc5: 87.5000 (76.3624)  time: 0.2114  data: 0.0003  max mem: 41183
Test:  [1200/7958]  eta: 0:23:53  loss: 2.3982 (2.2603)  acc1: 37.5000 (49.9323)  acc5: 81.2500 (76.5456)  time: 0.2116  data: 0.0003  max mem: 41183
Test:  [1300/7958]  eta: 0:23:31  loss: 2.2534 (2.2553)  acc1: 43.7500 (49.5388)  acc5: 75.0000 (76.7679)  time: 0.2119  data: 0.0003  max mem: 41183
Test:  [1400/7958]  eta: 0:23:10  loss: 2.5741 (2.2604)  acc1: 25.0000 (49.2773)  acc5: 81.2500 (76.8067)  time: 0.2121  data: 0.0004  max mem: 41183
Test:  [1500/7958]  eta: 0:22:49  loss: 2.0792 (2.2870)  acc1: 43.7500 (48.5426)  acc5: 75.0000 (76.4740)  time: 0.2119  data: 0.0003  max mem: 41183
Test:  [1600/7958]  eta: 0:22:27  loss: 1.6034 (2.2675)  acc1: 62.5000 (48.7586)  acc5: 87.5000 (76.8894)  time: 0.2118  data: 0.0003  max mem: 41183
Test:  [1700/7958]  eta: 0:22:06  loss: 0.7234 (2.2343)  acc1: 87.5000 (49.3790)  acc5: 100.0000 (77.5059)  time: 0.2115  data: 0.0003  max mem: 41183
Test:  [1800/7958]  eta: 0:21:45  loss: 1.7700 (2.2109)  acc1: 62.5000 (50.1215)  acc5: 81.2500 (77.8491)  time: 0.2111  data: 0.0004  max mem: 41183
Test:  [1900/7958]  eta: 0:21:23  loss: 2.8506 (2.2199)  acc1: 37.5000 (50.0493)  acc5: 68.7500 (77.7124)  time: 0.2113  data: 0.0003  max mem: 41183
Test:  [2000/7958]  eta: 0:21:02  loss: 0.6307 (2.1875)  acc1: 87.5000 (50.9526)  acc5: 100.0000 (78.0735)  time: 0.2114  data: 0.0003  max mem: 41183
Test:  [2100/7958]  eta: 0:20:41  loss: 1.6020 (2.1649)  acc1: 62.5000 (51.5588)  acc5: 87.5000 (78.4091)  time: 0.2114  data: 0.0003  max mem: 41183
Test:  [2200/7958]  eta: 0:20:20  loss: 2.2122 (2.1702)  acc1: 50.0000 (51.4141)  acc5: 81.2500 (78.4189)  time: 0.2121  data: 0.0003  max mem: 41183
Test:  [2300/7958]  eta: 0:19:58  loss: 3.1913 (2.1727)  acc1: 31.2500 (51.2848)  acc5: 56.2500 (78.4550)  time: 0.2120  data: 0.0004  max mem: 41183
Test:  [2400/7958]  eta: 0:19:37  loss: 2.1424 (2.1755)  acc1: 50.0000 (51.2599)  acc5: 81.2500 (78.4074)  time: 0.2120  data: 0.0004  max mem: 41183
Test:  [2500/7958]  eta: 0:19:16  loss: 3.2128 (2.1929)  acc1: 18.7500 (50.8622)  acc5: 62.5000 (78.1487)  time: 0.2118  data: 0.0004  max mem: 41183
Test:  [2600/7958]  eta: 0:18:55  loss: 2.8513 (2.1866)  acc1: 31.2500 (51.0164)  acc5: 75.0000 (78.2824)  time: 0.2113  data: 0.0003  max mem: 41183
Test:  [2700/7958]  eta: 0:18:33  loss: 1.8342 (2.1664)  acc1: 68.7500 (51.5064)  acc5: 87.5000 (78.5658)  time: 0.2113  data: 0.0003  max mem: 41183
Test:  [2800/7958]  eta: 0:18:12  loss: 2.2020 (2.1545)  acc1: 50.0000 (51.7628)  acc5: 75.0000 (78.7375)  time: 0.2114  data: 0.0004  max mem: 41183
Test:  [2900/7958]  eta: 0:17:51  loss: 1.5577 (2.1610)  acc1: 62.5000 (51.7171)  acc5: 87.5000 (78.5483)  time: 0.2114  data: 0.0004  max mem: 41183
Test:  [3000/7958]  eta: 0:17:30  loss: 1.4007 (2.1614)  acc1: 56.2500 (51.7765)  acc5: 93.7500 (78.5217)  time: 0.2116  data: 0.0003  max mem: 41183
Test:  [3100/7958]  eta: 0:17:09  loss: 1.9734 (2.1603)  acc1: 56.2500 (51.8865)  acc5: 75.0000 (78.5513)  time: 0.2120  data: 0.0003  max mem: 41183
Test:  [3200/7958]  eta: 0:16:47  loss: 2.4426 (2.1632)  acc1: 43.7500 (51.8666)  acc5: 68.7500 (78.5145)  time: 0.2119  data: 0.0003  max mem: 41183
Test:  [3300/7958]  eta: 0:16:26  loss: 2.3375 (2.1746)  acc1: 43.7500 (51.6434)  acc5: 68.7500 (78.2945)  time: 0.2120  data: 0.0004  max mem: 41183
Test:  [3400/7958]  eta: 0:16:05  loss: 1.9469 (2.1744)  acc1: 56.2500 (51.7238)  acc5: 81.2500 (78.2876)  time: 0.2111  data: 0.0003  max mem: 41183
Test:  [3500/7958]  eta: 0:15:44  loss: 1.2172 (2.1708)  acc1: 68.7500 (51.8263)  acc5: 87.5000 (78.3723)  time: 0.2115  data: 0.0003  max mem: 41183
Test:  [3600/7958]  eta: 0:15:22  loss: 2.3771 (2.1838)  acc1: 43.7500 (51.5482)  acc5: 75.0000 (78.1623)  time: 0.2111  data: 0.0003  max mem: 41183
Test:  [3700/7958]  eta: 0:15:01  loss: 2.0844 (2.1790)  acc1: 50.0000 (51.7039)  acc5: 81.2500 (78.2305)  time: 0.2116  data: 0.0003  max mem: 41183
Test:  [3800/7958]  eta: 0:14:40  loss: 1.9491 (2.1828)  acc1: 50.0000 (51.6180)  acc5: 87.5000 (78.1998)  time: 0.2114  data: 0.0003  max mem: 41183
Test:  [3900/7958]  eta: 0:14:19  loss: 2.2264 (2.1759)  acc1: 56.2500 (51.8281)  acc5: 81.2500 (78.3373)  time: 0.2119  data: 0.0003  max mem: 41183
Test:  [4000/7958]  eta: 0:13:58  loss: 2.1875 (2.1792)  acc1: 50.0000 (51.7496)  acc5: 81.2500 (78.2820)  time: 0.2118  data: 0.0003  max mem: 41183
Test:  [4100/7958]  eta: 0:13:37  loss: 1.4629 (2.1751)  acc1: 68.7500 (51.9096)  acc5: 93.7500 (78.3208)  time: 0.2120  data: 0.0003  max mem: 41183
Test:  [4200/7958]  eta: 0:13:15  loss: 1.7095 (2.1736)  acc1: 68.7500 (51.9965)  acc5: 75.0000 (78.3206)  time: 0.2118  data: 0.0003  max mem: 41183
Test:  [4300/7958]  eta: 0:12:54  loss: 2.7408 (2.1760)  acc1: 31.2500 (51.9966)  acc5: 68.7500 (78.2522)  time: 0.2112  data: 0.0003  max mem: 41183
Test:  [4400/7958]  eta: 0:12:33  loss: 2.0787 (2.1889)  acc1: 50.0000 (51.8021)  acc5: 81.2500 (78.0178)  time: 0.2114  data: 0.0003  max mem: 41183
Test:  [4500/7958]  eta: 0:12:12  loss: 1.8959 (2.1926)  acc1: 56.2500 (51.6441)  acc5: 75.0000 (77.9827)  time: 0.2112  data: 0.0003  max mem: 41183
Test:  [4600/7958]  eta: 0:11:51  loss: 2.1886 (2.1902)  acc1: 50.0000 (51.7632)  acc5: 75.0000 (77.9695)  time: 0.2114  data: 0.0003  max mem: 41183
Test:  [4700/7958]  eta: 0:11:29  loss: 1.6181 (2.1971)  acc1: 62.5000 (51.6659)  acc5: 87.5000 (77.8292)  time: 0.2114  data: 0.0003  max mem: 41183
Test:  [4800/7958]  eta: 0:11:08  loss: 2.2523 (2.2013)  acc1: 43.7500 (51.5010)  acc5: 81.2500 (77.8145)  time: 0.2121  data: 0.0004  max mem: 41183
Test:  [4900/7958]  eta: 0:10:47  loss: 2.4670 (2.2015)  acc1: 43.7500 (51.5380)  acc5: 68.7500 (77.7941)  time: 0.2120  data: 0.0004  max mem: 41183
Test:  [5000/7958]  eta: 0:10:26  loss: 1.9294 (2.1987)  acc1: 37.5000 (51.5572)  acc5: 87.5000 (77.8744)  time: 0.2120  data: 0.0004  max mem: 41183
Test:  [5100/7958]  eta: 0:10:05  loss: 2.9718 (2.1991)  acc1: 37.5000 (51.4985)  acc5: 68.7500 (77.8965)  time: 0.2116  data: 0.0004  max mem: 41183
Test:  [5200/7958]  eta: 0:09:43  loss: 1.3966 (2.1990)  acc1: 75.0000 (51.5646)  acc5: 87.5000 (77.8576)  time: 0.2116  data: 0.0004  max mem: 41183
Test:  [5300/7958]  eta: 0:09:22  loss: 2.5408 (2.1996)  acc1: 50.0000 (51.6176)  acc5: 68.7500 (77.8521)  time: 0.2114  data: 0.0003  max mem: 41183
Test:  [5400/7958]  eta: 0:09:01  loss: 2.7497 (2.2028)  acc1: 43.7500 (51.5449)  acc5: 68.7500 (77.8004)  time: 0.2112  data: 0.0003  max mem: 41183
Test:  [5500/7958]  eta: 0:08:40  loss: 1.5055 (2.1985)  acc1: 62.5000 (51.6974)  acc5: 87.5000 (77.8222)  time: 0.2113  data: 0.0003  max mem: 41183
Test:  [5600/7958]  eta: 0:08:19  loss: 2.5675 (2.2005)  acc1: 37.5000 (51.7006)  acc5: 81.2500 (77.7986)  time: 0.2114  data: 0.0003  max mem: 41183
Test:  [5700/7958]  eta: 0:07:58  loss: 2.6581 (2.2017)  acc1: 43.7500 (51.6697)  acc5: 68.7500 (77.7846)  time: 0.2119  data: 0.0003  max mem: 41183
Test:  [5800/7958]  eta: 0:07:36  loss: 2.7939 (2.2086)  acc1: 31.2500 (51.5213)  acc5: 75.0000 (77.6741)  time: 0.2119  data: 0.0003  max mem: 41183
Test:  [5900/7958]  eta: 0:07:15  loss: 2.1644 (2.2125)  acc1: 43.7500 (51.4775)  acc5: 68.7500 (77.5960)  time: 0.2118  data: 0.0003  max mem: 41183
Test:  [6000/7958]  eta: 0:06:54  loss: 2.9111 (2.2195)  acc1: 37.5000 (51.4008)  acc5: 62.5000 (77.4756)  time: 0.2113  data: 0.0003  max mem: 41183
Test:  [6100/7958]  eta: 0:06:33  loss: 1.8324 (2.2167)  acc1: 62.5000 (51.5018)  acc5: 87.5000 (77.4832)  time: 0.2115  data: 0.0003  max mem: 41183
Test:  [6200/7958]  eta: 0:06:12  loss: 1.3716 (2.2189)  acc1: 68.7500 (51.5360)  acc5: 87.5000 (77.4341)  time: 0.2112  data: 0.0003  max mem: 41183
Test:  [6300/7958]  eta: 0:05:50  loss: 1.6402 (2.2155)  acc1: 56.2500 (51.6238)  acc5: 81.2500 (77.4629)  time: 0.2113  data: 0.0003  max mem: 41183
Test:  [6400/7958]  eta: 0:05:29  loss: 1.1334 (2.2154)  acc1: 75.0000 (51.6472)  acc5: 93.7500 (77.4537)  time: 0.2114  data: 0.0003  max mem: 41183
Test:  [6500/7958]  eta: 0:05:08  loss: 1.1883 (2.2137)  acc1: 75.0000 (51.7026)  acc5: 87.5000 (77.4823)  time: 0.2119  data: 0.0003  max mem: 41183
Test:  [6600/7958]  eta: 0:04:47  loss: 3.0697 (2.2230)  acc1: 37.5000 (51.5197)  acc5: 62.5000 (77.3121)  time: 0.2119  data: 0.0003  max mem: 41183
Test:  [6700/7958]  eta: 0:04:26  loss: 1.6001 (2.2208)  acc1: 62.5000 (51.5744)  acc5: 87.5000 (77.3429)  time: 0.2115  data: 0.0003  max mem: 41183
Test:  [6800/7958]  eta: 0:04:05  loss: 2.3703 (2.2229)  acc1: 43.7500 (51.5586)  acc5: 75.0000 (77.3103)  time: 0.2115  data: 0.0003  max mem: 41183
Test:  [6900/7958]  eta: 0:03:43  loss: 2.1710 (2.2214)  acc1: 37.5000 (51.5931)  acc5: 81.2500 (77.3384)  time: 0.2116  data: 0.0003  max mem: 41183
Test:  [7000/7958]  eta: 0:03:22  loss: 1.3989 (2.2184)  acc1: 62.5000 (51.6757)  acc5: 87.5000 (77.3675)  time: 0.2114  data: 0.0004  max mem: 41183
Test:  [7100/7958]  eta: 0:03:01  loss: 0.8165 (2.2229)  acc1: 87.5000 (51.5755)  acc5: 93.7500 (77.2787)  time: 0.2113  data: 0.0003  max mem: 41183
Test:  [7200/7958]  eta: 0:02:40  loss: 2.8195 (2.2273)  acc1: 37.5000 (51.4816)  acc5: 62.5000 (77.2002)  time: 0.2115  data: 0.0004  max mem: 41183
Test:  [7300/7958]  eta: 0:02:19  loss: 2.1037 (2.2205)  acc1: 50.0000 (51.6505)  acc5: 87.5000 (77.3036)  time: 0.2116  data: 0.0004  max mem: 41183
Test:  [7400/7958]  eta: 0:01:58  loss: 2.5328 (2.2242)  acc1: 37.5000 (51.5530)  acc5: 75.0000 (77.2413)  time: 0.2118  data: 0.0003  max mem: 41183
Test:  [7500/7958]  eta: 0:01:36  loss: 2.5248 (2.2277)  acc1: 37.5000 (51.4940)  acc5: 75.0000 (77.1689)  time: 0.2121  data: 0.0003  max mem: 41183
Test:  [7600/7958]  eta: 0:01:15  loss: 1.7088 (2.2264)  acc1: 62.5000 (51.5343)  acc5: 81.2500 (77.1576)  time: 0.2118  data: 0.0003  max mem: 41183
Test:  [7700/7958]  eta: 0:00:54  loss: 2.6395 (2.2314)  acc1: 37.5000 (51.3894)  acc5: 68.7500 (77.0793)  time: 0.2115  data: 0.0004  max mem: 41183
Test:  [7800/7958]  eta: 0:00:33  loss: 1.7554 (2.2321)  acc1: 68.7500 (51.3284)  acc5: 81.2500 (77.0895)  time: 0.2110  data: 0.0003  max mem: 41183
Test:  [7900/7958]  eta: 0:00:12  loss: 1.4376 (2.2278)  acc1: 68.7500 (51.4666)  acc5: 87.5000 (77.1295)  time: 0.2116  data: 0.0003  max mem: 41183
Test: Total time: 0:28:04
 * Acc@1 = 51.46864790148278, Acc@5 = 77.11265393314903, loss = 2.228626254456341
Namespace(model='QKFormer_10_768', dataset='es-imagenet', num_classes=1000, data_path='/model/es-imagenet', device='cuda', batch_size=16, workers=4, print_freq=3072, output_dir='./logs4', resume='', sync_bn=False, test_only=False, amp=True, world_size=1, dist_url='env://', tb=True, T=8, opt='adamw', opt_eps=1e-08, opt_betas=None, weight_decay=0.01, momentum=0.9, connect_f='ADD', T_train=None, sched='cosine', lr=0.0005, lr_noise=None, lr_noise_pct=0.67, lr_noise_std=1.0, lr_cycle_mul=1.0, lr_cycle_limit=1, warmup_lr=1e-05, min_lr=1e-06, epochs=100, epoch_repeats=0.0, start_epoch=0, decay_epochs=20, warmup_epochs=20, cooldown_epochs=10, patience_epochs=10, decay_rate=0.1, smoothing=0.1, mixup=0.5, cutmix=0.0, cutmix_minmax=None, mixup_prob=0.5, mixup_switch_prob=0.5, mixup_mode='batch', mixup_off_epoch=0, grad_clip=5.0, distributed=False)
Training time 7 days, 14:40:47 max_test_acc1 51.46864790148278 test_acc5_at_max_test_acc1 77.11265393314903
./logs4/QKFormer_10_768_b16_T8_wd0.01_adamw_cnf_ADD/lr0.0005
Epoch: [22]  [    0/71874]  eta: 19:01:57  lr: 0.0004427430540725594  img/s: 42.847579176145416  loss: 3.6440 (3.6440)  acc1: 37.5000 (37.5000)  acc5: 56.2500 (56.2500)  time: 0.9533  data: 0.5799  max mem: 41183
Epoch: [22]  [ 3072/71874]  eta: 7:08:19  lr: 0.0004427430540725594  img/s: 42.84027603112691  loss: 3.4821 (3.5312)  acc1: 43.7500 (45.4422)  acc5: 68.7500 (70.5194)  time: 0.3733  data: 0.0002  max mem: 41183
Epoch: [22]  [ 6144/71874]  eta: 6:49:06  lr: 0.0004427430540725594  img/s: 43.08794043734583  loss: 3.2923 (3.5360)  acc1: 50.0000 (45.2878)  acc5: 75.0000 (70.3173)  time: 0.3716  data: 0.0002  max mem: 41183
Epoch: [22]  [ 9216/71874]  eta: 6:30:09  lr: 0.0004427430540725594  img/s: 43.061315448885395  loss: 2.9755 (3.5306)  acc1: 43.7500 (45.2906)  acc5: 75.0000 (70.3462)  time: 0.3737  data: 0.0002  max mem: 41183
Epoch: [22]  [12288/71874]  eta: 6:11:05  lr: 0.0004427430540725594  img/s: 43.18215184725704  loss: 3.1969 (3.5322)  acc1: 43.7500 (45.3083)  acc5: 68.7500 (70.3053)  time: 0.3722  data: 0.0002  max mem: 41183
Epoch: [22]  [15360/71874]  eta: 5:52:01  lr: 0.0004427430540725594  img/s: 42.73407442642973  loss: 3.7003 (3.5364)  acc1: 50.0000 (45.3161)  acc5: 68.7500 (70.2575)  time: 0.3815  data: 0.0002  max mem: 41183
Epoch: [22]  [18432/71874]  eta: 5:32:54  lr: 0.0004427430540725594  img/s: 42.89156004312876  loss: 3.1918 (3.5404)  acc1: 43.7500 (45.2602)  acc5: 75.0000 (70.2137)  time: 0.3730  data: 0.0002  max mem: 41183
Epoch: [22]  [21504/71874]  eta: 5:13:44  lr: 0.0004427430540725594  img/s: 42.74414543064293  loss: 3.1525 (3.5407)  acc1: 43.7500 (45.2776)  acc5: 68.7500 (70.1912)  time: 0.3732  data: 0.0002  max mem: 41183
Epoch: [22]  [24576/71874]  eta: 4:54:34  lr: 0.0004427430540725594  img/s: 43.04714547243615  loss: 3.5091 (3.5466)  acc1: 43.7500 (45.1721)  acc5: 68.7500 (70.0782)  time: 0.3718  data: 0.0002  max mem: 41183
Epoch: [22]  [27648/71874]  eta: 4:35:25  lr: 0.0004427430540725594  img/s: 43.22737947853152  loss: 3.2775 (3.5505)  acc1: 43.7500 (45.0819)  acc5: 68.7500 (70.0025)  time: 0.3722  data: 0.0002  max mem: 41183
Epoch: [22]  [30720/71874]  eta: 4:16:17  lr: 0.0004427430540725594  img/s: 43.13033731695325  loss: 3.0294 (3.5516)  acc1: 50.0000 (45.0217)  acc5: 75.0000 (69.9279)  time: 0.3720  data: 0.0002  max mem: 41183
Epoch: [22]  [33792/71874]  eta: 3:57:07  lr: 0.0004427430540725594  img/s: 43.201082523768726  loss: 3.4873 (3.5551)  acc1: 43.7500 (44.9511)  acc5: 68.7500 (69.8529)  time: 0.3709  data: 0.0002  max mem: 41183
Epoch: [22]  [36864/71874]  eta: 3:37:59  lr: 0.0004427430540725594  img/s: 42.989980365590775  loss: 3.1301 (3.5553)  acc1: 43.7500 (44.9078)  acc5: 75.0000 (69.8408)  time: 0.3786  data: 0.0002  max mem: 41183
Epoch: [22]  [39936/71874]  eta: 3:18:52  lr: 0.0004427430540725594  img/s: 42.94906823711922  loss: 3.4376 (3.5555)  acc1: 43.7500 (44.8829)  acc5: 75.0000 (69.8292)  time: 0.3732  data: 0.0002  max mem: 41183
Epoch: [22]  [43008/71874]  eta: 2:59:44  lr: 0.0004427430540725594  img/s: 42.916438470048796  loss: 3.0932 (3.5576)  acc1: 50.0000 (44.8514)  acc5: 75.0000 (69.7710)  time: 0.3736  data: 0.0002  max mem: 41183
Epoch: [22]  [46080/71874]  eta: 2:40:36  lr: 0.0004427430540725594  img/s: 43.1506375613015  loss: 3.4910 (3.5569)  acc1: 37.5000 (44.8471)  acc5: 68.7500 (69.7765)  time: 0.3726  data: 0.0002  max mem: 41183
Epoch: [22]  [49152/71874]  eta: 2:21:28  lr: 0.0004427430540725594  img/s: 42.94711674761118  loss: 3.4523 (3.5590)  acc1: 37.5000 (44.8054)  acc5: 75.0000 (69.7316)  time: 0.3758  data: 0.0002  max mem: 41183
Epoch: [22]  [52224/71874]  eta: 2:02:20  lr: 0.0004427430540725594  img/s: 43.0476425067225  loss: 3.7267 (3.5606)  acc1: 43.7500 (44.7632)  acc5: 62.5000 (69.6896)  time: 0.3727  data: 0.0002  max mem: 41183
Epoch: [22]  [55296/71874]  eta: 1:43:13  lr: 0.0004427430540725594  img/s: 43.04399785513984  loss: 3.3523 (3.5622)  acc1: 43.7500 (44.7410)  acc5: 75.0000 (69.6510)  time: 0.3727  data: 0.0002  max mem: 41183
Epoch: [22]  [58368/71874]  eta: 1:24:05  lr: 0.0004427430540725594  img/s: 43.235372300159455  loss: 3.4322 (3.5636)  acc1: 43.7500 (44.7000)  acc5: 68.7500 (69.6157)  time: 0.3715  data: 0.0002  max mem: 41183
Epoch: [22]  [61440/71874]  eta: 1:04:57  lr: 0.0004427430540725594  img/s: 43.10094693953049  loss: 3.2979 (3.5652)  acc1: 43.7500 (44.6570)  acc5: 68.7500 (69.5727)  time: 0.3744  data: 0.0002  max mem: 41183
Epoch: [22]  [64512/71874]  eta: 0:45:50  lr: 0.0004427430540725594  img/s: 43.19752306835701  loss: 3.5519 (3.5672)  acc1: 37.5000 (44.6293)  acc5: 62.5000 (69.5461)  time: 0.3778  data: 0.0002  max mem: 41183
Epoch: [22]  [67584/71874]  eta: 0:26:42  lr: 0.0004427430540725594  img/s: 42.80570880016329  loss: 3.1404 (3.5671)  acc1: 50.0000 (44.6123)  acc5: 75.0000 (69.5468)  time: 0.3723  data: 0.0002  max mem: 41183
Epoch: [22]  [70656/71874]  eta: 0:07:35  lr: 0.0004427430540725594  img/s: 43.19718939948389  loss: 3.1473 (3.5684)  acc1: 43.7500 (44.5930)  acc5: 75.0000 (69.5136)  time: 0.3715  data: 0.0002  max mem: 41183
Epoch: [22] Total time: 7:27:30
Test:  [   0/7958]  eta: 1:43:45  loss: 0.3609 (0.3609)  acc1: 93.7500 (93.7500)  acc5: 100.0000 (100.0000)  time: 0.7823  data: 0.5729  max mem: 41183
Test:  [ 100/7958]  eta: 0:28:28  loss: 1.1706 (1.5425)  acc1: 75.0000 (66.7079)  acc5: 93.7500 (85.4579)  time: 0.2114  data: 0.0003  max mem: 41183
Test:  [ 200/7958]  eta: 0:27:43  loss: 1.3783 (1.7392)  acc1: 68.7500 (62.4689)  acc5: 81.2500 (82.6493)  time: 0.2113  data: 0.0003  max mem: 41183
Test:  [ 300/7958]  eta: 0:27:14  loss: 1.7794 (1.8061)  acc1: 50.0000 (60.4444)  acc5: 87.5000 (81.7899)  time: 0.2113  data: 0.0003  max mem: 41183
Test:  [ 400/7958]  eta: 0:26:49  loss: 0.8994 (1.7032)  acc1: 75.0000 (61.8454)  acc5: 93.7500 (83.6970)  time: 0.2115  data: 0.0003  max mem: 41183
Test:  [ 500/7958]  eta: 0:26:26  loss: 1.6285 (1.7220)  acc1: 56.2500 (61.7141)  acc5: 81.2500 (83.0339)  time: 0.2116  data: 0.0003  max mem: 41183
Test:  [ 600/7958]  eta: 0:26:03  loss: 2.0862 (1.8084)  acc1: 37.5000 (59.1930)  acc5: 81.2500 (81.9468)  time: 0.2120  data: 0.0003  max mem: 41183
Test:  [ 700/7958]  eta: 0:25:41  loss: 2.1043 (1.9021)  acc1: 43.7500 (56.6958)  acc5: 75.0000 (80.6883)  time: 0.2119  data: 0.0003  max mem: 41183
Test:  [ 800/7958]  eta: 0:25:19  loss: 1.6616 (1.9234)  acc1: 50.0000 (56.1330)  acc5: 81.2500 (80.4931)  time: 0.2117  data: 0.0003  max mem: 41183
Test:  [ 900/7958]  eta: 0:24:57  loss: 1.7671 (1.9306)  acc1: 50.0000 (55.5078)  acc5: 81.2500 (80.5633)  time: 0.2114  data: 0.0003  max mem: 41183
Test:  [1000/7958]  eta: 0:24:36  loss: 2.5449 (1.9818)  acc1: 31.2500 (53.9523)  acc5: 68.7500 (79.8264)  time: 0.2115  data: 0.0003  max mem: 41183
Test:  [1100/7958]  eta: 0:24:14  loss: 2.2690 (2.0108)  acc1: 37.5000 (53.2357)  acc5: 81.2500 (79.3653)  time: 0.2115  data: 0.0003  max mem: 41183
Test:  [1200/7958]  eta: 0:23:53  loss: 2.3166 (2.0253)  acc1: 37.5000 (52.7113)  acc5: 75.0000 (79.2569)  time: 0.2114  data: 0.0003  max mem: 41183
Test:  [1300/7958]  eta: 0:23:31  loss: 2.1808 (2.0220)  acc1: 43.7500 (52.7239)  acc5: 75.0000 (79.3957)  time: 0.2115  data: 0.0003  max mem: 41183
Test:  [1400/7958]  eta: 0:23:10  loss: 2.2384 (2.0236)  acc1: 31.2500 (52.4982)  acc5: 75.0000 (79.2960)  time: 0.2120  data: 0.0003  max mem: 41183
Test:  [1500/7958]  eta: 0:22:49  loss: 2.2984 (2.0498)  acc1: 43.7500 (51.7697)  acc5: 75.0000 (78.9599)  time: 0.2120  data: 0.0003  max mem: 41183
Test:  [1600/7958]  eta: 0:22:27  loss: 1.3155 (2.0368)  acc1: 56.2500 (51.8426)  acc5: 87.5000 (79.2083)  time: 0.2117  data: 0.0003  max mem: 41183
Test:  [1700/7958]  eta: 0:22:06  loss: 1.2134 (2.0147)  acc1: 68.7500 (52.3883)  acc5: 87.5000 (79.6113)  time: 0.2119  data: 0.0003  max mem: 41183
Test:  [1800/7958]  eta: 0:21:45  loss: 1.1259 (1.9941)  acc1: 75.0000 (52.8456)  acc5: 93.7500 (79.9070)  time: 0.2111  data: 0.0003  max mem: 41183
Test:  [1900/7958]  eta: 0:21:23  loss: 1.8969 (1.9931)  acc1: 50.0000 (52.6696)  acc5: 87.5000 (80.0335)  time: 0.2113  data: 0.0003  max mem: 41183
Test:  [2000/7958]  eta: 0:21:02  loss: 0.2954 (1.9640)  acc1: 87.5000 (53.3546)  acc5: 100.0000 (80.4004)  time: 0.2113  data: 0.0003  max mem: 41183
Test:  [2100/7958]  eta: 0:20:41  loss: 1.1948 (1.9376)  acc1: 75.0000 (54.0635)  acc5: 93.7500 (80.8335)  time: 0.2114  data: 0.0003  max mem: 41183
Test:  [2200/7958]  eta: 0:20:19  loss: 1.4281 (1.9373)  acc1: 56.2500 (54.1004)  acc5: 87.5000 (80.8695)  time: 0.2118  data: 0.0003  max mem: 41183
Test:  [2300/7958]  eta: 0:19:58  loss: 2.6966 (1.9314)  acc1: 37.5000 (54.1449)  acc5: 75.0000 (81.0680)  time: 0.2118  data: 0.0003  max mem: 41183
Test:  [2400/7958]  eta: 0:19:37  loss: 1.3562 (1.9319)  acc1: 62.5000 (54.1181)  acc5: 93.7500 (81.0782)  time: 0.2121  data: 0.0003  max mem: 41183
Test:  [2500/7958]  eta: 0:19:16  loss: 2.5769 (1.9488)  acc1: 25.0000 (53.7060)  acc5: 75.0000 (80.7977)  time: 0.2118  data: 0.0003  max mem: 41183
Test:  [2600/7958]  eta: 0:18:54  loss: 2.0592 (1.9432)  acc1: 50.0000 (53.8230)  acc5: 81.2500 (80.8463)  time: 0.2116  data: 0.0003  max mem: 41183
Test:  [2700/7958]  eta: 0:18:33  loss: 0.9748 (1.9289)  acc1: 75.0000 (54.2947)  acc5: 93.7500 (81.0232)  time: 0.2112  data: 0.0003  max mem: 41183
Test:  [2800/7958]  eta: 0:18:12  loss: 2.4093 (1.9288)  acc1: 50.0000 (54.3600)  acc5: 75.0000 (81.0603)  time: 0.2114  data: 0.0003  max mem: 41183
Test:  [2900/7958]  eta: 0:17:51  loss: 1.5829 (1.9477)  acc1: 62.5000 (54.0805)  acc5: 81.2500 (80.7286)  time: 0.2113  data: 0.0003  max mem: 41183
Test:  [3000/7958]  eta: 0:17:30  loss: 1.4795 (1.9600)  acc1: 56.2500 (53.9174)  acc5: 93.7500 (80.5336)  time: 0.2110  data: 0.0003  max mem: 41183
Test:  [3100/7958]  eta: 0:17:08  loss: 1.8614 (1.9604)  acc1: 56.2500 (53.9786)  acc5: 81.2500 (80.5285)  time: 0.2121  data: 0.0003  max mem: 41183
Test:  [3200/7958]  eta: 0:16:47  loss: 3.1273 (1.9657)  acc1: 37.5000 (53.9558)  acc5: 62.5000 (80.4573)  time: 0.2116  data: 0.0003  max mem: 41183
Test:  [3300/7958]  eta: 0:16:26  loss: 2.5175 (1.9852)  acc1: 37.5000 (53.6542)  acc5: 68.7500 (80.1083)  time: 0.2118  data: 0.0003  max mem: 41183
Test:  [3400/7958]  eta: 0:16:05  loss: 2.4293 (1.9878)  acc1: 37.5000 (53.6974)  acc5: 68.7500 (80.0334)  time: 0.2114  data: 0.0003  max mem: 41183
Test:  [3500/7958]  eta: 0:15:43  loss: 1.9188 (1.9896)  acc1: 50.0000 (53.7168)  acc5: 81.2500 (79.9789)  time: 0.2110  data: 0.0003  max mem: 41183
Test:  [3600/7958]  eta: 0:15:22  loss: 2.1455 (1.9959)  acc1: 56.2500 (53.6240)  acc5: 81.2500 (79.8875)  time: 0.2114  data: 0.0003  max mem: 41183
Test:  [3700/7958]  eta: 0:15:01  loss: 3.5606 (2.0045)  acc1: 18.7500 (53.4855)  acc5: 62.5000 (79.7757)  time: 0.2113  data: 0.0003  max mem: 41183
Test:  [3800/7958]  eta: 0:14:40  loss: 2.3081 (2.0116)  acc1: 43.7500 (53.3906)  acc5: 81.2500 (79.7011)  time: 0.2114  data: 0.0003  max mem: 41183
Test:  [3900/7958]  eta: 0:14:19  loss: 1.8936 (2.0069)  acc1: 62.5000 (53.5231)  acc5: 81.2500 (79.7792)  time: 0.2116  data: 0.0003  max mem: 41183
Test:  [4000/7958]  eta: 0:13:58  loss: 2.9290 (2.0073)  acc1: 31.2500 (53.4679)  acc5: 62.5000 (79.7816)  time: 0.2117  data: 0.0003  max mem: 41183
Test:  [4100/7958]  eta: 0:13:36  loss: 1.1468 (2.0096)  acc1: 75.0000 (53.4519)  acc5: 87.5000 (79.7016)  time: 0.2122  data: 0.0003  max mem: 41183
Test:  [4200/7958]  eta: 0:13:15  loss: 2.3483 (2.0106)  acc1: 43.7500 (53.4471)  acc5: 81.2500 (79.6656)  time: 0.2119  data: 0.0003  max mem: 41183
Test:  [4300/7958]  eta: 0:12:54  loss: 2.0747 (2.0059)  acc1: 50.0000 (53.5965)  acc5: 81.2500 (79.7024)  time: 0.2117  data: 0.0003  max mem: 41183
Test:  [4400/7958]  eta: 0:12:33  loss: 1.3189 (2.0093)  acc1: 56.2500 (53.5844)  acc5: 87.5000 (79.6225)  time: 0.2116  data: 0.0003  max mem: 41183
Test:  [4500/7958]  eta: 0:12:12  loss: 2.6528 (2.0133)  acc1: 50.0000 (53.4964)  acc5: 68.7500 (79.5851)  time: 0.2113  data: 0.0003  max mem: 41183
Test:  [4600/7958]  eta: 0:11:50  loss: 2.2628 (2.0158)  acc1: 50.0000 (53.5264)  acc5: 75.0000 (79.5031)  time: 0.2113  data: 0.0003  max mem: 41183
Test:  [4700/7958]  eta: 0:11:29  loss: 1.7608 (2.0199)  acc1: 56.2500 (53.4394)  acc5: 81.2500 (79.3927)  time: 0.2113  data: 0.0004  max mem: 41183
Test:  [4800/7958]  eta: 0:11:08  loss: 2.4692 (2.0259)  acc1: 50.0000 (53.3483)  acc5: 75.0000 (79.3155)  time: 0.2117  data: 0.0003  max mem: 41183
Test:  [4900/7958]  eta: 0:10:47  loss: 2.1769 (2.0315)  acc1: 43.7500 (53.3118)  acc5: 75.0000 (79.1854)  time: 0.2118  data: 0.0003  max mem: 41183
Test:  [5000/7958]  eta: 0:10:26  loss: 1.8438 (2.0293)  acc1: 43.7500 (53.2981)  acc5: 87.5000 (79.2442)  time: 0.2117  data: 0.0003  max mem: 41183
Test:  [5100/7958]  eta: 0:10:05  loss: 2.7657 (2.0266)  acc1: 37.5000 (53.2726)  acc5: 68.7500 (79.3104)  time: 0.2119  data: 0.0003  max mem: 41183
Test:  [5200/7958]  eta: 0:09:43  loss: 1.1900 (2.0255)  acc1: 81.2500 (53.3383)  acc5: 87.5000 (79.2888)  time: 0.2110  data: 0.0003  max mem: 41183
Test:  [5300/7958]  eta: 0:09:22  loss: 2.7237 (2.0250)  acc1: 37.5000 (53.4133)  acc5: 62.5000 (79.2787)  time: 0.2113  data: 0.0003  max mem: 41183
Test:  [5400/7958]  eta: 0:09:01  loss: 2.1882 (2.0299)  acc1: 50.0000 (53.3697)  acc5: 68.7500 (79.1937)  time: 0.2115  data: 0.0003  max mem: 41183
Test:  [5500/7958]  eta: 0:08:40  loss: 1.9043 (2.0324)  acc1: 50.0000 (53.3448)  acc5: 87.5000 (79.1538)  time: 0.2110  data: 0.0003  max mem: 41183
Test:  [5600/7958]  eta: 0:08:19  loss: 2.0661 (2.0357)  acc1: 50.0000 (53.3465)  acc5: 81.2500 (79.1053)  time: 0.2114  data: 0.0003  max mem: 41183
Test:  [5700/7958]  eta: 0:07:57  loss: 3.3026 (2.0429)  acc1: 31.2500 (53.1957)  acc5: 56.2500 (78.9850)  time: 0.2118  data: 0.0003  max mem: 41183
Test:  [5800/7958]  eta: 0:07:36  loss: 2.0071 (2.0492)  acc1: 50.0000 (53.0620)  acc5: 81.2500 (78.8733)  time: 0.2121  data: 0.0003  max mem: 41183
Test:  [5900/7958]  eta: 0:07:15  loss: 1.7182 (2.0475)  acc1: 56.2500 (53.1499)  acc5: 75.0000 (78.8807)  time: 0.2118  data: 0.0003  max mem: 41183
Test:  [6000/7958]  eta: 0:06:54  loss: 2.2805 (2.0561)  acc1: 50.0000 (53.0328)  acc5: 75.0000 (78.7463)  time: 0.2117  data: 0.0003  max mem: 41183
Test:  [6100/7958]  eta: 0:06:33  loss: 1.6292 (2.0570)  acc1: 50.0000 (53.0384)  acc5: 81.2500 (78.7228)  time: 0.2116  data: 0.0003  max mem: 41183
Test:  [6200/7958]  eta: 0:06:12  loss: 1.8286 (2.0595)  acc1: 56.2500 (53.0681)  acc5: 81.2500 (78.6536)  time: 0.2114  data: 0.0003  max mem: 41183
Test:  [6300/7958]  eta: 0:05:50  loss: 1.2409 (2.0531)  acc1: 68.7500 (53.2485)  acc5: 87.5000 (78.7375)  time: 0.2114  data: 0.0003  max mem: 41183
Test:  [6400/7958]  eta: 0:05:29  loss: 1.1834 (2.0535)  acc1: 68.7500 (53.2407)  acc5: 93.7500 (78.7299)  time: 0.2114  data: 0.0003  max mem: 41183
Test:  [6500/7958]  eta: 0:05:08  loss: 1.5214 (2.0477)  acc1: 68.7500 (53.4024)  acc5: 81.2500 (78.7985)  time: 0.2115  data: 0.0003  max mem: 41183
Test:  [6600/7958]  eta: 0:04:47  loss: 1.7596 (2.0537)  acc1: 50.0000 (53.2921)  acc5: 81.2500 (78.6860)  time: 0.2115  data: 0.0003  max mem: 41183
Test:  [6700/7958]  eta: 0:04:26  loss: 1.5424 (2.0518)  acc1: 68.7500 (53.3092)  acc5: 87.5000 (78.7168)  time: 0.2117  data: 0.0003  max mem: 41183
Test:  [6800/7958]  eta: 0:04:05  loss: 1.9412 (2.0519)  acc1: 56.2500 (53.3423)  acc5: 81.2500 (78.7357)  time: 0.2119  data: 0.0003  max mem: 41183
Test:  [6900/7958]  eta: 0:03:43  loss: 2.3641 (2.0489)  acc1: 31.2500 (53.3917)  acc5: 75.0000 (78.7911)  time: 0.2115  data: 0.0003  max mem: 41183
Test:  [7000/7958]  eta: 0:03:22  loss: 1.1384 (2.0496)  acc1: 75.0000 (53.4031)  acc5: 87.5000 (78.7789)  time: 0.2114  data: 0.0003  max mem: 41183
Test:  [7100/7958]  eta: 0:03:01  loss: 0.8761 (2.0527)  acc1: 81.2500 (53.4106)  acc5: 93.7500 (78.7151)  time: 0.2113  data: 0.0003  max mem: 41183
Test:  [7200/7958]  eta: 0:02:40  loss: 3.0959 (2.0596)  acc1: 31.2500 (53.2600)  acc5: 62.5000 (78.6176)  time: 0.2115  data: 0.0003  max mem: 41183
Test:  [7300/7958]  eta: 0:02:19  loss: 1.6010 (2.0515)  acc1: 50.0000 (53.4430)  acc5: 87.5000 (78.7349)  time: 0.2114  data: 0.0003  max mem: 41183
Test:  [7400/7958]  eta: 0:01:58  loss: 2.5815 (2.0571)  acc1: 31.2500 (53.2833)  acc5: 68.7500 (78.6532)  time: 0.2118  data: 0.0003  max mem: 41183
Test:  [7500/7958]  eta: 0:01:36  loss: 1.8687 (2.0624)  acc1: 50.0000 (53.1979)  acc5: 81.2500 (78.5479)  time: 0.2121  data: 0.0003  max mem: 41183
Test:  [7600/7958]  eta: 0:01:15  loss: 1.5991 (2.0634)  acc1: 62.5000 (53.2068)  acc5: 81.2500 (78.5061)  time: 0.2119  data: 0.0003  max mem: 41183
Test:  [7700/7958]  eta: 0:00:54  loss: 2.2852 (2.0665)  acc1: 37.5000 (53.1230)  acc5: 75.0000 (78.4395)  time: 0.2118  data: 0.0003  max mem: 41183
Test:  [7800/7958]  eta: 0:00:33  loss: 1.6452 (2.0672)  acc1: 56.2500 (53.0597)  acc5: 87.5000 (78.4571)  time: 0.2115  data: 0.0003  max mem: 41183
Test:  [7900/7958]  eta: 0:00:12  loss: 1.4110 (2.0623)  acc1: 56.2500 (53.1879)  acc5: 87.5000 (78.4996)  time: 0.2117  data: 0.0003  max mem: 41183
Test: Total time: 0:28:04
 * Acc@1 = 53.240449861774316, Acc@5 = 78.49883764765016, loss = 2.0618426579542946
Namespace(model='QKFormer_10_768', dataset='es-imagenet', num_classes=1000, data_path='/model/es-imagenet', device='cuda', batch_size=16, workers=4, print_freq=3072, output_dir='./logs4', resume='', sync_bn=False, test_only=False, amp=True, world_size=1, dist_url='env://', tb=True, T=8, opt='adamw', opt_eps=1e-08, opt_betas=None, weight_decay=0.01, momentum=0.9, connect_f='ADD', T_train=None, sched='cosine', lr=0.0005, lr_noise=None, lr_noise_pct=0.67, lr_noise_std=1.0, lr_cycle_mul=1.0, lr_cycle_limit=1, warmup_lr=1e-05, min_lr=1e-06, epochs=100, epoch_repeats=0.0, start_epoch=0, decay_epochs=20, warmup_epochs=20, cooldown_epochs=10, patience_epochs=10, decay_rate=0.1, smoothing=0.1, mixup=0.5, cutmix=0.0, cutmix_minmax=None, mixup_prob=0.5, mixup_switch_prob=0.5, mixup_mode='batch', mixup_off_epoch=0, grad_clip=5.0, distributed=False)
Training time 7 days, 22:36:25 max_test_acc1 53.240449861774316 test_acc5_at_max_test_acc1 78.49883764765016
./logs4/QKFormer_10_768_b16_T8_wd0.01_adamw_cnf_ADD/lr0.0005
Epoch: [23]  [    0/71874]  eta: 20:01:01  lr: 0.00043765271187279966  img/s: 42.94555018718203  loss: 3.9680 (3.9680)  acc1: 25.0000 (25.0000)  acc5: 56.2500 (56.2500)  time: 1.0026  data: 0.6300  max mem: 41183
Epoch: [23]  [ 3072/71874]  eta: 7:08:22  lr: 0.00043765271187279966  img/s: 42.585225195955005  loss: 3.0457 (3.4859)  acc1: 50.0000 (46.2435)  acc5: 75.0000 (71.1601)  time: 0.3730  data: 0.0002  max mem: 41183
Epoch: [23]  [ 6144/71874]  eta: 6:49:10  lr: 0.00043765271187279966  img/s: 43.17567864038381  loss: 3.5581 (3.4812)  acc1: 43.7500 (46.1361)  acc5: 75.0000 (71.0028)  time: 0.3718  data: 0.0002  max mem: 41183
Epoch: [23]  [ 9216/71874]  eta: 6:30:12  lr: 0.00043765271187279966  img/s: 42.99603988941675  loss: 3.2857 (3.4809)  acc1: 43.7500 (46.2264)  acc5: 75.0000 (71.0921)  time: 0.3786  data: 0.0002  max mem: 41183
Epoch: [23]  [12288/71874]  eta: 6:11:03  lr: 0.00043765271187279966  img/s: 43.08370809924507  loss: 3.1165 (3.4853)  acc1: 43.7500 (46.0936)  acc5: 68.7500 (70.9532)  time: 0.3725  data: 0.0002  max mem: 41183
Epoch: [23]  [15360/71874]  eta: 5:51:55  lr: 0.00043765271187279966  img/s: 43.22746301190563  loss: 3.3563 (3.4912)  acc1: 43.7500 (46.0179)  acc5: 68.7500 (70.8788)  time: 0.3776  data: 0.0002  max mem: 41183
Epoch: [23]  [18432/71874]  eta: 5:32:48  lr: 0.00043765271187279966  img/s: 42.60282461952958  loss: 3.1235 (3.4978)  acc1: 50.0000 (45.9187)  acc5: 68.7500 (70.7434)  time: 0.3719  data: 0.0002  max mem: 41183
Epoch: [23]  [21504/71874]  eta: 5:13:39  lr: 0.00043765271187279966  img/s: 42.92371269855991  loss: 2.9874 (3.5024)  acc1: 43.7500 (45.8199)  acc5: 68.7500 (70.6475)  time: 0.3734  data: 0.0002  max mem: 41183
Epoch: [23]  [24576/71874]  eta: 4:54:30  lr: 0.00043765271187279966  img/s: 42.906094098346195  loss: 2.9863 (3.5045)  acc1: 50.0000 (45.7842)  acc5: 75.0000 (70.6171)  time: 0.3730  data: 0.0002  max mem: 41183
Epoch: [23]  [27648/71874]  eta: 4:35:22  lr: 0.00043765271187279966  img/s: 42.719112782021895  loss: 2.9372 (3.5074)  acc1: 50.0000 (45.7101)  acc5: 81.2500 (70.5722)  time: 0.3732  data: 0.0002  max mem: 41183
Epoch: [23]  [30720/71874]  eta: 4:16:15  lr: 0.00043765271187279966  img/s: 42.88774991116826  loss: 3.4065 (3.5097)  acc1: 43.7500 (45.6237)  acc5: 68.7500 (70.5552)  time: 0.3715  data: 0.0002  max mem: 41183
Epoch: [23]  [33792/71874]  eta: 3:57:07  lr: 0.00043765271187279966  img/s: 42.891532629689806  loss: 3.2479 (3.5129)  acc1: 50.0000 (45.5686)  acc5: 68.7500 (70.4895)  time: 0.3727  data: 0.0002  max mem: 41183
Epoch: [23]  [36864/71874]  eta: 3:37:58  lr: 0.00043765271187279966  img/s: 43.19204598991332  loss: 2.9821 (3.5134)  acc1: 43.7500 (45.5374)  acc5: 75.0000 (70.4591)  time: 0.3783  data: 0.0002  max mem: 41183
Epoch: [23]  [39936/71874]  eta: 3:18:51  lr: 0.00043765271187279966  img/s: 43.04582010378381  loss: 3.1157 (3.5149)  acc1: 43.7500 (45.5134)  acc5: 75.0000 (70.4197)  time: 0.3723  data: 0.0002  max mem: 41183
Epoch: [23]  [43008/71874]  eta: 2:59:42  lr: 0.00043765271187279966  img/s: 43.005793800678134  loss: 3.4814 (3.5166)  acc1: 43.7500 (45.4826)  acc5: 68.7500 (70.3858)  time: 0.3765  data: 0.0002  max mem: 41183
Epoch: [23]  [46080/71874]  eta: 2:40:34  lr: 0.00043765271187279966  img/s: 42.99212854678252  loss: 3.5112 (3.5178)  acc1: 43.7500 (45.4457)  acc5: 68.7500 (70.3350)  time: 0.3722  data: 0.0002  max mem: 41183
Epoch: [23]  [49152/71874]  eta: 2:21:26  lr: 0.00043765271187279966  img/s: 42.72142435168775  loss: 3.4428 (3.5199)  acc1: 43.7500 (45.4296)  acc5: 68.7500 (70.2731)  time: 0.3727  data: 0.0002  max mem: 41183
Epoch: [23]  [52224/71874]  eta: 2:02:18  lr: 0.00043765271187279966  img/s: 43.30296976548506  loss: 3.7230 (3.5219)  acc1: 37.5000 (45.3988)  acc5: 62.5000 (70.2331)  time: 0.3726  data: 0.0002  max mem: 41183
Epoch: [23]  [55296/71874]  eta: 1:43:10  lr: 0.00043765271187279966  img/s: 43.20692352612064  loss: 3.3302 (3.5214)  acc1: 50.0000 (45.3958)  acc5: 75.0000 (70.2344)  time: 0.3724  data: 0.0002  max mem: 41183
Epoch: [23]  [58368/71874]  eta: 1:24:03  lr: 0.00043765271187279966  img/s: 42.91435273112817  loss: 3.7583 (3.5232)  acc1: 37.5000 (45.3691)  acc5: 62.5000 (70.2064)  time: 0.3716  data: 0.0002  max mem: 41183
Epoch: [23]  [61440/71874]  eta: 1:04:55  lr: 0.00043765271187279966  img/s: 43.02672177121014  loss: 3.4584 (3.5256)  acc1: 43.7500 (45.3171)  acc5: 68.7500 (70.1515)  time: 0.3721  data: 0.0002  max mem: 41183
Epoch: [23]  [64512/71874]  eta: 0:45:48  lr: 0.00043765271187279966  img/s: 43.275324973464315  loss: 3.5931 (3.5272)  acc1: 37.5000 (45.2916)  acc5: 68.7500 (70.1211)  time: 0.3755  data: 0.0002  max mem: 41183
Epoch: [23]  [67584/71874]  eta: 0:26:41  lr: 0.00043765271187279966  img/s: 42.887996589864045  loss: 3.6226 (3.5291)  acc1: 37.5000 (45.2670)  acc5: 68.7500 (70.0781)  time: 0.3718  data: 0.0002  max mem: 41183
Epoch: [23]  [70656/71874]  eta: 0:07:34  lr: 0.00043765271187279966  img/s: 41.933526331213606  loss: 3.5384 (3.5302)  acc1: 50.0000 (45.2473)  acc5: 68.7500 (70.0524)  time: 0.3772  data: 0.0002  max mem: 41183
Epoch: [23] Total time: 7:27:11
Test:  [   0/7958]  eta: 2:00:28  loss: 0.4307 (0.4307)  acc1: 93.7500 (93.7500)  acc5: 100.0000 (100.0000)  time: 0.9083  data: 0.6984  max mem: 41183
Test:  [ 100/7958]  eta: 0:28:34  loss: 1.6771 (1.5272)  acc1: 56.2500 (67.5743)  acc5: 87.5000 (85.2104)  time: 0.2109  data: 0.0004  max mem: 41183
Test:  [ 200/7958]  eta: 0:27:46  loss: 2.1524 (1.7978)  acc1: 43.7500 (61.2873)  acc5: 75.0000 (81.6542)  time: 0.2114  data: 0.0003  max mem: 41183
Test:  [ 300/7958]  eta: 0:27:16  loss: 1.4335 (1.8486)  acc1: 62.5000 (60.4859)  acc5: 81.2500 (80.5648)  time: 0.2112  data: 0.0003  max mem: 41183
Test:  [ 400/7958]  eta: 0:26:50  loss: 0.9602 (1.7447)  acc1: 75.0000 (61.9545)  acc5: 93.7500 (82.5904)  time: 0.2111  data: 0.0003  max mem: 41183
Test:  [ 500/7958]  eta: 0:26:27  loss: 2.2291 (1.7498)  acc1: 50.0000 (61.6018)  acc5: 75.0000 (82.5474)  time: 0.2118  data: 0.0004  max mem: 41183
Test:  [ 600/7958]  eta: 0:26:04  loss: 2.6649 (1.8414)  acc1: 43.7500 (59.1930)  acc5: 68.7500 (81.4060)  time: 0.2120  data: 0.0003  max mem: 41183
Test:  [ 700/7958]  eta: 0:25:42  loss: 2.7021 (1.9375)  acc1: 31.2500 (56.6601)  acc5: 68.7500 (79.9394)  time: 0.2121  data: 0.0004  max mem: 41183
Test:  [ 800/7958]  eta: 0:25:20  loss: 1.9420 (1.9663)  acc1: 56.2500 (55.9613)  acc5: 87.5000 (79.4476)  time: 0.2117  data: 0.0003  max mem: 41183
Test:  [ 900/7958]  eta: 0:24:58  loss: 2.7986 (2.0195)  acc1: 43.7500 (54.5644)  acc5: 68.7500 (78.8984)  time: 0.2116  data: 0.0003  max mem: 41183
Test:  [1000/7958]  eta: 0:24:36  loss: 2.4573 (2.0663)  acc1: 37.5000 (53.3279)  acc5: 75.0000 (78.3154)  time: 0.2115  data: 0.0003  max mem: 41183
Test:  [1100/7958]  eta: 0:24:15  loss: 2.0959 (2.0927)  acc1: 50.0000 (52.7248)  acc5: 81.2500 (78.0200)  time: 0.2112  data: 0.0003  max mem: 41183
Test:  [1200/7958]  eta: 0:23:53  loss: 2.3678 (2.0976)  acc1: 37.5000 (52.3210)  acc5: 75.0000 (78.0652)  time: 0.2114  data: 0.0003  max mem: 41183
Test:  [1300/7958]  eta: 0:23:32  loss: 2.2516 (2.1072)  acc1: 43.7500 (51.8928)  acc5: 75.0000 (77.9737)  time: 0.2118  data: 0.0004  max mem: 41183
Test:  [1400/7958]  eta: 0:23:10  loss: 2.4678 (2.1022)  acc1: 37.5000 (51.8424)  acc5: 81.2500 (78.1941)  time: 0.2119  data: 0.0003  max mem: 41183
Test:  [1500/7958]  eta: 0:22:49  loss: 2.2224 (2.0990)  acc1: 43.7500 (51.7155)  acc5: 87.5000 (78.3686)  time: 0.2120  data: 0.0003  max mem: 41183
Test:  [1600/7958]  eta: 0:22:28  loss: 1.9125 (2.0930)  acc1: 50.0000 (51.5732)  acc5: 87.5000 (78.6423)  time: 0.2117  data: 0.0003  max mem: 41183
Test:  [1700/7958]  eta: 0:22:06  loss: 1.0666 (2.0674)  acc1: 68.7500 (52.1164)  acc5: 93.7500 (79.0528)  time: 0.2116  data: 0.0003  max mem: 41183
Test:  [1800/7958]  eta: 0:21:45  loss: 0.9795 (2.0354)  acc1: 75.0000 (52.8248)  acc5: 93.7500 (79.5426)  time: 0.2113  data: 0.0003  max mem: 41183
Test:  [1900/7958]  eta: 0:21:23  loss: 2.2700 (2.0278)  acc1: 37.5000 (52.8176)  acc5: 81.2500 (79.7968)  time: 0.2113  data: 0.0003  max mem: 41183
Test:  [2000/7958]  eta: 0:21:02  loss: 0.7582 (1.9858)  acc1: 81.2500 (53.8231)  acc5: 100.0000 (80.3504)  time: 0.2113  data: 0.0003  max mem: 41183
Test:  [2100/7958]  eta: 0:20:41  loss: 1.4666 (1.9727)  acc1: 68.7500 (54.2272)  acc5: 93.7500 (80.6491)  time: 0.2114  data: 0.0003  max mem: 41183
Test:  [2200/7958]  eta: 0:20:20  loss: 1.4403 (1.9738)  acc1: 75.0000 (54.2765)  acc5: 87.5000 (80.6452)  time: 0.2116  data: 0.0002  max mem: 41183
Test:  [2300/7958]  eta: 0:19:58  loss: 2.0519 (1.9703)  acc1: 50.0000 (54.1640)  acc5: 75.0000 (80.7774)  time: 0.2117  data: 0.0003  max mem: 41183
Test:  [2400/7958]  eta: 0:19:37  loss: 1.3213 (1.9738)  acc1: 68.7500 (54.1597)  acc5: 87.5000 (80.6747)  time: 0.2117  data: 0.0003  max mem: 41183
Test:  [2500/7958]  eta: 0:19:16  loss: 2.6223 (1.9873)  acc1: 25.0000 (53.8185)  acc5: 81.2500 (80.5028)  time: 0.2120  data: 0.0003  max mem: 41183
Test:  [2600/7958]  eta: 0:18:55  loss: 2.6304 (1.9869)  acc1: 31.2500 (53.7894)  acc5: 75.0000 (80.5027)  time: 0.2113  data: 0.0003  max mem: 41183
Test:  [2700/7958]  eta: 0:18:33  loss: 1.3015 (1.9629)  acc1: 62.5000 (54.3549)  acc5: 93.7500 (80.8335)  time: 0.2115  data: 0.0003  max mem: 41183
Test:  [2800/7958]  eta: 0:18:12  loss: 2.2512 (1.9537)  acc1: 50.0000 (54.6211)  acc5: 75.0000 (80.9644)  time: 0.2113  data: 0.0003  max mem: 41183
Test:  [2900/7958]  eta: 0:17:51  loss: 1.6464 (1.9667)  acc1: 62.5000 (54.4446)  acc5: 87.5000 (80.7179)  time: 0.2114  data: 0.0003  max mem: 41183
Test:  [3000/7958]  eta: 0:17:30  loss: 1.1048 (1.9703)  acc1: 68.7500 (54.4548)  acc5: 93.7500 (80.6023)  time: 0.2113  data: 0.0003  max mem: 41183
Test:  [3100/7958]  eta: 0:17:08  loss: 2.1045 (1.9785)  acc1: 50.0000 (54.2789)  acc5: 75.0000 (80.4337)  time: 0.2117  data: 0.0003  max mem: 41183
Test:  [3200/7958]  eta: 0:16:47  loss: 2.4192 (1.9776)  acc1: 37.5000 (54.3404)  acc5: 75.0000 (80.4631)  time: 0.2119  data: 0.0003  max mem: 41183
Test:  [3300/7958]  eta: 0:16:26  loss: 2.2061 (1.9941)  acc1: 50.0000 (53.9666)  acc5: 75.0000 (80.2030)  time: 0.2118  data: 0.0003  max mem: 41183
Test:  [3400/7958]  eta: 0:16:05  loss: 1.8496 (1.9897)  acc1: 56.2500 (54.1275)  acc5: 81.2500 (80.2393)  time: 0.2114  data: 0.0003  max mem: 41183
Test:  [3500/7958]  eta: 0:15:44  loss: 1.7660 (1.9876)  acc1: 43.7500 (54.1827)  acc5: 81.2500 (80.2646)  time: 0.2114  data: 0.0003  max mem: 41183
Test:  [3600/7958]  eta: 0:15:22  loss: 2.4424 (1.9913)  acc1: 43.7500 (54.1239)  acc5: 62.5000 (80.1913)  time: 0.2111  data: 0.0003  max mem: 41183
Test:  [3700/7958]  eta: 0:15:01  loss: 2.1674 (1.9845)  acc1: 43.7500 (54.2657)  acc5: 75.0000 (80.2807)  time: 0.2114  data: 0.0003  max mem: 41183
Test:  [3800/7958]  eta: 0:14:40  loss: 1.6593 (1.9902)  acc1: 50.0000 (54.1042)  acc5: 87.5000 (80.2355)  time: 0.2112  data: 0.0003  max mem: 41183
Test:  [3900/7958]  eta: 0:14:19  loss: 1.7315 (1.9863)  acc1: 56.2500 (54.2681)  acc5: 81.2500 (80.2807)  time: 0.2114  data: 0.0003  max mem: 41183
Test:  [4000/7958]  eta: 0:13:58  loss: 2.1968 (1.9850)  acc1: 43.7500 (54.2661)  acc5: 81.2500 (80.3221)  time: 0.2119  data: 0.0003  max mem: 41183
Test:  [4100/7958]  eta: 0:13:36  loss: 1.6133 (1.9826)  acc1: 68.7500 (54.3435)  acc5: 81.2500 (80.3447)  time: 0.2118  data: 0.0003  max mem: 41183
Test:  [4200/7958]  eta: 0:13:15  loss: 1.9830 (1.9833)  acc1: 56.2500 (54.3680)  acc5: 81.2500 (80.3350)  time: 0.2120  data: 0.0003  max mem: 41183
Test:  [4300/7958]  eta: 0:12:54  loss: 2.5577 (1.9807)  acc1: 37.5000 (54.4525)  acc5: 68.7500 (80.3229)  time: 0.2117  data: 0.0003  max mem: 41183
Test:  [4400/7958]  eta: 0:12:33  loss: 1.5517 (1.9913)  acc1: 56.2500 (54.2888)  acc5: 87.5000 (80.1395)  time: 0.2114  data: 0.0003  max mem: 41183
Test:  [4500/7958]  eta: 0:12:12  loss: 2.1531 (1.9940)  acc1: 56.2500 (54.2366)  acc5: 68.7500 (80.0794)  time: 0.2112  data: 0.0003  max mem: 41183
Test:  [4600/7958]  eta: 0:11:50  loss: 2.7717 (1.9926)  acc1: 37.5000 (54.2953)  acc5: 62.5000 (80.0342)  time: 0.2114  data: 0.0003  max mem: 41183
Test:  [4700/7958]  eta: 0:11:29  loss: 1.7273 (1.9988)  acc1: 62.5000 (54.1228)  acc5: 87.5000 (79.9325)  time: 0.2110  data: 0.0003  max mem: 41183
Test:  [4800/7958]  eta: 0:11:08  loss: 2.3104 (2.0022)  acc1: 43.7500 (54.0434)  acc5: 81.2500 (79.8831)  time: 0.2117  data: 0.0003  max mem: 41183
Test:  [4900/7958]  eta: 0:10:47  loss: 2.3287 (2.0069)  acc1: 43.7500 (54.0285)  acc5: 75.0000 (79.7503)  time: 0.2118  data: 0.0003  max mem: 41183
Test:  [5000/7958]  eta: 0:10:26  loss: 2.8832 (2.0107)  acc1: 18.7500 (53.8142)  acc5: 75.0000 (79.7528)  time: 0.2119  data: 0.0003  max mem: 41183
Test:  [5100/7958]  eta: 0:10:04  loss: 2.7967 (2.0106)  acc1: 37.5000 (53.7860)  acc5: 62.5000 (79.7601)  time: 0.2116  data: 0.0003  max mem: 41183
Test:  [5200/7958]  eta: 0:09:43  loss: 1.1723 (2.0107)  acc1: 75.0000 (53.8238)  acc5: 81.2500 (79.7443)  time: 0.2114  data: 0.0003  max mem: 41183
Test:  [5300/7958]  eta: 0:09:22  loss: 2.8878 (2.0142)  acc1: 37.5000 (53.7788)  acc5: 62.5000 (79.6748)  time: 0.2112  data: 0.0003  max mem: 41183
Test:  [5400/7958]  eta: 0:09:01  loss: 1.9486 (2.0116)  acc1: 56.2500 (53.8916)  acc5: 75.0000 (79.6774)  time: 0.2116  data: 0.0003  max mem: 41183
Test:  [5500/7958]  eta: 0:08:40  loss: 1.6771 (2.0137)  acc1: 50.0000 (53.8902)  acc5: 87.5000 (79.6219)  time: 0.2112  data: 0.0003  max mem: 41183
Test:  [5600/7958]  eta: 0:08:19  loss: 3.4373 (2.0223)  acc1: 18.7500 (53.8040)  acc5: 62.5000 (79.4802)  time: 0.2112  data: 0.0003  max mem: 41183
Test:  [5700/7958]  eta: 0:07:57  loss: 2.6781 (2.0233)  acc1: 43.7500 (53.7757)  acc5: 68.7500 (79.4619)  time: 0.2119  data: 0.0003  max mem: 41183
Test:  [5800/7958]  eta: 0:07:36  loss: 2.5854 (2.0271)  acc1: 37.5000 (53.7149)  acc5: 75.0000 (79.3947)  time: 0.2119  data: 0.0005  max mem: 41183
Test:  [5900/7958]  eta: 0:07:15  loss: 2.2729 (2.0245)  acc1: 37.5000 (53.8193)  acc5: 81.2500 (79.4071)  time: 0.2120  data: 0.0003  max mem: 41183
Test:  [6000/7958]  eta: 0:06:54  loss: 1.5739 (2.0281)  acc1: 62.5000 (53.7869)  acc5: 81.2500 (79.3441)  time: 0.2116  data: 0.0003  max mem: 41183
Test:  [6100/7958]  eta: 0:06:33  loss: 1.7486 (2.0304)  acc1: 56.2500 (53.7627)  acc5: 87.5000 (79.3046)  time: 0.2115  data: 0.0003  max mem: 41183
Test:  [6200/7958]  eta: 0:06:12  loss: 1.9597 (2.0326)  acc1: 43.7500 (53.7756)  acc5: 81.2500 (79.2604)  time: 0.2114  data: 0.0003  max mem: 41183
Test:  [6300/7958]  eta: 0:05:50  loss: 2.2654 (2.0292)  acc1: 25.0000 (53.8417)  acc5: 87.5000 (79.3098)  time: 0.2111  data: 0.0003  max mem: 41183
Test:  [6400/7958]  eta: 0:05:29  loss: 1.0185 (2.0296)  acc1: 81.2500 (53.8334)  acc5: 93.7500 (79.2903)  time: 0.2116  data: 0.0003  max mem: 41183
Test:  [6500/7958]  eta: 0:05:08  loss: 1.0004 (2.0260)  acc1: 75.0000 (53.9254)  acc5: 93.7500 (79.3243)  time: 0.2111  data: 0.0003  max mem: 41183
Test:  [6600/7958]  eta: 0:04:47  loss: 2.0730 (2.0287)  acc1: 50.0000 (53.8375)  acc5: 75.0000 (79.2579)  time: 0.2118  data: 0.0003  max mem: 41183
Test:  [6700/7958]  eta: 0:04:26  loss: 1.5251 (2.0287)  acc1: 62.5000 (53.8380)  acc5: 87.5000 (79.2559)  time: 0.2117  data: 0.0003  max mem: 41183
Test:  [6800/7958]  eta: 0:04:05  loss: 2.7050 (2.0314)  acc1: 31.2500 (53.7853)  acc5: 75.0000 (79.2439)  time: 0.2119  data: 0.0003  max mem: 41183
Test:  [6900/7958]  eta: 0:03:43  loss: 1.2402 (2.0241)  acc1: 75.0000 (53.9677)  acc5: 81.2500 (79.3191)  time: 0.2118  data: 0.0003  max mem: 41183
Test:  [7000/7958]  eta: 0:03:22  loss: 1.6730 (2.0213)  acc1: 62.5000 (54.0459)  acc5: 81.2500 (79.3440)  time: 0.2113  data: 0.0003  max mem: 41183
Test:  [7100/7958]  eta: 0:03:01  loss: 0.9603 (2.0242)  acc1: 75.0000 (53.9950)  acc5: 93.7500 (79.2872)  time: 0.2114  data: 0.0003  max mem: 41183
Test:  [7200/7958]  eta: 0:02:40  loss: 2.7847 (2.0272)  acc1: 43.7500 (53.9456)  acc5: 68.7500 (79.2442)  time: 0.2111  data: 0.0003  max mem: 41183
Test:  [7300/7958]  eta: 0:02:19  loss: 1.8827 (2.0210)  acc1: 50.0000 (54.0791)  acc5: 81.2500 (79.3359)  time: 0.2115  data: 0.0003  max mem: 41183
Test:  [7400/7958]  eta: 0:01:58  loss: 2.0283 (2.0231)  acc1: 43.7500 (54.0468)  acc5: 75.0000 (79.2807)  time: 0.2115  data: 0.0003  max mem: 41183
Test:  [7500/7958]  eta: 0:01:36  loss: 2.3426 (2.0256)  acc1: 43.7500 (53.9953)  acc5: 81.2500 (79.2261)  time: 0.2119  data: 0.0003  max mem: 41183
Test:  [7600/7958]  eta: 0:01:15  loss: 1.2152 (2.0272)  acc1: 75.0000 (53.9855)  acc5: 81.2500 (79.1754)  time: 0.2120  data: 0.0003  max mem: 41183
Test:  [7700/7958]  eta: 0:00:54  loss: 1.9665 (2.0307)  acc1: 56.2500 (53.8842)  acc5: 75.0000 (79.1334)  time: 0.2118  data: 0.0003  max mem: 41183
Test:  [7800/7958]  eta: 0:00:33  loss: 1.5739 (2.0310)  acc1: 56.2500 (53.8296)  acc5: 87.5000 (79.1645)  time: 0.2112  data: 0.0003  max mem: 41183
Test:  [7900/7958]  eta: 0:00:12  loss: 1.4755 (2.0285)  acc1: 75.0000 (53.9410)  acc5: 87.5000 (79.1846)  time: 0.2114  data: 0.0003  max mem: 41183
Test: Total time: 0:28:04
 * Acc@1 = 53.95828097511938, Acc@5 = 79.16640487559688, loss = 2.0296579471181446
Namespace(model='QKFormer_10_768', dataset='es-imagenet', num_classes=1000, data_path='/model/es-imagenet', device='cuda', batch_size=16, workers=4, print_freq=3072, output_dir='./logs4', resume='', sync_bn=False, test_only=False, amp=True, world_size=1, dist_url='env://', tb=True, T=8, opt='adamw', opt_eps=1e-08, opt_betas=None, weight_decay=0.01, momentum=0.9, connect_f='ADD', T_train=None, sched='cosine', lr=0.0005, lr_noise=None, lr_noise_pct=0.67, lr_noise_std=1.0, lr_cycle_mul=1.0, lr_cycle_limit=1, warmup_lr=1e-05, min_lr=1e-06, epochs=100, epoch_repeats=0.0, start_epoch=0, decay_epochs=20, warmup_epochs=20, cooldown_epochs=10, patience_epochs=10, decay_rate=0.1, smoothing=0.1, mixup=0.5, cutmix=0.0, cutmix_minmax=None, mixup_prob=0.5, mixup_switch_prob=0.5, mixup_mode='batch', mixup_off_epoch=0, grad_clip=5.0, distributed=False)
Training time 8 days, 6:31:45 max_test_acc1 53.95828097511938 test_acc5_at_max_test_acc1 79.16640487559688
./logs4/QKFormer_10_768_b16_T8_wd0.01_adamw_cnf_ADD/lr0.0005
Epoch: [24]  [    0/71874]  eta: 20:43:27  lr: 0.0004323776725416422  img/s: 42.49924892024369  loss: 2.5416 (2.5416)  acc1: 62.5000 (62.5000)  acc5: 81.2500 (81.2500)  time: 1.0380  data: 0.6615  max mem: 41183
Epoch: [24]  [ 3072/71874]  eta: 7:07:23  lr: 0.0004323776725416422  img/s: 43.29484020765876  loss: 2.9691 (3.4591)  acc1: 50.0000 (46.7947)  acc5: 75.0000 (71.6950)  time: 0.3715  data: 0.0002  max mem: 41183
Epoch: [24]  [ 6144/71874]  eta: 6:48:13  lr: 0.0004323776725416422  img/s: 43.089794075967994  loss: 3.2236 (3.4547)  acc1: 50.0000 (46.8267)  acc5: 75.0000 (71.7148)  time: 0.3721  data: 0.0002  max mem: 41183
Epoch: [24]  [ 9216/71874]  eta: 6:29:05  lr: 0.0004323776725416422  img/s: 43.139070736160036  loss: 3.3144 (3.4578)  acc1: 50.0000 (46.7655)  acc5: 75.0000 (71.5621)  time: 0.3719  data: 0.0002  max mem: 41183
Epoch: [24]  [12288/71874]  eta: 6:10:02  lr: 0.0004323776725416422  img/s: 42.639665535689325  loss: 3.1213 (3.4631)  acc1: 37.5000 (46.6377)  acc5: 68.7500 (71.4933)  time: 0.3721  data: 0.0002  max mem: 41183
Epoch: [24]  [15360/71874]  eta: 5:50:56  lr: 0.0004323776725416422  img/s: 43.16246043695737  loss: 3.1947 (3.4679)  acc1: 43.7500 (46.4573)  acc5: 68.7500 (71.3296)  time: 0.3760  data: 0.0002  max mem: 41183
Epoch: [24]  [18432/71874]  eta: 5:31:52  lr: 0.0004323776725416422  img/s: 42.863561778928606  loss: 3.8138 (3.4720)  acc1: 43.7500 (46.3371)  acc5: 68.7500 (71.2828)  time: 0.3717  data: 0.0002  max mem: 41183
Epoch: [24]  [21504/71874]  eta: 5:12:49  lr: 0.0004323776725416422  img/s: 43.1119670979007  loss: 3.1603 (3.4765)  acc1: 43.7500 (46.2558)  acc5: 68.7500 (71.2015)  time: 0.3722  data: 0.0002  max mem: 41183
Epoch: [24]  [24576/71874]  eta: 4:53:44  lr: 0.0004323776725416422  img/s: 43.01298807845148  loss: 3.0584 (3.4757)  acc1: 37.5000 (46.2373)  acc5: 75.0000 (71.1722)  time: 0.3714  data: 0.0002  max mem: 41183
Epoch: [24]  [27648/71874]  eta: 4:34:41  lr: 0.0004323776725416422  img/s: 43.22195050162399  loss: 3.3096 (3.4767)  acc1: 50.0000 (46.1861)  acc5: 75.0000 (71.1520)  time: 0.3723  data: 0.0002  max mem: 41183
Epoch: [24]  [30720/71874]  eta: 4:15:36  lr: 0.0004323776725416422  img/s: 42.60804506332586  loss: 3.4506 (3.4802)  acc1: 43.7500 (46.1120)  acc5: 68.7500 (71.0621)  time: 0.3719  data: 0.0002  max mem: 41183
Epoch: [24]  [33792/71874]  eta: 3:56:31  lr: 0.0004323776725416422  img/s: 43.127814987474665  loss: 3.0693 (3.4822)  acc1: 50.0000 (46.0854)  acc5: 75.0000 (70.9877)  time: 0.3719  data: 0.0002  max mem: 41183
Epoch: [24]  [36864/71874]  eta: 3:37:26  lr: 0.0004323776725416422  img/s: 43.080444510921794  loss: 3.3505 (3.4861)  acc1: 43.7500 (46.0020)  acc5: 68.7500 (70.9004)  time: 0.3710  data: 0.0002  max mem: 41183
Epoch: [24]  [39936/71874]  eta: 3:18:21  lr: 0.0004323776725416422  img/s: 43.047117859756774  loss: 3.6247 (3.4867)  acc1: 37.5000 (45.9683)  acc5: 62.5000 (70.8622)  time: 0.3716  data: 0.0002  max mem: 41183
Epoch: [24]  [43008/71874]  eta: 2:59:16  lr: 0.0004323776725416422  img/s: 43.186209009087854  loss: 3.2318 (3.4871)  acc1: 50.0000 (45.9506)  acc5: 75.0000 (70.8445)  time: 0.3709  data: 0.0002  max mem: 41183
Epoch: [24]  [46080/71874]  eta: 2:40:11  lr: 0.0004323776725416422  img/s: 43.19399200083416  loss: 3.4973 (3.4881)  acc1: 43.7500 (45.9185)  acc5: 68.7500 (70.8166)  time: 0.3726  data: 0.0002  max mem: 41183
Epoch: [24]  [49152/71874]  eta: 2:21:06  lr: 0.0004323776725416422  img/s: 43.01919197423036  loss: 3.6279 (3.4906)  acc1: 43.7500 (45.8716)  acc5: 68.7500 (70.7486)  time: 0.3721  data: 0.0002  max mem: 41183
Epoch: [24]  [52224/71874]  eta: 2:02:01  lr: 0.0004323776725416422  img/s: 42.91336482029285  loss: 3.4825 (3.4923)  acc1: 43.7500 (45.8400)  acc5: 68.7500 (70.7109)  time: 0.3721  data: 0.0002  max mem: 41183
Epoch: [24]  [55296/71874]  eta: 1:42:57  lr: 0.0004323776725416422  img/s: 43.292438242236614  loss: 3.1174 (3.4931)  acc1: 50.0000 (45.8170)  acc5: 75.0000 (70.6884)  time: 0.3718  data: 0.0002  max mem: 41183
Epoch: [24]  [58368/71874]  eta: 1:23:52  lr: 0.0004323776725416422  img/s: 42.87783029777947  loss: 3.5012 (3.4968)  acc1: 43.7500 (45.7534)  acc5: 68.7500 (70.6363)  time: 0.3764  data: 0.0002  max mem: 41183
Epoch: [24]  [61440/71874]  eta: 1:04:47  lr: 0.0004323776725416422  img/s: 43.176511991641206  loss: 3.7270 (3.4978)  acc1: 43.7500 (45.7436)  acc5: 62.5000 (70.6043)  time: 0.3722  data: 0.0002  max mem: 41183
Epoch: [24]  [64512/71874]  eta: 0:45:43  lr: 0.0004323776725416422  img/s: 42.81417466003592  loss: 3.5319 (3.4990)  acc1: 43.7500 (45.7179)  acc5: 62.5000 (70.5673)  time: 0.3751  data: 0.0002  max mem: 41183
Epoch: [24]  [67584/71874]  eta: 0:26:38  lr: 0.0004323776725416422  img/s: 43.25825311308702  loss: 3.7800 (3.5007)  acc1: 50.0000 (45.6865)  acc5: 68.7500 (70.5130)  time: 0.3715  data: 0.0001  max mem: 41183
Epoch: [24]  [70656/71874]  eta: 0:07:33  lr: 0.0004323776725416422  img/s: 43.235038046317875  loss: 3.2892 (3.5017)  acc1: 43.7500 (45.6599)  acc5: 75.0000 (70.4811)  time: 0.3710  data: 0.0002  max mem: 41183
Epoch: [24] Total time: 7:26:20
Test:  [   0/7958]  eta: 1:42:49  loss: 0.3957 (0.3957)  acc1: 93.7500 (93.7500)  acc5: 100.0000 (100.0000)  time: 0.7753  data: 0.5660  max mem: 41183
Test:  [ 100/7958]  eta: 0:28:26  loss: 1.9484 (1.6174)  acc1: 50.0000 (65.4703)  acc5: 81.2500 (85.2104)  time: 0.2118  data: 0.0003  max mem: 41183
Test:  [ 200/7958]  eta: 0:27:42  loss: 2.0778 (1.7971)  acc1: 43.7500 (61.3495)  acc5: 75.0000 (82.1828)  time: 0.2111  data: 0.0003  max mem: 41183
Test:  [ 300/7958]  eta: 0:27:13  loss: 1.0833 (1.9023)  acc1: 68.7500 (59.4269)  acc5: 87.5000 (80.6271)  time: 0.2115  data: 0.0003  max mem: 41183
Test:  [ 400/7958]  eta: 0:26:49  loss: 1.2947 (1.7600)  acc1: 62.5000 (61.6272)  acc5: 93.7500 (82.9645)  time: 0.2111  data: 0.0003  max mem: 41183
Test:  [ 500/7958]  eta: 0:26:25  loss: 1.7633 (1.7070)  acc1: 56.2500 (62.4750)  acc5: 87.5000 (83.7450)  time: 0.2112  data: 0.0003  max mem: 41183
Test:  [ 600/7958]  eta: 0:26:02  loss: 1.8682 (1.7745)  acc1: 43.7500 (60.0458)  acc5: 81.2500 (83.0595)  time: 0.2112  data: 0.0003  max mem: 41183
Test:  [ 700/7958]  eta: 0:25:40  loss: 2.8334 (1.8838)  acc1: 25.0000 (57.2397)  acc5: 68.7500 (81.3481)  time: 0.2121  data: 0.0003  max mem: 41183
Test:  [ 800/7958]  eta: 0:25:18  loss: 2.5371 (1.9746)  acc1: 37.5000 (55.0874)  acc5: 75.0000 (79.7675)  time: 0.2116  data: 0.0003  max mem: 41183
Test:  [ 900/7958]  eta: 0:24:57  loss: 2.2080 (2.0177)  acc1: 50.0000 (54.0025)  acc5: 75.0000 (79.1620)  time: 0.2119  data: 0.0003  max mem: 41183
Test:  [1000/7958]  eta: 0:24:35  loss: 2.8468 (2.0493)  acc1: 31.2500 (53.0032)  acc5: 62.5000 (78.7463)  time: 0.2117  data: 0.0003  max mem: 41183
Test:  [1100/7958]  eta: 0:24:14  loss: 1.3304 (2.0660)  acc1: 68.7500 (52.6907)  acc5: 87.5000 (78.5252)  time: 0.2114  data: 0.0003  max mem: 41183
Test:  [1200/7958]  eta: 0:23:52  loss: 1.9523 (2.0930)  acc1: 50.0000 (51.6549)  acc5: 81.2500 (78.1432)  time: 0.2115  data: 0.0003  max mem: 41183
Test:  [1300/7958]  eta: 0:23:31  loss: 1.6103 (2.0910)  acc1: 62.5000 (51.2971)  acc5: 81.2500 (78.2907)  time: 0.2113  data: 0.0003  max mem: 41183
Test:  [1400/7958]  eta: 0:23:09  loss: 2.8266 (2.0995)  acc1: 31.2500 (50.9547)  acc5: 75.0000 (78.2432)  time: 0.2114  data: 0.0003  max mem: 41183
Test:  [1500/7958]  eta: 0:22:48  loss: 2.0237 (2.1069)  acc1: 50.0000 (50.6995)  acc5: 75.0000 (78.2603)  time: 0.2116  data: 0.0003  max mem: 41183
Test:  [1600/7958]  eta: 0:22:27  loss: 1.3521 (2.1087)  acc1: 62.5000 (50.4841)  acc5: 93.7500 (78.3690)  time: 0.2119  data: 0.0003  max mem: 41183
Test:  [1700/7958]  eta: 0:22:06  loss: 1.0889 (2.0732)  acc1: 62.5000 (51.1611)  acc5: 93.7500 (78.9866)  time: 0.2121  data: 0.0003  max mem: 41183
Test:  [1800/7958]  eta: 0:21:44  loss: 1.0082 (2.0473)  acc1: 81.2500 (51.8635)  acc5: 87.5000 (79.3899)  time: 0.2116  data: 0.0003  max mem: 41183
Test:  [1900/7958]  eta: 0:21:23  loss: 2.3093 (2.0621)  acc1: 43.7500 (51.5715)  acc5: 75.0000 (79.2642)  time: 0.2114  data: 0.0003  max mem: 41183
Test:  [2000/7958]  eta: 0:21:02  loss: 0.4089 (2.0246)  acc1: 93.7500 (52.5550)  acc5: 100.0000 (79.6633)  time: 0.2111  data: 0.0003  max mem: 41183
Test:  [2100/7958]  eta: 0:20:40  loss: 1.7270 (2.0052)  acc1: 68.7500 (53.1741)  acc5: 87.5000 (79.9649)  time: 0.2116  data: 0.0003  max mem: 41183
Test:  [2200/7958]  eta: 0:20:19  loss: 1.4344 (1.9967)  acc1: 50.0000 (53.2769)  acc5: 93.7500 (80.1198)  time: 0.2114  data: 0.0003  max mem: 41183
Test:  [2300/7958]  eta: 0:19:58  loss: 2.3881 (1.9858)  acc1: 43.7500 (53.5066)  acc5: 75.0000 (80.3265)  time: 0.2113  data: 0.0003  max mem: 41183
Test:  [2400/7958]  eta: 0:19:37  loss: 1.9219 (1.9861)  acc1: 43.7500 (53.4387)  acc5: 87.5000 (80.3389)  time: 0.2120  data: 0.0003  max mem: 41183
Test:  [2500/7958]  eta: 0:19:15  loss: 2.4922 (1.9967)  acc1: 31.2500 (53.0013)  acc5: 75.0000 (80.2254)  time: 0.2115  data: 0.0003  max mem: 41183
Test:  [2600/7958]  eta: 0:18:54  loss: 1.8626 (1.9871)  acc1: 56.2500 (53.1887)  acc5: 81.2500 (80.3729)  time: 0.2119  data: 0.0003  max mem: 41183
Test:  [2700/7958]  eta: 0:18:33  loss: 1.4734 (1.9718)  acc1: 68.7500 (53.4894)  acc5: 87.5000 (80.5720)  time: 0.2117  data: 0.0003  max mem: 41183
Test:  [2800/7958]  eta: 0:18:12  loss: 1.8245 (1.9656)  acc1: 62.5000 (53.6572)  acc5: 81.2500 (80.6364)  time: 0.2112  data: 0.0003  max mem: 41183
Test:  [2900/7958]  eta: 0:17:51  loss: 1.3697 (1.9700)  acc1: 68.7500 (53.7229)  acc5: 87.5000 (80.4679)  time: 0.2114  data: 0.0003  max mem: 41183
Test:  [3000/7958]  eta: 0:17:29  loss: 1.4723 (1.9732)  acc1: 56.2500 (53.6696)  acc5: 87.5000 (80.4149)  time: 0.2111  data: 0.0003  max mem: 41183
Test:  [3100/7958]  eta: 0:17:08  loss: 2.4904 (1.9804)  acc1: 43.7500 (53.6218)  acc5: 62.5000 (80.2463)  time: 0.2112  data: 0.0003  max mem: 41183
Test:  [3200/7958]  eta: 0:16:47  loss: 2.0729 (1.9805)  acc1: 50.0000 (53.6844)  acc5: 75.0000 (80.2445)  time: 0.2113  data: 0.0003  max mem: 41183
Test:  [3300/7958]  eta: 0:16:26  loss: 1.6128 (1.9945)  acc1: 56.2500 (53.4970)  acc5: 81.2500 (79.9644)  time: 0.2119  data: 0.0004  max mem: 41183
Test:  [3400/7958]  eta: 0:16:04  loss: 2.0058 (1.9881)  acc1: 50.0000 (53.7103)  acc5: 75.0000 (80.0463)  time: 0.2117  data: 0.0004  max mem: 41183
Test:  [3500/7958]  eta: 0:15:43  loss: 1.5188 (1.9907)  acc1: 56.2500 (53.6597)  acc5: 81.2500 (80.0164)  time: 0.2122  data: 0.0003  max mem: 41183
Test:  [3600/7958]  eta: 0:15:22  loss: 2.2158 (1.9924)  acc1: 43.7500 (53.6240)  acc5: 75.0000 (79.9570)  time: 0.2115  data: 0.0004  max mem: 41183
Test:  [3700/7958]  eta: 0:15:01  loss: 1.5647 (1.9896)  acc1: 50.0000 (53.6679)  acc5: 87.5000 (80.0442)  time: 0.2116  data: 0.0003  max mem: 41183
Test:  [3800/7958]  eta: 0:14:40  loss: 2.1879 (1.9957)  acc1: 50.0000 (53.5977)  acc5: 81.2500 (79.9691)  time: 0.2112  data: 0.0004  max mem: 41183
Test:  [3900/7958]  eta: 0:14:19  loss: 2.2664 (1.9975)  acc1: 56.2500 (53.6914)  acc5: 81.2500 (79.9811)  time: 0.2114  data: 0.0003  max mem: 41183
Test:  [4000/7958]  eta: 0:13:57  loss: 2.6103 (2.0048)  acc1: 37.5000 (53.5741)  acc5: 68.7500 (79.8519)  time: 0.2113  data: 0.0004  max mem: 41183
Test:  [4100/7958]  eta: 0:13:36  loss: 1.1007 (2.0015)  acc1: 75.0000 (53.7125)  acc5: 93.7500 (79.8601)  time: 0.2117  data: 0.0003  max mem: 41183
Test:  [4200/7958]  eta: 0:13:15  loss: 2.0809 (1.9963)  acc1: 50.0000 (53.8830)  acc5: 75.0000 (79.9125)  time: 0.2119  data: 0.0003  max mem: 41183
Test:  [4300/7958]  eta: 0:12:54  loss: 2.1025 (1.9916)  acc1: 50.0000 (54.0325)  acc5: 81.2500 (79.9712)  time: 0.2120  data: 0.0003  max mem: 41183
Test:  [4400/7958]  eta: 0:12:33  loss: 1.6124 (2.0000)  acc1: 50.0000 (53.9181)  acc5: 93.7500 (79.8398)  time: 0.2117  data: 0.0003  max mem: 41183
Test:  [4500/7958]  eta: 0:12:11  loss: 2.3220 (2.0121)  acc1: 56.2500 (53.6534)  acc5: 75.0000 (79.6712)  time: 0.2114  data: 0.0003  max mem: 41183
Test:  [4600/7958]  eta: 0:11:50  loss: 2.0524 (2.0093)  acc1: 43.7500 (53.7954)  acc5: 68.7500 (79.6702)  time: 0.2114  data: 0.0003  max mem: 41183
Test:  [4700/7958]  eta: 0:11:29  loss: 1.5066 (2.0138)  acc1: 62.5000 (53.7386)  acc5: 81.2500 (79.5602)  time: 0.2112  data: 0.0003  max mem: 41183
Test:  [4800/7958]  eta: 0:11:08  loss: 1.8917 (2.0145)  acc1: 56.2500 (53.6776)  acc5: 87.5000 (79.5746)  time: 0.2114  data: 0.0003  max mem: 41183
Test:  [4900/7958]  eta: 0:10:47  loss: 2.1046 (2.0135)  acc1: 50.0000 (53.7747)  acc5: 81.2500 (79.5501)  time: 0.2111  data: 0.0003  max mem: 41183
Test:  [5000/7958]  eta: 0:10:26  loss: 2.6565 (2.0155)  acc1: 25.0000 (53.7018)  acc5: 75.0000 (79.5453)  time: 0.2119  data: 0.0004  max mem: 41183
Test:  [5100/7958]  eta: 0:10:04  loss: 2.7586 (2.0117)  acc1: 43.7500 (53.7578)  acc5: 68.7500 (79.6057)  time: 0.2117  data: 0.0003  max mem: 41183
Test:  [5200/7958]  eta: 0:09:43  loss: 0.6696 (2.0087)  acc1: 81.2500 (53.8382)  acc5: 93.7500 (79.6085)  time: 0.2119  data: 0.0003  max mem: 41183
Test:  [5300/7958]  eta: 0:09:22  loss: 2.5604 (2.0093)  acc1: 37.5000 (53.8660)  acc5: 68.7500 (79.5793)  time: 0.2118  data: 0.0003  max mem: 41183
Test:  [5400/7958]  eta: 0:09:01  loss: 2.1369 (2.0099)  acc1: 56.2500 (53.8940)  acc5: 75.0000 (79.5767)  time: 0.2115  data: 0.0003  max mem: 41183
Test:  [5500/7958]  eta: 0:08:40  loss: 1.9602 (2.0115)  acc1: 25.0000 (53.8482)  acc5: 81.2500 (79.5321)  time: 0.2113  data: 0.0003  max mem: 41183
Test:  [5600/7958]  eta: 0:08:19  loss: 2.1426 (2.0158)  acc1: 43.7500 (53.8040)  acc5: 75.0000 (79.4646)  time: 0.2112  data: 0.0003  max mem: 41183
Test:  [5700/7958]  eta: 0:07:57  loss: 2.5050 (2.0154)  acc1: 43.7500 (53.8809)  acc5: 68.7500 (79.4619)  time: 0.2111  data: 0.0003  max mem: 41183
Test:  [5800/7958]  eta: 0:07:36  loss: 2.7016 (2.0216)  acc1: 31.2500 (53.7138)  acc5: 68.7500 (79.3645)  time: 0.2115  data: 0.0003  max mem: 41183
Test:  [5900/7958]  eta: 0:07:15  loss: 2.1557 (2.0195)  acc1: 43.7500 (53.7960)  acc5: 75.0000 (79.3785)  time: 0.2119  data: 0.0003  max mem: 41183
Test:  [6000/7958]  eta: 0:06:54  loss: 2.1455 (2.0256)  acc1: 56.2500 (53.7348)  acc5: 81.2500 (79.2732)  time: 0.2119  data: 0.0003  max mem: 41183
Test:  [6100/7958]  eta: 0:06:33  loss: 1.5371 (2.0252)  acc1: 62.5000 (53.8078)  acc5: 87.5000 (79.2503)  time: 0.2121  data: 0.0003  max mem: 41183
Test:  [6200/7958]  eta: 0:06:12  loss: 1.9382 (2.0259)  acc1: 56.2500 (53.8441)  acc5: 81.2500 (79.2372)  time: 0.2115  data: 0.0003  max mem: 41183
Test:  [6300/7958]  eta: 0:05:50  loss: 1.3514 (2.0210)  acc1: 75.0000 (53.9944)  acc5: 87.5000 (79.2702)  time: 0.2113  data: 0.0003  max mem: 41183
Test:  [6400/7958]  eta: 0:05:29  loss: 0.5721 (2.0180)  acc1: 87.5000 (54.0921)  acc5: 93.7500 (79.3118)  time: 0.2114  data: 0.0003  max mem: 41183
Test:  [6500/7958]  eta: 0:05:08  loss: 1.1116 (2.0163)  acc1: 75.0000 (54.1792)  acc5: 87.5000 (79.3205)  time: 0.2114  data: 0.0004  max mem: 41183
Test:  [6600/7958]  eta: 0:04:47  loss: 2.4054 (2.0230)  acc1: 43.7500 (54.0751)  acc5: 62.5000 (79.1944)  time: 0.2114  data: 0.0003  max mem: 41183
Test:  [6700/7958]  eta: 0:04:26  loss: 1.3888 (2.0226)  acc1: 68.7500 (54.0750)  acc5: 87.5000 (79.2027)  time: 0.2117  data: 0.0003  max mem: 41183
Test:  [6800/7958]  eta: 0:04:05  loss: 2.1902 (2.0230)  acc1: 43.7500 (54.0720)  acc5: 75.0000 (79.2190)  time: 0.2116  data: 0.0003  max mem: 41183
Test:  [6900/7958]  eta: 0:03:43  loss: 2.0258 (2.0196)  acc1: 18.7500 (54.1144)  acc5: 81.2500 (79.2865)  time: 0.2119  data: 0.0003  max mem: 41183
Test:  [7000/7958]  eta: 0:03:22  loss: 1.4242 (2.0178)  acc1: 68.7500 (54.2056)  acc5: 87.5000 (79.2887)  time: 0.2119  data: 0.0005  max mem: 41183
Test:  [7100/7958]  eta: 0:03:01  loss: 1.0811 (2.0189)  acc1: 81.2500 (54.1913)  acc5: 87.5000 (79.2705)  time: 0.2113  data: 0.0003  max mem: 41183
Test:  [7200/7958]  eta: 0:02:40  loss: 2.6964 (2.0255)  acc1: 37.5000 (54.0611)  acc5: 62.5000 (79.1765)  time: 0.2116  data: 0.0003  max mem: 41183
Test:  [7300/7958]  eta: 0:02:19  loss: 2.5258 (2.0218)  acc1: 43.7500 (54.1784)  acc5: 81.2500 (79.2400)  time: 0.2112  data: 0.0003  max mem: 41183
Test:  [7400/7958]  eta: 0:01:58  loss: 2.0428 (2.0248)  acc1: 50.0000 (54.1160)  acc5: 75.0000 (79.2013)  time: 0.2113  data: 0.0003  max mem: 41183
Test:  [7500/7958]  eta: 0:01:36  loss: 1.6406 (2.0239)  acc1: 56.2500 (54.1228)  acc5: 87.5000 (79.2269)  time: 0.2115  data: 0.0003  max mem: 41183
Test:  [7600/7958]  eta: 0:01:15  loss: 1.5318 (2.0228)  acc1: 68.7500 (54.1310)  acc5: 81.2500 (79.2322)  time: 0.2119  data: 0.0003  max mem: 41183
Test:  [7700/7958]  eta: 0:00:54  loss: 1.6034 (2.0226)  acc1: 56.2500 (54.1301)  acc5: 81.2500 (79.2519)  time: 0.2119  data: 0.0003  max mem: 41183
Test:  [7800/7958]  eta: 0:00:33  loss: 1.5452 (2.0256)  acc1: 56.2500 (54.0500)  acc5: 87.5000 (79.2254)  time: 0.2118  data: 0.0003  max mem: 41183
Test:  [7900/7958]  eta: 0:00:12  loss: 1.8057 (2.0251)  acc1: 50.0000 (54.0928)  acc5: 81.2500 (79.2107)  time: 0.2119  data: 0.0003  max mem: 41183
Test: Total time: 0:28:04
 * Acc@1 = 54.13263382759487, Acc@5 = 79.21745413420457, loss = 2.0240519280346696
Namespace(model='QKFormer_10_768', dataset='es-imagenet', num_classes=1000, data_path='/model/es-imagenet', device='cuda', batch_size=16, workers=4, print_freq=3072, output_dir='./logs4', resume='', sync_bn=False, test_only=False, amp=True, world_size=1, dist_url='env://', tb=True, T=8, opt='adamw', opt_eps=1e-08, opt_betas=None, weight_decay=0.01, momentum=0.9, connect_f='ADD', T_train=None, sched='cosine', lr=0.0005, lr_noise=None, lr_noise_pct=0.67, lr_noise_std=1.0, lr_cycle_mul=1.0, lr_cycle_limit=1, warmup_lr=1e-05, min_lr=1e-06, epochs=100, epoch_repeats=0.0, start_epoch=0, decay_epochs=20, warmup_epochs=20, cooldown_epochs=10, patience_epochs=10, decay_rate=0.1, smoothing=0.1, mixup=0.5, cutmix=0.0, cutmix_minmax=None, mixup_prob=0.5, mixup_switch_prob=0.5, mixup_mode='batch', mixup_off_epoch=0, grad_clip=5.0, distributed=False)
Training time 8 days, 14:26:14 max_test_acc1 54.13263382759487 test_acc5_at_max_test_acc1 79.21745413420457
./logs4/QKFormer_10_768_b16_T8_wd0.01_adamw_cnf_ADD/lr0.0005
Epoch: [25]  [    0/71874]  eta: 19:52:11  lr: 0.0004269231419060436  img/s: 42.48168116613587  loss: 2.9339 (2.9339)  acc1: 43.7500 (43.7500)  acc5: 75.0000 (75.0000)  time: 0.9952  data: 0.6186  max mem: 41183
Epoch: [25]  [ 3072/71874]  eta: 7:07:49  lr: 0.0004269231419060436  img/s: 43.154411296602696  loss: 3.6280 (3.4434)  acc1: 43.7500 (47.2482)  acc5: 75.0000 (71.9391)  time: 0.3727  data: 0.0002  max mem: 41183
Epoch: [25]  [ 6144/71874]  eta: 6:49:13  lr: 0.0004269231419060436  img/s: 42.85466587993083  loss: 3.0411 (3.4403)  acc1: 50.0000 (47.1054)  acc5: 75.0000 (71.8918)  time: 0.3716  data: 0.0002  max mem: 41183
Epoch: [25]  [ 9216/71874]  eta: 6:30:10  lr: 0.0004269231419060436  img/s: 43.09496850822485  loss: 3.5294 (3.4437)  acc1: 50.0000 (46.8977)  acc5: 75.0000 (71.7363)  time: 0.3739  data: 0.0002  max mem: 41183
Epoch: [25]  [12288/71874]  eta: 6:11:02  lr: 0.0004269231419060436  img/s: 43.10227570508835  loss: 3.2789 (3.4449)  acc1: 43.7500 (46.7913)  acc5: 68.7500 (71.6662)  time: 0.3733  data: 0.0002  max mem: 41183
Epoch: [25]  [15360/71874]  eta: 5:51:54  lr: 0.0004269231419060436  img/s: 42.84881028848573  loss: 2.9739 (3.4520)  acc1: 50.0000 (46.6710)  acc5: 75.0000 (71.5180)  time: 0.3729  data: 0.0002  max mem: 41183
Epoch: [25]  [18432/71874]  eta: 5:32:45  lr: 0.0004269231419060436  img/s: 42.9941667633  loss: 2.9544 (3.4553)  acc1: 56.2500 (46.6121)  acc5: 75.0000 (71.4269)  time: 0.3732  data: 0.0002  max mem: 41183
Epoch: [25]  [21504/71874]  eta: 5:13:39  lr: 0.0004269231419060436  img/s: 43.06568157038705  loss: 3.0195 (3.4587)  acc1: 43.7500 (46.5087)  acc5: 75.0000 (71.3000)  time: 0.3724  data: 0.0002  max mem: 41183
Epoch: [25]  [24576/71874]  eta: 4:54:32  lr: 0.0004269231419060436  img/s: 42.814065401808925  loss: 3.3682 (3.4603)  acc1: 43.7500 (46.4474)  acc5: 68.7500 (71.2348)  time: 0.3734  data: 0.0002  max mem: 41183
Epoch: [25]  [27648/71874]  eta: 4:35:24  lr: 0.0004269231419060436  img/s: 43.32007694591838  loss: 3.0195 (3.4598)  acc1: 50.0000 (46.4664)  acc5: 75.0000 (71.2026)  time: 0.3732  data: 0.0002  max mem: 41183
Epoch: [25]  [30720/71874]  eta: 4:16:17  lr: 0.0004269231419060436  img/s: 43.03284684638469  loss: 2.9856 (3.4616)  acc1: 50.0000 (46.4285)  acc5: 81.2500 (71.1498)  time: 0.3722  data: 0.0002  max mem: 41183
Epoch: [25]  [33792/71874]  eta: 3:57:09  lr: 0.0004269231419060436  img/s: 42.88363901729561  loss: 3.7718 (3.4616)  acc1: 37.5000 (46.4148)  acc5: 68.7500 (71.1277)  time: 0.3735  data: 0.0002  max mem: 41183
Epoch: [25]  [36864/71874]  eta: 3:38:01  lr: 0.0004269231419060436  img/s: 42.98684110229068  loss: 3.2164 (3.4642)  acc1: 43.7500 (46.3388)  acc5: 68.7500 (71.0647)  time: 0.3729  data: 0.0002  max mem: 41183
Epoch: [25]  [39936/71874]  eta: 3:18:52  lr: 0.0004269231419060436  img/s: 43.02716315976421  loss: 3.1510 (3.4665)  acc1: 50.0000 (46.3100)  acc5: 68.7500 (71.0164)  time: 0.3733  data: 0.0002  max mem: 41183
Epoch: [25]  [43008/71874]  eta: 2:59:44  lr: 0.0004269231419060436  img/s: 42.92236746671237  loss: 3.0219 (3.4696)  acc1: 50.0000 (46.2668)  acc5: 75.0000 (70.9729)  time: 0.3723  data: 0.0002  max mem: 41183
Epoch: [25]  [46080/71874]  eta: 2:40:37  lr: 0.0004269231419060436  img/s: 43.2895618204243  loss: 3.1662 (3.4709)  acc1: 43.7500 (46.2365)  acc5: 68.7500 (70.9335)  time: 0.3722  data: 0.0002  max mem: 41183
Epoch: [25]  [49152/71874]  eta: 2:21:30  lr: 0.0004269231419060436  img/s: 42.93395569749826  loss: 3.4052 (3.4729)  acc1: 50.0000 (46.1716)  acc5: 75.0000 (70.9021)  time: 0.3721  data: 0.0002  max mem: 41183
Epoch: [25]  [52224/71874]  eta: 2:02:22  lr: 0.0004269231419060436  img/s: 43.11421058413645  loss: 3.3265 (3.4751)  acc1: 50.0000 (46.1295)  acc5: 75.0000 (70.8518)  time: 0.3727  data: 0.0002  max mem: 41183
Epoch: [25]  [55296/71874]  eta: 1:43:14  lr: 0.0004269231419060436  img/s: 43.12252182668835  loss: 3.4516 (3.4760)  acc1: 43.7500 (46.1078)  acc5: 68.7500 (70.8241)  time: 0.3723  data: 0.0002  max mem: 41183
Epoch: [25]  [58368/71874]  eta: 1:24:06  lr: 0.0004269231419060436  img/s: 42.59200911894421  loss: 3.2140 (3.4779)  acc1: 43.7500 (46.0446)  acc5: 75.0000 (70.7787)  time: 0.3731  data: 0.0002  max mem: 41183
Epoch: [25]  [61440/71874]  eta: 1:04:58  lr: 0.0004269231419060436  img/s: 43.03339874058969  loss: 3.0928 (3.4798)  acc1: 43.7500 (46.0023)  acc5: 68.7500 (70.7268)  time: 0.3761  data: 0.0002  max mem: 41183
Epoch: [25]  [64512/71874]  eta: 0:45:50  lr: 0.0004269231419060436  img/s: 42.90949594076075  loss: 3.0877 (3.4815)  acc1: 50.0000 (45.9572)  acc5: 75.0000 (70.6902)  time: 0.3737  data: 0.0002  max mem: 41183
Epoch: [25]  [67584/71874]  eta: 0:26:42  lr: 0.0004269231419060436  img/s: 42.93505443266677  loss: 3.3585 (3.4820)  acc1: 37.5000 (45.9463)  acc5: 68.7500 (70.6713)  time: 0.3781  data: 0.0002  max mem: 41183
Epoch: [25]  [70656/71874]  eta: 0:07:35  lr: 0.0004269231419060436  img/s: 42.96273363102383  loss: 3.5807 (3.4850)  acc1: 43.7500 (45.8980)  acc5: 68.7500 (70.6092)  time: 0.3729  data: 0.0002  max mem: 41183
Epoch: [25] Total time: 7:27:36
Test:  [   0/7958]  eta: 1:47:25  loss: 0.5479 (0.5479)  acc1: 93.7500 (93.7500)  acc5: 93.7500 (93.7500)  time: 0.8100  data: 0.5999  max mem: 41183
Test:  [ 100/7958]  eta: 0:28:30  loss: 1.4681 (1.4979)  acc1: 62.5000 (65.3465)  acc5: 87.5000 (86.5718)  time: 0.2115  data: 0.0003  max mem: 41183
Test:  [ 200/7958]  eta: 0:27:45  loss: 1.8682 (1.6499)  acc1: 50.0000 (62.0336)  acc5: 87.5000 (84.7015)  time: 0.2120  data: 0.0003  max mem: 41183
Test:  [ 300/7958]  eta: 0:27:16  loss: 1.2761 (1.6311)  acc1: 75.0000 (62.5000)  acc5: 93.7500 (85.1952)  time: 0.2117  data: 0.0004  max mem: 41183
Test:  [ 400/7958]  eta: 0:26:50  loss: 1.0316 (1.5199)  acc1: 75.0000 (64.5885)  acc5: 93.7500 (86.6739)  time: 0.2118  data: 0.0003  max mem: 41183
Test:  [ 500/7958]  eta: 0:26:26  loss: 2.3820 (1.5637)  acc1: 50.0000 (63.8847)  acc5: 75.0000 (85.9281)  time: 0.2117  data: 0.0003  max mem: 41183
Test:  [ 600/7958]  eta: 0:26:03  loss: 1.9025 (1.6559)  acc1: 50.0000 (61.1585)  acc5: 87.5000 (84.5570)  time: 0.2111  data: 0.0003  max mem: 41183
Test:  [ 700/7958]  eta: 0:25:41  loss: 2.2222 (1.7678)  acc1: 43.7500 (58.4522)  acc5: 75.0000 (82.7568)  time: 0.2114  data: 0.0003  max mem: 41183
Test:  [ 800/7958]  eta: 0:25:19  loss: 2.2167 (1.8493)  acc1: 37.5000 (56.6011)  acc5: 81.2500 (81.5621)  time: 0.2113  data: 0.0003  max mem: 41183
Test:  [ 900/7958]  eta: 0:24:57  loss: 2.2497 (1.8815)  acc1: 50.0000 (55.7159)  acc5: 81.2500 (81.2569)  time: 0.2110  data: 0.0003  max mem: 41183
Test:  [1000/7958]  eta: 0:24:35  loss: 2.9076 (1.9546)  acc1: 31.2500 (54.0147)  acc5: 62.5000 (80.1074)  time: 0.2116  data: 0.0003  max mem: 41183
Test:  [1100/7958]  eta: 0:24:14  loss: 2.1356 (1.9949)  acc1: 43.7500 (53.2073)  acc5: 75.0000 (79.4675)  time: 0.2118  data: 0.0003  max mem: 41183
Test:  [1200/7958]  eta: 0:23:53  loss: 1.6703 (1.9947)  acc1: 56.2500 (52.8570)  acc5: 87.5000 (79.7044)  time: 0.2121  data: 0.0004  max mem: 41183
Test:  [1300/7958]  eta: 0:23:31  loss: 2.1655 (1.9968)  acc1: 50.0000 (52.4548)  acc5: 75.0000 (79.7752)  time: 0.2119  data: 0.0003  max mem: 41183
Test:  [1400/7958]  eta: 0:23:10  loss: 2.6565 (1.9992)  acc1: 31.2500 (52.2439)  acc5: 75.0000 (79.8091)  time: 0.2117  data: 0.0003  max mem: 41183
Test:  [1500/7958]  eta: 0:22:48  loss: 2.0235 (2.0274)  acc1: 43.7500 (51.6531)  acc5: 81.2500 (79.3971)  time: 0.2116  data: 0.0003  max mem: 41183
Test:  [1600/7958]  eta: 0:22:27  loss: 1.3368 (2.0108)  acc1: 68.7500 (51.9051)  acc5: 87.5000 (79.7002)  time: 0.2113  data: 0.0003  max mem: 41183
Test:  [1700/7958]  eta: 0:22:06  loss: 0.9923 (1.9870)  acc1: 68.7500 (52.4067)  acc5: 87.5000 (80.0999)  time: 0.2115  data: 0.0003  max mem: 41183
Test:  [1800/7958]  eta: 0:21:44  loss: 1.4506 (1.9766)  acc1: 68.7500 (52.9393)  acc5: 87.5000 (80.2089)  time: 0.2112  data: 0.0003  max mem: 41183
Test:  [1900/7958]  eta: 0:21:23  loss: 2.0292 (1.9734)  acc1: 50.0000 (53.0149)  acc5: 81.2500 (80.2998)  time: 0.2115  data: 0.0004  max mem: 41183
Test:  [2000/7958]  eta: 0:21:02  loss: 0.3627 (1.9364)  acc1: 93.7500 (54.0355)  acc5: 100.0000 (80.7721)  time: 0.2122  data: 0.0003  max mem: 41183
Test:  [2100/7958]  eta: 0:20:41  loss: 1.9193 (1.9251)  acc1: 50.0000 (54.3223)  acc5: 81.2500 (81.0001)  time: 0.2119  data: 0.0004  max mem: 41183
Test:  [2200/7958]  eta: 0:20:19  loss: 1.6242 (1.9132)  acc1: 62.5000 (54.6343)  acc5: 87.5000 (81.2074)  time: 0.2120  data: 0.0003  max mem: 41183
Test:  [2300/7958]  eta: 0:19:58  loss: 2.1883 (1.9088)  acc1: 37.5000 (54.5850)  acc5: 75.0000 (81.3424)  time: 0.2114  data: 0.0003  max mem: 41183
Test:  [2400/7958]  eta: 0:19:37  loss: 1.3210 (1.9084)  acc1: 68.7500 (54.6205)  acc5: 93.7500 (81.3932)  time: 0.2116  data: 0.0003  max mem: 41183
Test:  [2500/7958]  eta: 0:19:16  loss: 2.0151 (1.9213)  acc1: 50.0000 (54.1833)  acc5: 81.2500 (81.1900)  time: 0.2114  data: 0.0003  max mem: 41183
Test:  [2600/7958]  eta: 0:18:54  loss: 1.8358 (1.9018)  acc1: 43.7500 (54.5415)  acc5: 87.5000 (81.4663)  time: 0.2115  data: 0.0003  max mem: 41183
Test:  [2700/7958]  eta: 0:18:33  loss: 1.3580 (1.8817)  acc1: 68.7500 (55.0097)  acc5: 87.5000 (81.7359)  time: 0.2113  data: 0.0003  max mem: 41183
Test:  [2800/7958]  eta: 0:18:12  loss: 2.1082 (1.8820)  acc1: 43.7500 (55.1232)  acc5: 75.0000 (81.8011)  time: 0.2120  data: 0.0003  max mem: 41183
Test:  [2900/7958]  eta: 0:17:51  loss: 1.5456 (1.8892)  acc1: 62.5000 (55.1125)  acc5: 81.2500 (81.6313)  time: 0.2121  data: 0.0003  max mem: 41183
Test:  [3000/7958]  eta: 0:17:30  loss: 1.0769 (1.8928)  acc1: 75.0000 (55.1337)  acc5: 93.7500 (81.5936)  time: 0.2117  data: 0.0004  max mem: 41183
Test:  [3100/7958]  eta: 0:17:08  loss: 1.4236 (1.8931)  acc1: 62.5000 (55.2040)  acc5: 87.5000 (81.6067)  time: 0.2118  data: 0.0003  max mem: 41183
Test:  [3200/7958]  eta: 0:16:47  loss: 2.0606 (1.8934)  acc1: 50.0000 (55.2835)  acc5: 75.0000 (81.5526)  time: 0.2115  data: 0.0003  max mem: 41183
Test:  [3300/7958]  eta: 0:16:26  loss: 2.4723 (1.9100)  acc1: 43.7500 (55.0004)  acc5: 68.7500 (81.2614)  time: 0.2113  data: 0.0003  max mem: 41183
Test:  [3400/7958]  eta: 0:16:05  loss: 2.1830 (1.9085)  acc1: 43.7500 (55.1437)  acc5: 68.7500 (81.2684)  time: 0.2113  data: 0.0003  max mem: 41183
Test:  [3500/7958]  eta: 0:15:44  loss: 1.2802 (1.9061)  acc1: 62.5000 (55.2467)  acc5: 87.5000 (81.3125)  time: 0.2114  data: 0.0003  max mem: 41183
Test:  [3600/7958]  eta: 0:15:22  loss: 1.9873 (1.9072)  acc1: 50.0000 (55.1861)  acc5: 81.2500 (81.3038)  time: 0.2116  data: 0.0003  max mem: 41183
Test:  [3700/7958]  eta: 0:15:01  loss: 1.6642 (1.8996)  acc1: 62.5000 (55.3482)  acc5: 81.2500 (81.4189)  time: 0.2119  data: 0.0003  max mem: 41183
Test:  [3800/7958]  eta: 0:14:40  loss: 1.8597 (1.9072)  acc1: 50.0000 (55.1993)  acc5: 81.2500 (81.3108)  time: 0.2118  data: 0.0003  max mem: 41183
Test:  [3900/7958]  eta: 0:14:19  loss: 2.1933 (1.9011)  acc1: 50.0000 (55.4329)  acc5: 81.2500 (81.4086)  time: 0.2121  data: 0.0003  max mem: 41183
Test:  [4000/7958]  eta: 0:13:58  loss: 2.6469 (1.9116)  acc1: 31.2500 (55.1846)  acc5: 75.0000 (81.2578)  time: 0.2111  data: 0.0003  max mem: 41183
Test:  [4100/7958]  eta: 0:13:36  loss: 1.0676 (1.9108)  acc1: 75.0000 (55.2487)  acc5: 93.7500 (81.2546)  time: 0.2114  data: 0.0003  max mem: 41183
Test:  [4200/7958]  eta: 0:13:15  loss: 1.5951 (1.9034)  acc1: 68.7500 (55.4838)  acc5: 81.2500 (81.3586)  time: 0.2115  data: 0.0003  max mem: 41183
Test:  [4300/7958]  eta: 0:12:54  loss: 2.1056 (1.9003)  acc1: 43.7500 (55.6063)  acc5: 81.2500 (81.3808)  time: 0.2115  data: 0.0003  max mem: 41183
Test:  [4400/7958]  eta: 0:12:33  loss: 1.5545 (1.9076)  acc1: 56.2500 (55.5527)  acc5: 87.5000 (81.2202)  time: 0.2115  data: 0.0003  max mem: 41183
Test:  [4500/7958]  eta: 0:12:12  loss: 1.8062 (1.9131)  acc1: 56.2500 (55.3780)  acc5: 75.0000 (81.1542)  time: 0.2115  data: 0.0003  max mem: 41183
Test:  [4600/7958]  eta: 0:11:50  loss: 1.6809 (1.9085)  acc1: 62.5000 (55.5368)  acc5: 81.2500 (81.1889)  time: 0.2118  data: 0.0003  max mem: 41183
Test:  [4700/7958]  eta: 0:11:29  loss: 1.8259 (1.9132)  acc1: 62.5000 (55.4244)  acc5: 81.2500 (81.1131)  time: 0.2116  data: 0.0003  max mem: 41183
Test:  [4800/7958]  eta: 0:11:08  loss: 1.6709 (1.9153)  acc1: 56.2500 (55.3531)  acc5: 87.5000 (81.0899)  time: 0.2119  data: 0.0003  max mem: 41183
Test:  [4900/7958]  eta: 0:10:47  loss: 1.8499 (1.9179)  acc1: 56.2500 (55.3535)  acc5: 81.2500 (81.0154)  time: 0.2112  data: 0.0003  max mem: 41183
Test:  [5000/7958]  eta: 0:10:26  loss: 1.9433 (1.9197)  acc1: 31.2500 (55.2115)  acc5: 87.5000 (81.0188)  time: 0.2113  data: 0.0003  max mem: 41183
Test:  [5100/7958]  eta: 0:10:05  loss: 2.6098 (1.9188)  acc1: 37.5000 (55.2159)  acc5: 68.7500 (81.0368)  time: 0.2113  data: 0.0003  max mem: 41183
Test:  [5200/7958]  eta: 0:09:43  loss: 1.0047 (1.9226)  acc1: 75.0000 (55.1817)  acc5: 93.7500 (80.9652)  time: 0.2113  data: 0.0003  max mem: 41183
Test:  [5300/7958]  eta: 0:09:22  loss: 2.3198 (1.9239)  acc1: 43.7500 (55.1971)  acc5: 75.0000 (80.9187)  time: 0.2115  data: 0.0003  max mem: 41183
Test:  [5400/7958]  eta: 0:09:01  loss: 2.0707 (1.9245)  acc1: 56.2500 (55.2317)  acc5: 81.2500 (80.8820)  time: 0.2120  data: 0.0003  max mem: 41183
Test:  [5500/7958]  eta: 0:08:40  loss: 1.1464 (1.9241)  acc1: 62.5000 (55.2661)  acc5: 93.7500 (80.8796)  time: 0.2118  data: 0.0003  max mem: 41183
Test:  [5600/7958]  eta: 0:08:19  loss: 2.5470 (1.9282)  acc1: 43.7500 (55.2669)  acc5: 68.7500 (80.7880)  time: 0.2119  data: 0.0003  max mem: 41183
Test:  [5700/7958]  eta: 0:07:58  loss: 2.4675 (1.9314)  acc1: 43.7500 (55.1712)  acc5: 75.0000 (80.7534)  time: 0.2118  data: 0.0003  max mem: 41183
Test:  [5800/7958]  eta: 0:07:36  loss: 2.0824 (1.9378)  acc1: 50.0000 (55.0282)  acc5: 75.0000 (80.6660)  time: 0.2114  data: 0.0003  max mem: 41183
Test:  [5900/7958]  eta: 0:07:15  loss: 1.9362 (1.9368)  acc1: 50.0000 (55.0595)  acc5: 81.2500 (80.6696)  time: 0.2115  data: 0.0003  max mem: 41183
Test:  [6000/7958]  eta: 0:06:54  loss: 1.8481 (1.9409)  acc1: 43.7500 (55.0294)  acc5: 81.2500 (80.6043)  time: 0.2113  data: 0.0003  max mem: 41183
Test:  [6100/7958]  eta: 0:06:33  loss: 2.0171 (1.9450)  acc1: 56.2500 (54.9910)  acc5: 81.2500 (80.5155)  time: 0.2115  data: 0.0003  max mem: 41183
Test:  [6200/7958]  eta: 0:06:12  loss: 2.2223 (1.9493)  acc1: 43.7500 (54.9750)  acc5: 75.0000 (80.4336)  time: 0.2117  data: 0.0003  max mem: 41183
Test:  [6300/7958]  eta: 0:05:50  loss: 1.7800 (1.9476)  acc1: 43.7500 (55.0399)  acc5: 75.0000 (80.4406)  time: 0.2115  data: 0.0003  max mem: 41183
Test:  [6400/7958]  eta: 0:05:29  loss: 0.7665 (1.9450)  acc1: 81.2500 (55.1125)  acc5: 93.7500 (80.4728)  time: 0.2119  data: 0.0003  max mem: 41183
Test:  [6500/7958]  eta: 0:05:08  loss: 1.4217 (1.9441)  acc1: 62.5000 (55.1482)  acc5: 87.5000 (80.4722)  time: 0.2116  data: 0.0003  max mem: 41183
Test:  [6600/7958]  eta: 0:04:47  loss: 2.4616 (1.9489)  acc1: 43.7500 (55.0504)  acc5: 68.7500 (80.3770)  time: 0.2114  data: 0.0003  max mem: 41183
Test:  [6700/7958]  eta: 0:04:26  loss: 1.8864 (1.9493)  acc1: 56.2500 (55.0058)  acc5: 81.2500 (80.3705)  time: 0.2114  data: 0.0003  max mem: 41183
Test:  [6800/7958]  eta: 0:04:05  loss: 2.9768 (1.9524)  acc1: 31.2500 (54.9506)  acc5: 75.0000 (80.3466)  time: 0.2114  data: 0.0003  max mem: 41183
Test:  [6900/7958]  eta: 0:03:43  loss: 1.8522 (1.9506)  acc1: 43.7500 (54.9830)  acc5: 75.0000 (80.3679)  time: 0.2113  data: 0.0003  max mem: 41183
Test:  [7000/7958]  eta: 0:03:22  loss: 1.0162 (1.9500)  acc1: 75.0000 (55.0448)  acc5: 93.7500 (80.3358)  time: 0.2110  data: 0.0003  max mem: 41183
Test:  [7100/7958]  eta: 0:03:01  loss: 0.9887 (1.9528)  acc1: 75.0000 (54.9597)  acc5: 93.7500 (80.2880)  time: 0.2119  data: 0.0003  max mem: 41183
Test:  [7200/7958]  eta: 0:02:40  loss: 2.0176 (1.9568)  acc1: 43.7500 (54.8787)  acc5: 81.2500 (80.2198)  time: 0.2118  data: 0.0003  max mem: 41183
Test:  [7300/7958]  eta: 0:02:19  loss: 1.8974 (1.9493)  acc1: 56.2500 (55.0695)  acc5: 87.5000 (80.3032)  time: 0.2120  data: 0.0003  max mem: 41183
Test:  [7400/7958]  eta: 0:01:58  loss: 2.4652 (1.9566)  acc1: 43.7500 (54.9402)  acc5: 75.0000 (80.1885)  time: 0.2118  data: 0.0003  max mem: 41183
Test:  [7500/7958]  eta: 0:01:36  loss: 2.6515 (1.9583)  acc1: 31.2500 (54.8918)  acc5: 81.2500 (80.1568)  time: 0.2114  data: 0.0003  max mem: 41183
Test:  [7600/7958]  eta: 0:01:15  loss: 1.5348 (1.9571)  acc1: 68.7500 (54.9401)  acc5: 87.5000 (80.1523)  time: 0.2114  data: 0.0003  max mem: 41183
Test:  [7700/7958]  eta: 0:00:54  loss: 2.1127 (1.9594)  acc1: 50.0000 (54.8752)  acc5: 81.2500 (80.1130)  time: 0.2113  data: 0.0003  max mem: 41183
Test:  [7800/7958]  eta: 0:00:33  loss: 1.0195 (1.9589)  acc1: 68.7500 (54.8423)  acc5: 93.7500 (80.1596)  time: 0.2112  data: 0.0003  max mem: 41183
Test:  [7900/7958]  eta: 0:00:12  loss: 0.6868 (1.9524)  acc1: 81.2500 (55.0247)  acc5: 93.7500 (80.2232)  time: 0.2117  data: 0.0003  max mem: 41183
Test: Total time: 0:28:04
 * Acc@1 = 55.01539331490324, Acc@5 = 80.19210228700679, loss = 1.9543469359245798
Namespace(model='QKFormer_10_768', dataset='es-imagenet', num_classes=1000, data_path='/model/es-imagenet', device='cuda', batch_size=16, workers=4, print_freq=3072, output_dir='./logs4', resume='', sync_bn=False, test_only=False, amp=True, world_size=1, dist_url='env://', tb=True, T=8, opt='adamw', opt_eps=1e-08, opt_betas=None, weight_decay=0.01, momentum=0.9, connect_f='ADD', T_train=None, sched='cosine', lr=0.0005, lr_noise=None, lr_noise_pct=0.67, lr_noise_std=1.0, lr_cycle_mul=1.0, lr_cycle_limit=1, warmup_lr=1e-05, min_lr=1e-06, epochs=100, epoch_repeats=0.0, start_epoch=0, decay_epochs=20, warmup_epochs=20, cooldown_epochs=10, patience_epochs=10, decay_rate=0.1, smoothing=0.1, mixup=0.5, cutmix=0.0, cutmix_minmax=None, mixup_prob=0.5, mixup_switch_prob=0.5, mixup_mode='batch', mixup_off_epoch=0, grad_clip=5.0, distributed=False)
Training time 8 days, 22:22:00 max_test_acc1 55.01539331490324 test_acc5_at_max_test_acc1 80.19210228700679
./logs4/QKFormer_10_768_b16_T8_wd0.01_adamw_cnf_ADD/lr0.0005
Epoch: [26]  [    0/71874]  eta: 20:24:25  lr: 0.00042129450292920784  img/s: 42.288244223628006  loss: 2.2736 (2.2736)  acc1: 56.2500 (56.2500)  acc5: 81.2500 (81.2500)  time: 1.0221  data: 0.6438  max mem: 41183
Epoch: [26]  [ 3072/71874]  eta: 7:08:30  lr: 0.00042129450292920784  img/s: 42.975802247766644  loss: 3.2756 (3.4272)  acc1: 43.7500 (47.0916)  acc5: 75.0000 (71.7255)  time: 0.3723  data: 0.0002  max mem: 41183
Epoch: [26]  [ 6144/71874]  eta: 6:49:17  lr: 0.00042129450292920784  img/s: 42.44355562976399  loss: 2.9143 (3.4272)  acc1: 50.0000 (47.1766)  acc5: 75.0000 (71.6975)  time: 0.3734  data: 0.0002  max mem: 41183
Epoch: [26]  [ 9216/71874]  eta: 6:30:12  lr: 0.00042129450292920784  img/s: 42.73480917702737  loss: 3.0657 (3.4232)  acc1: 50.0000 (47.1703)  acc5: 75.0000 (71.7085)  time: 0.3727  data: 0.0002  max mem: 41183
Epoch: [26]  [12288/71874]  eta: 6:11:07  lr: 0.00042129450292920784  img/s: 42.63917787782789  loss: 3.0003 (3.4227)  acc1: 43.7500 (47.1240)  acc5: 68.7500 (71.6489)  time: 0.3730  data: 0.0002  max mem: 41183
Epoch: [26]  [15360/71874]  eta: 5:51:57  lr: 0.00042129450292920784  img/s: 43.2680147826827  loss: 3.2946 (3.4301)  acc1: 43.7500 (47.0168)  acc5: 75.0000 (71.5855)  time: 0.3727  data: 0.0002  max mem: 41183
Epoch: [26]  [18432/71874]  eta: 5:32:44  lr: 0.00042129450292920784  img/s: 42.980536423595055  loss: 3.1603 (3.4288)  acc1: 50.0000 (47.0233)  acc5: 75.0000 (71.5697)  time: 0.3773  data: 0.0002  max mem: 41183
Epoch: [26]  [21504/71874]  eta: 5:13:33  lr: 0.00042129450292920784  img/s: 43.03982935133884  loss: 3.1025 (3.4322)  acc1: 43.7500 (46.9388)  acc5: 68.7500 (71.5124)  time: 0.3721  data: 0.0002  max mem: 41183
Epoch: [26]  [24576/71874]  eta: 4:54:24  lr: 0.00042129450292920784  img/s: 43.08016795836605  loss: 3.1390 (3.4353)  acc1: 43.7500 (46.8650)  acc5: 68.7500 (71.4169)  time: 0.3778  data: 0.0002  max mem: 41183
Epoch: [26]  [27648/71874]  eta: 4:35:14  lr: 0.00042129450292920784  img/s: 43.106705515387894  loss: 3.0693 (3.4372)  acc1: 50.0000 (46.7752)  acc5: 75.0000 (71.3638)  time: 0.3730  data: 0.0002  max mem: 41183
Epoch: [26]  [30720/71874]  eta: 4:16:06  lr: 0.00042129450292920784  img/s: 43.19710598307103  loss: 2.8297 (3.4396)  acc1: 43.7500 (46.7229)  acc5: 75.0000 (71.3095)  time: 0.3714  data: 0.0002  max mem: 41183
Epoch: [26]  [33792/71874]  eta: 3:56:58  lr: 0.00042129450292920784  img/s: 43.12077619996145  loss: 3.4583 (3.4428)  acc1: 43.7500 (46.6709)  acc5: 68.7500 (71.2563)  time: 0.3728  data: 0.0002  max mem: 41183
Epoch: [26]  [36864/71874]  eta: 3:37:51  lr: 0.00042129450292920784  img/s: 42.85597950337055  loss: 3.5141 (3.4442)  acc1: 43.7500 (46.6257)  acc5: 75.0000 (71.2324)  time: 0.3727  data: 0.0002  max mem: 41183
Epoch: [26]  [39936/71874]  eta: 3:18:44  lr: 0.00042129450292920784  img/s: 43.16879083527331  loss: 3.2691 (3.4482)  acc1: 50.0000 (46.5322)  acc5: 68.7500 (71.1687)  time: 0.3726  data: 0.0002  max mem: 41183
Epoch: [26]  [43008/71874]  eta: 2:59:36  lr: 0.00042129450292920784  img/s: 43.229300827818726  loss: 3.0289 (3.4500)  acc1: 43.7500 (46.4917)  acc5: 75.0000 (71.1512)  time: 0.3721  data: 0.0002  max mem: 41183
Epoch: [26]  [46080/71874]  eta: 2:40:29  lr: 0.00042129450292920784  img/s: 42.83797892726421  loss: 3.2525 (3.4521)  acc1: 50.0000 (46.4454)  acc5: 75.0000 (71.1036)  time: 0.3718  data: 0.0002  max mem: 41183
Epoch: [26]  [49152/71874]  eta: 2:21:22  lr: 0.00042129450292920784  img/s: 43.34514714734887  loss: 3.3405 (3.4549)  acc1: 43.7500 (46.3926)  acc5: 68.7500 (71.0542)  time: 0.3715  data: 0.0002  max mem: 41183
Epoch: [26]  [52224/71874]  eta: 2:02:15  lr: 0.00042129450292920784  img/s: 43.38474209529031  loss: 3.2207 (3.4571)  acc1: 50.0000 (46.3431)  acc5: 75.0000 (70.9890)  time: 0.3721  data: 0.0002  max mem: 41183
Epoch: [26]  [55296/71874]  eta: 1:43:08  lr: 0.00042129450292920784  img/s: 43.1372405840178  loss: 3.7842 (3.4586)  acc1: 37.5000 (46.3062)  acc5: 62.5000 (70.9534)  time: 0.3716  data: 0.0002  max mem: 41183
Epoch: [26]  [58368/71874]  eta: 1:24:01  lr: 0.00042129450292920784  img/s: 42.82144158389055  loss: 3.2484 (3.4604)  acc1: 37.5000 (46.2610)  acc5: 68.7500 (70.9081)  time: 0.3797  data: 0.0002  max mem: 41183
Epoch: [26]  [61440/71874]  eta: 1:04:54  lr: 0.00042129450292920784  img/s: 43.03828362138239  loss: 3.2321 (3.4612)  acc1: 50.0000 (46.2314)  acc5: 68.7500 (70.8891)  time: 0.3722  data: 0.0002  max mem: 41183
Epoch: [26]  [64512/71874]  eta: 0:45:48  lr: 0.00042129450292920784  img/s: 42.851327449450416  loss: 3.4574 (3.4631)  acc1: 50.0000 (46.2014)  acc5: 75.0000 (70.8551)  time: 0.3710  data: 0.0002  max mem: 41183
Epoch: [26]  [67584/71874]  eta: 0:26:41  lr: 0.00042129450292920784  img/s: 43.152191372373515  loss: 3.5691 (3.4647)  acc1: 43.7500 (46.1592)  acc5: 75.0000 (70.8226)  time: 0.3724  data: 0.0002  max mem: 41183
Epoch: [26]  [70656/71874]  eta: 0:07:34  lr: 0.00042129450292920784  img/s: 43.158740805862124  loss: 3.3659 (3.4657)  acc1: 43.7500 (46.1219)  acc5: 68.7500 (70.7993)  time: 0.3726  data: 0.0002  max mem: 41183
Epoch: [26] Total time: 7:27:08
Test:  [   0/7958]  eta: 2:21:25  loss: 0.4522 (0.4522)  acc1: 87.5000 (87.5000)  acc5: 100.0000 (100.0000)  time: 1.0663  data: 0.8562  max mem: 41183
Test:  [ 100/7958]  eta: 0:28:46  loss: 1.5901 (1.8340)  acc1: 62.5000 (60.8911)  acc5: 87.5000 (82.6114)  time: 0.2109  data: 0.0003  max mem: 41183
Test:  [ 200/7958]  eta: 0:27:51  loss: 2.2901 (2.0273)  acc1: 31.2500 (55.8147)  acc5: 81.2500 (80.2550)  time: 0.2113  data: 0.0003  max mem: 41183
Test:  [ 300/7958]  eta: 0:27:20  loss: 2.1851 (2.0444)  acc1: 50.0000 (55.6686)  acc5: 81.2500 (79.5681)  time: 0.2117  data: 0.0003  max mem: 41183
Test:  [ 400/7958]  eta: 0:26:54  loss: 1.4517 (1.8775)  acc1: 62.5000 (58.8840)  acc5: 87.5000 (81.8423)  time: 0.2117  data: 0.0003  max mem: 41183
Test:  [ 500/7958]  eta: 0:26:29  loss: 2.3501 (1.8745)  acc1: 43.7500 (58.9197)  acc5: 75.0000 (81.8114)  time: 0.2119  data: 0.0003  max mem: 41183
Test:  [ 600/7958]  eta: 0:26:06  loss: 2.1938 (1.9592)  acc1: 50.0000 (56.4996)  acc5: 75.0000 (80.4285)  time: 0.2119  data: 0.0003  max mem: 41183
Test:  [ 700/7958]  eta: 0:25:44  loss: 2.7643 (2.0525)  acc1: 31.2500 (53.8873)  acc5: 62.5000 (78.9051)  time: 0.2117  data: 0.0003  max mem: 41183
Test:  [ 800/7958]  eta: 0:25:21  loss: 1.6382 (2.1126)  acc1: 50.0000 (52.7232)  acc5: 81.2500 (77.9182)  time: 0.2115  data: 0.0003  max mem: 41183
Test:  [ 900/7958]  eta: 0:24:59  loss: 2.8700 (2.1567)  acc1: 31.2500 (51.6926)  acc5: 68.7500 (77.2822)  time: 0.2113  data: 0.0003  max mem: 41183
Test:  [1000/7958]  eta: 0:24:37  loss: 2.1972 (2.2084)  acc1: 50.0000 (50.3309)  acc5: 75.0000 (76.4298)  time: 0.2114  data: 0.0003  max mem: 41183
Test:  [1100/7958]  eta: 0:24:16  loss: 1.8729 (2.2244)  acc1: 62.5000 (49.9886)  acc5: 87.5000 (76.2489)  time: 0.2115  data: 0.0003  max mem: 41183
Test:  [1200/7958]  eta: 0:23:54  loss: 2.4584 (2.2425)  acc1: 31.2500 (49.2923)  acc5: 75.0000 (76.0408)  time: 0.2118  data: 0.0003  max mem: 41183
Test:  [1300/7958]  eta: 0:23:33  loss: 2.3693 (2.2280)  acc1: 50.0000 (49.4235)  acc5: 75.0000 (76.2875)  time: 0.2121  data: 0.0003  max mem: 41183
Test:  [1400/7958]  eta: 0:23:11  loss: 2.9485 (2.2201)  acc1: 12.5000 (49.1345)  acc5: 68.7500 (76.5569)  time: 0.2119  data: 0.0003  max mem: 41183
Test:  [1500/7958]  eta: 0:22:50  loss: 1.8576 (2.2160)  acc1: 62.5000 (49.0715)  acc5: 81.2500 (76.6739)  time: 0.2120  data: 0.0003  max mem: 41183
Test:  [1600/7958]  eta: 0:22:28  loss: 1.4071 (2.1926)  acc1: 62.5000 (49.3598)  acc5: 87.5000 (77.1159)  time: 0.2113  data: 0.0003  max mem: 41183
Test:  [1700/7958]  eta: 0:22:07  loss: 1.6851 (2.1797)  acc1: 31.2500 (49.4746)  acc5: 87.5000 (77.4655)  time: 0.2116  data: 0.0004  max mem: 41183
Test:  [1800/7958]  eta: 0:21:46  loss: 1.4987 (2.1605)  acc1: 62.5000 (50.0243)  acc5: 87.5000 (77.7728)  time: 0.2112  data: 0.0004  max mem: 41183
Test:  [1900/7958]  eta: 0:21:24  loss: 2.4992 (2.1570)  acc1: 43.7500 (50.1315)  acc5: 75.0000 (77.8570)  time: 0.2112  data: 0.0003  max mem: 41183
Test:  [2000/7958]  eta: 0:21:03  loss: 0.9856 (2.1305)  acc1: 81.2500 (50.8308)  acc5: 93.7500 (78.2234)  time: 0.2114  data: 0.0003  max mem: 41183
Test:  [2100/7958]  eta: 0:20:41  loss: 1.3912 (2.1127)  acc1: 68.7500 (51.3386)  acc5: 87.5000 (78.4835)  time: 0.2119  data: 0.0003  max mem: 41183
Test:  [2200/7958]  eta: 0:20:20  loss: 1.8621 (2.1120)  acc1: 56.2500 (51.4397)  acc5: 81.2500 (78.5268)  time: 0.2120  data: 0.0003  max mem: 41183
Test:  [2300/7958]  eta: 0:19:59  loss: 2.4848 (2.1124)  acc1: 43.7500 (51.1327)  acc5: 68.7500 (78.6207)  time: 0.2117  data: 0.0003  max mem: 41183
Test:  [2400/7958]  eta: 0:19:38  loss: 2.0351 (2.1127)  acc1: 43.7500 (51.2833)  acc5: 81.2500 (78.5662)  time: 0.2119  data: 0.0003  max mem: 41183
Test:  [2500/7958]  eta: 0:19:16  loss: 2.5538 (2.1436)  acc1: 31.2500 (50.7097)  acc5: 75.0000 (78.0238)  time: 0.2112  data: 0.0003  max mem: 41183
Test:  [2600/7958]  eta: 0:18:55  loss: 2.2505 (2.1352)  acc1: 43.7500 (50.9443)  acc5: 75.0000 (78.1695)  time: 0.2113  data: 0.0003  max mem: 41183
Test:  [2700/7958]  eta: 0:18:34  loss: 1.8713 (2.1202)  acc1: 62.5000 (51.3722)  acc5: 81.2500 (78.2951)  time: 0.2114  data: 0.0003  max mem: 41183
Test:  [2800/7958]  eta: 0:18:13  loss: 2.7491 (2.1179)  acc1: 50.0000 (51.4303)  acc5: 62.5000 (78.3381)  time: 0.2111  data: 0.0003  max mem: 41183
Test:  [2900/7958]  eta: 0:17:51  loss: 1.8276 (2.1339)  acc1: 56.2500 (51.2323)  acc5: 81.2500 (78.0205)  time: 0.2116  data: 0.0003  max mem: 41183
Test:  [3000/7958]  eta: 0:17:30  loss: 1.2441 (2.1287)  acc1: 68.7500 (51.3558)  acc5: 93.7500 (78.0802)  time: 0.2118  data: 0.0003  max mem: 41183
Test:  [3100/7958]  eta: 0:17:09  loss: 2.4124 (2.1279)  acc1: 50.0000 (51.4532)  acc5: 68.7500 (78.0756)  time: 0.2120  data: 0.0003  max mem: 41183
Test:  [3200/7958]  eta: 0:16:48  loss: 2.6709 (2.1278)  acc1: 50.0000 (51.5893)  acc5: 68.7500 (78.1006)  time: 0.2119  data: 0.0003  max mem: 41183
Test:  [3300/7958]  eta: 0:16:26  loss: 2.1633 (2.1418)  acc1: 50.0000 (51.3405)  acc5: 75.0000 (77.8457)  time: 0.2113  data: 0.0003  max mem: 41183
Test:  [3400/7958]  eta: 0:16:05  loss: 2.0721 (2.1461)  acc1: 43.7500 (51.2974)  acc5: 68.7500 (77.7896)  time: 0.2115  data: 0.0003  max mem: 41183
Test:  [3500/7958]  eta: 0:15:44  loss: 2.0248 (2.1421)  acc1: 50.0000 (51.4246)  acc5: 81.2500 (77.8528)  time: 0.2114  data: 0.0003  max mem: 41183
Test:  [3600/7958]  eta: 0:15:23  loss: 1.8972 (2.1515)  acc1: 56.2500 (51.3000)  acc5: 81.2500 (77.7336)  time: 0.2113  data: 0.0003  max mem: 41183
Test:  [3700/7958]  eta: 0:15:02  loss: 3.1982 (2.1555)  acc1: 31.2500 (51.1838)  acc5: 62.5000 (77.7053)  time: 0.2114  data: 0.0003  max mem: 41183
Test:  [3800/7958]  eta: 0:14:40  loss: 2.5523 (2.1600)  acc1: 37.5000 (51.0704)  acc5: 75.0000 (77.6539)  time: 0.2118  data: 0.0003  max mem: 41183
Test:  [3900/7958]  eta: 0:14:19  loss: 1.4161 (2.1571)  acc1: 62.5000 (51.1984)  acc5: 87.5000 (77.6948)  time: 0.2120  data: 0.0003  max mem: 41183
Test:  [4000/7958]  eta: 0:13:58  loss: 2.9878 (2.1588)  acc1: 31.2500 (51.1638)  acc5: 62.5000 (77.6743)  time: 0.2117  data: 0.0003  max mem: 41183
Test:  [4100/7958]  eta: 0:13:37  loss: 1.4100 (2.1574)  acc1: 68.7500 (51.2146)  acc5: 87.5000 (77.6807)  time: 0.2117  data: 0.0003  max mem: 41183
Test:  [4200/7958]  eta: 0:13:16  loss: 2.0457 (2.1557)  acc1: 50.0000 (51.3300)  acc5: 81.2500 (77.6779)  time: 0.2116  data: 0.0003  max mem: 41183
Test:  [4300/7958]  eta: 0:12:54  loss: 2.7983 (2.1528)  acc1: 43.7500 (51.4706)  acc5: 62.5000 (77.6883)  time: 0.2114  data: 0.0003  max mem: 41183
Test:  [4400/7958]  eta: 0:12:33  loss: 1.5790 (2.1606)  acc1: 56.2500 (51.3846)  acc5: 87.5000 (77.5335)  time: 0.2114  data: 0.0003  max mem: 41183
Test:  [4500/7958]  eta: 0:12:12  loss: 2.7947 (2.1681)  acc1: 50.0000 (51.2706)  acc5: 62.5000 (77.4106)  time: 0.2113  data: 0.0003  max mem: 41183
Test:  [4600/7958]  eta: 0:11:51  loss: 3.1462 (2.1697)  acc1: 31.2500 (51.3041)  acc5: 62.5000 (77.3460)  time: 0.2116  data: 0.0003  max mem: 41183
Test:  [4700/7958]  eta: 0:11:30  loss: 1.8519 (2.1730)  acc1: 62.5000 (51.2271)  acc5: 75.0000 (77.2668)  time: 0.2119  data: 0.0004  max mem: 41183
Test:  [4800/7958]  eta: 0:11:08  loss: 2.3699 (2.1764)  acc1: 37.5000 (51.1209)  acc5: 81.2500 (77.2417)  time: 0.2119  data: 0.0003  max mem: 41183
Test:  [4900/7958]  eta: 0:10:47  loss: 2.3879 (2.1767)  acc1: 50.0000 (51.1745)  acc5: 75.0000 (77.2087)  time: 0.2119  data: 0.0003  max mem: 41183
Test:  [5000/7958]  eta: 0:10:26  loss: 1.8309 (2.1717)  acc1: 37.5000 (51.2073)  acc5: 87.5000 (77.2958)  time: 0.2116  data: 0.0003  max mem: 41183
Test:  [5100/7958]  eta: 0:10:05  loss: 1.7659 (2.1746)  acc1: 50.0000 (51.0439)  acc5: 68.7500 (77.2741)  time: 0.2111  data: 0.0003  max mem: 41183
Test:  [5200/7958]  eta: 0:09:44  loss: 1.1636 (2.1700)  acc1: 68.7500 (51.2281)  acc5: 87.5000 (77.2856)  time: 0.2114  data: 0.0003  max mem: 41183
Test:  [5300/7958]  eta: 0:09:22  loss: 2.7783 (2.1714)  acc1: 43.7500 (51.2674)  acc5: 68.7500 (77.2743)  time: 0.2115  data: 0.0003  max mem: 41183
Test:  [5400/7958]  eta: 0:09:01  loss: 2.0834 (2.1697)  acc1: 50.0000 (51.2984)  acc5: 81.2500 (77.2808)  time: 0.2115  data: 0.0003  max mem: 41183
Test:  [5500/7958]  eta: 0:08:40  loss: 1.1354 (2.1664)  acc1: 75.0000 (51.3975)  acc5: 93.7500 (77.3064)  time: 0.2116  data: 0.0003  max mem: 41183
Test:  [5600/7958]  eta: 0:08:19  loss: 3.4398 (2.1684)  acc1: 18.7500 (51.4160)  acc5: 56.2500 (77.2585)  time: 0.2120  data: 0.0003  max mem: 41183
Test:  [5700/7958]  eta: 0:07:58  loss: 2.6710 (2.1715)  acc1: 37.5000 (51.3287)  acc5: 68.7500 (77.2310)  time: 0.2118  data: 0.0003  max mem: 41183
Test:  [5800/7958]  eta: 0:07:36  loss: 2.3612 (2.1774)  acc1: 37.5000 (51.1388)  acc5: 75.0000 (77.1677)  time: 0.2119  data: 0.0003  max mem: 41183
Test:  [5900/7958]  eta: 0:07:15  loss: 2.0351 (2.1786)  acc1: 50.0000 (51.1185)  acc5: 75.0000 (77.1617)  time: 0.2114  data: 0.0003  max mem: 41183
Test:  [6000/7958]  eta: 0:06:54  loss: 2.4577 (2.1838)  acc1: 31.2500 (50.9811)  acc5: 75.0000 (77.0549)  time: 0.2113  data: 0.0003  max mem: 41183
Test:  [6100/7958]  eta: 0:06:33  loss: 2.5843 (2.1888)  acc1: 37.5000 (50.9507)  acc5: 75.0000 (76.9607)  time: 0.2116  data: 0.0003  max mem: 41183
Test:  [6200/7958]  eta: 0:06:12  loss: 1.9855 (2.1906)  acc1: 56.2500 (50.9918)  acc5: 81.2500 (76.9160)  time: 0.2114  data: 0.0003  max mem: 41183
Test:  [6300/7958]  eta: 0:05:51  loss: 2.2644 (2.1838)  acc1: 12.5000 (51.1238)  acc5: 81.2500 (77.0096)  time: 0.2115  data: 0.0003  max mem: 41183
Test:  [6400/7958]  eta: 0:05:29  loss: 0.9102 (2.1882)  acc1: 81.2500 (51.0828)  acc5: 93.7500 (76.9411)  time: 0.2121  data: 0.0003  max mem: 41183
Test:  [6500/7958]  eta: 0:05:08  loss: 0.9746 (2.1819)  acc1: 81.2500 (51.2296)  acc5: 87.5000 (77.0208)  time: 0.2118  data: 0.0003  max mem: 41183
Test:  [6600/7958]  eta: 0:04:47  loss: 2.1037 (2.1894)  acc1: 50.0000 (51.0813)  acc5: 75.0000 (76.8927)  time: 0.2119  data: 0.0003  max mem: 41183
Test:  [6700/7958]  eta: 0:04:26  loss: 1.2136 (2.1878)  acc1: 68.7500 (51.1043)  acc5: 87.5000 (76.9148)  time: 0.2116  data: 0.0003  max mem: 41183
Test:  [6800/7958]  eta: 0:04:05  loss: 1.8622 (2.1905)  acc1: 50.0000 (51.0706)  acc5: 81.2500 (76.8885)  time: 0.2113  data: 0.0003  max mem: 41183
Test:  [6900/7958]  eta: 0:03:44  loss: 2.7279 (2.1858)  acc1: 50.0000 (51.1910)  acc5: 68.7500 (76.9734)  time: 0.2114  data: 0.0003  max mem: 41183
Test:  [7000/7958]  eta: 0:03:22  loss: 1.9481 (2.1891)  acc1: 56.2500 (51.1463)  acc5: 81.2500 (76.9301)  time: 0.2113  data: 0.0003  max mem: 41183
Test:  [7100/7958]  eta: 0:03:01  loss: 0.9967 (2.1937)  acc1: 81.2500 (51.1108)  acc5: 93.7500 (76.8334)  time: 0.2113  data: 0.0003  max mem: 41183
Test:  [7200/7958]  eta: 0:02:40  loss: 2.5981 (2.2012)  acc1: 37.5000 (51.0007)  acc5: 75.0000 (76.7307)  time: 0.2117  data: 0.0003  max mem: 41183
Test:  [7300/7958]  eta: 0:02:19  loss: 3.2414 (2.1939)  acc1: 25.0000 (51.1694)  acc5: 68.7500 (76.8337)  time: 0.2120  data: 0.0003  max mem: 41183
Test:  [7400/7958]  eta: 0:01:58  loss: 2.5774 (2.1983)  acc1: 43.7500 (51.0792)  acc5: 75.0000 (76.7810)  time: 0.2117  data: 0.0003  max mem: 41183
Test:  [7500/7958]  eta: 0:01:36  loss: 2.4385 (2.2017)  acc1: 43.7500 (51.0174)  acc5: 75.0000 (76.7239)  time: 0.2121  data: 0.0003  max mem: 41183
Test:  [7600/7958]  eta: 0:01:15  loss: 1.3080 (2.2030)  acc1: 75.0000 (51.0336)  acc5: 87.5000 (76.6700)  time: 0.2114  data: 0.0003  max mem: 41183
Test:  [7700/7958]  eta: 0:00:54  loss: 2.3231 (2.2050)  acc1: 43.7500 (50.9788)  acc5: 68.7500 (76.6305)  time: 0.2115  data: 0.0003  max mem: 41183
Test:  [7800/7958]  eta: 0:00:33  loss: 1.6834 (2.2034)  acc1: 50.0000 (50.9670)  acc5: 81.2500 (76.6865)  time: 0.2112  data: 0.0003  max mem: 41183
Test:  [7900/7958]  eta: 0:00:12  loss: 1.7631 (2.2020)  acc1: 68.7500 (51.0695)  acc5: 81.2500 (76.6968)  time: 0.2117  data: 0.0003  max mem: 41183
Test: Total time: 0:28:05
 * Acc@1 = 51.088527268157826, Acc@5 = 76.66970344307614, loss = 2.2030755876090455
Namespace(model='QKFormer_10_768', dataset='es-imagenet', num_classes=1000, data_path='/model/es-imagenet', device='cuda', batch_size=16, workers=4, print_freq=3072, output_dir='./logs4', resume='', sync_bn=False, test_only=False, amp=True, world_size=1, dist_url='env://', tb=True, T=8, opt='adamw', opt_eps=1e-08, opt_betas=None, weight_decay=0.01, momentum=0.9, connect_f='ADD', T_train=None, sched='cosine', lr=0.0005, lr_noise=None, lr_noise_pct=0.67, lr_noise_std=1.0, lr_cycle_mul=1.0, lr_cycle_limit=1, warmup_lr=1e-05, min_lr=1e-06, epochs=100, epoch_repeats=0.0, start_epoch=0, decay_epochs=20, warmup_epochs=20, cooldown_epochs=10, patience_epochs=10, decay_rate=0.1, smoothing=0.1, mixup=0.5, cutmix=0.0, cutmix_minmax=None, mixup_prob=0.5, mixup_switch_prob=0.5, mixup_mode='batch', mixup_off_epoch=0, grad_clip=5.0, distributed=False)
Training time 9 days, 6:17:14 max_test_acc1 55.01539331490324 test_acc5_at_max_test_acc1 80.19210228700679
./logs4/QKFormer_10_768_b16_T8_wd0.01_adamw_cnf_ADD/lr0.0005
Epoch: [27]  [    0/71874]  eta: 20:22:17  lr: 0.0004154973103982511  img/s: 42.465283362958075  loss: 2.6154 (2.6154)  acc1: 56.2500 (56.2500)  acc5: 87.5000 (87.5000)  time: 1.0204  data: 0.6436  max mem: 41183
Epoch: [27]  [ 3072/71874]  eta: 7:08:19  lr: 0.0004154973103982511  img/s: 43.097265579594506  loss: 3.2692 (3.3802)  acc1: 43.7500 (47.9621)  acc5: 62.5000 (72.4862)  time: 0.3723  data: 0.0002  max mem: 41183
Epoch: [27]  [ 6144/71874]  eta: 6:48:48  lr: 0.0004154973103982511  img/s: 43.016958365597134  loss: 3.2069 (3.3958)  acc1: 50.0000 (47.7563)  acc5: 75.0000 (72.2264)  time: 0.3718  data: 0.0002  max mem: 41183
Epoch: [27]  [ 9216/71874]  eta: 6:29:38  lr: 0.0004154973103982511  img/s: 43.05819338595449  loss: 3.0826 (3.3934)  acc1: 50.0000 (47.6206)  acc5: 75.0000 (72.2185)  time: 0.3717  data: 0.0002  max mem: 41183
Epoch: [27]  [12288/71874]  eta: 6:10:33  lr: 0.0004154973103982511  img/s: 43.12892366738946  loss: 3.2403 (3.3995)  acc1: 43.7500 (47.5461)  acc5: 75.0000 (72.0868)  time: 0.3723  data: 0.0002  max mem: 41183
Epoch: [27]  [15360/71874]  eta: 5:51:30  lr: 0.0004154973103982511  img/s: 43.24425977668031  loss: 3.4577 (3.4036)  acc1: 43.7500 (47.4143)  acc5: 75.0000 (71.9550)  time: 0.3768  data: 0.0002  max mem: 41183
Epoch: [27]  [18432/71874]  eta: 5:32:24  lr: 0.0004154973103982511  img/s: 42.91871654812817  loss: 3.2120 (3.4049)  acc1: 50.0000 (47.3407)  acc5: 75.0000 (71.8748)  time: 0.3708  data: 0.0002  max mem: 41183
Epoch: [27]  [21504/71874]  eta: 5:13:17  lr: 0.0004154973103982511  img/s: 43.01243670764379  loss: 3.2621 (3.4060)  acc1: 43.7500 (47.3064)  acc5: 68.7500 (71.8223)  time: 0.3718  data: 0.0002  max mem: 41183
Epoch: [27]  [24576/71874]  eta: 4:54:07  lr: 0.0004154973103982511  img/s: 42.63660431278046  loss: 3.1776 (3.4094)  acc1: 43.7500 (47.2128)  acc5: 75.0000 (71.7470)  time: 0.3705  data: 0.0002  max mem: 41183
Epoch: [27]  [27648/71874]  eta: 4:35:00  lr: 0.0004154973103982511  img/s: 43.35088715465179  loss: 3.2035 (3.4102)  acc1: 50.0000 (47.1853)  acc5: 75.0000 (71.7026)  time: 0.3717  data: 0.0002  max mem: 41183
Epoch: [27]  [30720/71874]  eta: 4:15:53  lr: 0.0004154973103982511  img/s: 43.11587257633746  loss: 3.0289 (3.4127)  acc1: 43.7500 (47.1237)  acc5: 68.7500 (71.6570)  time: 0.3725  data: 0.0002  max mem: 41183
Epoch: [27]  [33792/71874]  eta: 3:56:47  lr: 0.0004154973103982511  img/s: 43.06775440632107  loss: 3.5206 (3.4153)  acc1: 50.0000 (47.0608)  acc5: 68.7500 (71.5836)  time: 0.3717  data: 0.0002  max mem: 41183
Epoch: [27]  [36864/71874]  eta: 3:37:40  lr: 0.0004154973103982511  img/s: 43.29305267313805  loss: 3.5773 (3.4198)  acc1: 43.7500 (46.9832)  acc5: 75.0000 (71.5130)  time: 0.3755  data: 0.0002  max mem: 41183
Epoch: [27]  [39936/71874]  eta: 3:18:33  lr: 0.0004154973103982511  img/s: 43.31733665195406  loss: 3.3129 (3.4211)  acc1: 43.7500 (46.9478)  acc5: 68.7500 (71.5025)  time: 0.3714  data: 0.0002  max mem: 41183
Epoch: [27]  [43008/71874]  eta: 2:59:26  lr: 0.0004154973103982511  img/s: 43.18292987400744  loss: 3.3202 (3.4244)  acc1: 43.7500 (46.8825)  acc5: 68.7500 (71.4310)  time: 0.3758  data: 0.0002  max mem: 41183
Epoch: [27]  [46080/71874]  eta: 2:40:19  lr: 0.0004154973103982511  img/s: 43.237099360677995  loss: 3.3325 (3.4258)  acc1: 43.7500 (46.8654)  acc5: 75.0000 (71.4139)  time: 0.3721  data: 0.0002  max mem: 41183
Epoch: [27]  [49152/71874]  eta: 2:21:13  lr: 0.0004154973103982511  img/s: 42.93140135558306  loss: 3.1863 (3.4269)  acc1: 37.5000 (46.8334)  acc5: 75.0000 (71.3751)  time: 0.3731  data: 0.0002  max mem: 41183
Epoch: [27]  [52224/71874]  eta: 2:02:08  lr: 0.0004154973103982511  img/s: 42.8794741153363  loss: 2.8727 (3.4287)  acc1: 50.0000 (46.7724)  acc5: 75.0000 (71.3163)  time: 0.3782  data: 0.0002  max mem: 41183
Epoch: [27]  [55296/71874]  eta: 1:43:03  lr: 0.0004154973103982511  img/s: 43.02994963403726  loss: 3.5561 (3.4309)  acc1: 43.7500 (46.6994)  acc5: 68.7500 (71.2628)  time: 0.3719  data: 0.0002  max mem: 41183
Epoch: [27]  [58368/71874]  eta: 1:23:57  lr: 0.0004154973103982511  img/s: 42.62912919112542  loss: 3.1627 (3.4322)  acc1: 43.7500 (46.6751)  acc5: 75.0000 (71.2233)  time: 0.3716  data: 0.0002  max mem: 41183
Epoch: [27]  [61440/71874]  eta: 1:04:51  lr: 0.0004154973103982511  img/s: 43.263970127950316  loss: 3.8405 (3.4342)  acc1: 31.2500 (46.6265)  acc5: 62.5000 (71.1815)  time: 0.3722  data: 0.0002  max mem: 41183
Epoch: [27]  [64512/71874]  eta: 0:45:46  lr: 0.0004154973103982511  img/s: 43.113739709640654  loss: 3.2785 (3.4372)  acc1: 43.7500 (46.5822)  acc5: 75.0000 (71.1283)  time: 0.3722  data: 0.0002  max mem: 41183
Epoch: [27]  [67584/71874]  eta: 0:26:40  lr: 0.0004154973103982511  img/s: 43.10894845403208  loss: 3.4393 (3.4389)  acc1: 43.7500 (46.5276)  acc5: 68.7500 (71.0983)  time: 0.3726  data: 0.0002  max mem: 41183
Epoch: [27]  [70656/71874]  eta: 0:07:34  lr: 0.0004154973103982511  img/s: 42.77474137766191  loss: 3.3845 (3.4405)  acc1: 37.5000 (46.4880)  acc5: 68.7500 (71.0480)  time: 0.3724  data: 0.0002  max mem: 41183
Epoch: [27] Total time: 7:26:52
Test:  [   0/7958]  eta: 1:45:50  loss: 0.5586 (0.5586)  acc1: 81.2500 (81.2500)  acc5: 100.0000 (100.0000)  time: 0.7980  data: 0.5876  max mem: 41183
Test:  [ 100/7958]  eta: 0:28:26  loss: 1.6570 (1.4637)  acc1: 62.5000 (66.2748)  acc5: 81.2500 (86.5718)  time: 0.2110  data: 0.0003  max mem: 41183
Test:  [ 200/7958]  eta: 0:27:41  loss: 2.2477 (1.6683)  acc1: 43.7500 (60.9142)  acc5: 75.0000 (84.2662)  time: 0.2110  data: 0.0003  max mem: 41183
Test:  [ 300/7958]  eta: 0:27:13  loss: 1.8857 (1.6228)  acc1: 62.5000 (62.1055)  acc5: 81.2500 (84.8422)  time: 0.2115  data: 0.0003  max mem: 41183
Test:  [ 400/7958]  eta: 0:26:49  loss: 1.2517 (1.5851)  acc1: 50.0000 (62.7650)  acc5: 93.7500 (85.5517)  time: 0.2112  data: 0.0003  max mem: 41183
Test:  [ 500/7958]  eta: 0:26:25  loss: 1.7380 (1.6323)  acc1: 56.2500 (62.4750)  acc5: 81.2500 (84.4935)  time: 0.2114  data: 0.0003  max mem: 41183
Test:  [ 600/7958]  eta: 0:26:03  loss: 2.4846 (1.7535)  acc1: 37.5000 (59.6818)  acc5: 75.0000 (82.6331)  time: 0.2119  data: 0.0003  max mem: 41183
Test:  [ 700/7958]  eta: 0:25:41  loss: 2.5535 (1.8882)  acc1: 31.2500 (56.6245)  acc5: 75.0000 (80.8488)  time: 0.2120  data: 0.0003  max mem: 41183
Test:  [ 800/7958]  eta: 0:25:19  loss: 2.3962 (1.9469)  acc1: 43.7500 (55.4541)  acc5: 75.0000 (79.9547)  time: 0.2117  data: 0.0003  max mem: 41183
Test:  [ 900/7958]  eta: 0:24:57  loss: 2.1320 (2.0078)  acc1: 50.0000 (54.1482)  acc5: 81.2500 (79.1551)  time: 0.2118  data: 0.0003  max mem: 41183
Test:  [1000/7958]  eta: 0:24:35  loss: 2.1544 (2.0645)  acc1: 56.2500 (53.1406)  acc5: 75.0000 (78.2780)  time: 0.2112  data: 0.0003  max mem: 41183
Test:  [1100/7958]  eta: 0:24:14  loss: 2.3747 (2.1142)  acc1: 43.7500 (51.8676)  acc5: 75.0000 (77.6851)  time: 0.2114  data: 0.0003  max mem: 41183
Test:  [1200/7958]  eta: 0:23:52  loss: 2.5297 (2.1422)  acc1: 37.5000 (51.1969)  acc5: 68.7500 (77.4303)  time: 0.2115  data: 0.0003  max mem: 41183
Test:  [1300/7958]  eta: 0:23:31  loss: 1.9104 (2.1662)  acc1: 50.0000 (50.7014)  acc5: 81.2500 (77.1906)  time: 0.2117  data: 0.0003  max mem: 41183
Test:  [1400/7958]  eta: 0:23:10  loss: 2.5412 (2.1589)  acc1: 37.5000 (50.8476)  acc5: 75.0000 (77.2885)  time: 0.2115  data: 0.0003  max mem: 41183
Test:  [1500/7958]  eta: 0:22:48  loss: 2.0882 (2.1564)  acc1: 50.0000 (50.8161)  acc5: 81.2500 (77.4900)  time: 0.2120  data: 0.0003  max mem: 41183
Test:  [1600/7958]  eta: 0:22:27  loss: 1.3620 (2.1461)  acc1: 68.7500 (50.7378)  acc5: 93.7500 (77.8420)  time: 0.2117  data: 0.0003  max mem: 41183
Test:  [1700/7958]  eta: 0:22:06  loss: 1.5244 (2.1180)  acc1: 50.0000 (51.1611)  acc5: 87.5000 (78.3399)  time: 0.2122  data: 0.0003  max mem: 41183
Test:  [1800/7958]  eta: 0:21:44  loss: 1.0669 (2.0810)  acc1: 68.7500 (51.9572)  acc5: 93.7500 (78.8451)  time: 0.2113  data: 0.0003  max mem: 41183
Test:  [1900/7958]  eta: 0:21:23  loss: 2.3365 (2.0907)  acc1: 37.5000 (51.6735)  acc5: 75.0000 (78.8302)  time: 0.2113  data: 0.0003  max mem: 41183
Test:  [2000/7958]  eta: 0:21:02  loss: 0.6930 (2.0552)  acc1: 81.2500 (52.6393)  acc5: 93.7500 (79.2947)  time: 0.2115  data: 0.0004  max mem: 41183
Test:  [2100/7958]  eta: 0:20:40  loss: 1.0602 (2.0317)  acc1: 75.0000 (53.1979)  acc5: 87.5000 (79.5990)  time: 0.2112  data: 0.0003  max mem: 41183
Test:  [2200/7958]  eta: 0:20:19  loss: 2.3696 (2.0306)  acc1: 43.7500 (53.2485)  acc5: 81.2500 (79.6485)  time: 0.2116  data: 0.0003  max mem: 41183
Test:  [2300/7958]  eta: 0:19:58  loss: 2.6082 (2.0226)  acc1: 37.5000 (53.3654)  acc5: 75.0000 (79.7832)  time: 0.2117  data: 0.0003  max mem: 41183
Test:  [2400/7958]  eta: 0:19:37  loss: 2.5075 (2.0289)  acc1: 31.2500 (53.1862)  acc5: 81.2500 (79.6960)  time: 0.2121  data: 0.0003  max mem: 41183
Test:  [2500/7958]  eta: 0:19:16  loss: 1.4465 (2.0405)  acc1: 56.2500 (52.6789)  acc5: 87.5000 (79.5757)  time: 0.2120  data: 0.0003  max mem: 41183
Test:  [2600/7958]  eta: 0:18:54  loss: 3.0128 (2.0350)  acc1: 12.5000 (52.6937)  acc5: 75.0000 (79.6497)  time: 0.2119  data: 0.0003  max mem: 41183
Test:  [2700/7958]  eta: 0:18:33  loss: 0.9780 (2.0146)  acc1: 75.0000 (53.1400)  acc5: 87.5000 (79.8848)  time: 0.2113  data: 0.0003  max mem: 41183
Test:  [2800/7958]  eta: 0:18:12  loss: 1.8495 (2.0068)  acc1: 56.2500 (53.2488)  acc5: 81.2500 (80.0607)  time: 0.2115  data: 0.0003  max mem: 41183
Test:  [2900/7958]  eta: 0:17:51  loss: 1.6090 (2.0192)  acc1: 62.5000 (53.1024)  acc5: 81.2500 (79.8410)  time: 0.2113  data: 0.0003  max mem: 41183
Test:  [3000/7958]  eta: 0:17:30  loss: 1.6971 (2.0206)  acc1: 62.5000 (53.1885)  acc5: 87.5000 (79.8151)  time: 0.2114  data: 0.0003  max mem: 41183
Test:  [3100/7958]  eta: 0:17:08  loss: 2.0286 (2.0222)  acc1: 50.0000 (53.1764)  acc5: 75.0000 (79.7747)  time: 0.2113  data: 0.0003  max mem: 41183
Test:  [3200/7958]  eta: 0:16:47  loss: 2.8842 (2.0264)  acc1: 37.5000 (53.2041)  acc5: 62.5000 (79.6997)  time: 0.2121  data: 0.0003  max mem: 41183
Test:  [3300/7958]  eta: 0:16:26  loss: 1.8955 (2.0404)  acc1: 50.0000 (52.9574)  acc5: 75.0000 (79.4986)  time: 0.2117  data: 0.0003  max mem: 41183
Test:  [3400/7958]  eta: 0:16:05  loss: 2.5151 (2.0389)  acc1: 50.0000 (53.0487)  acc5: 68.7500 (79.4729)  time: 0.2117  data: 0.0003  max mem: 41183
Test:  [3500/7958]  eta: 0:15:43  loss: 1.6210 (2.0376)  acc1: 50.0000 (52.9974)  acc5: 87.5000 (79.5308)  time: 0.2117  data: 0.0003  max mem: 41183
Test:  [3600/7958]  eta: 0:15:22  loss: 2.5134 (2.0431)  acc1: 43.7500 (52.8638)  acc5: 68.7500 (79.4206)  time: 0.2114  data: 0.0003  max mem: 41183
Test:  [3700/7958]  eta: 0:15:01  loss: 2.3897 (2.0476)  acc1: 43.7500 (52.8016)  acc5: 75.0000 (79.3840)  time: 0.2114  data: 0.0003  max mem: 41183
Test:  [3800/7958]  eta: 0:14:40  loss: 2.6573 (2.0505)  acc1: 31.2500 (52.7937)  acc5: 68.7500 (79.3492)  time: 0.2115  data: 0.0003  max mem: 41183
Test:  [3900/7958]  eta: 0:14:19  loss: 1.4176 (2.0455)  acc1: 62.5000 (52.9880)  acc5: 87.5000 (79.4620)  time: 0.2113  data: 0.0003  max mem: 41183
Test:  [4000/7958]  eta: 0:13:58  loss: 2.6337 (2.0515)  acc1: 37.5000 (52.8852)  acc5: 75.0000 (79.3817)  time: 0.2116  data: 0.0003  max mem: 41183
Test:  [4100/7958]  eta: 0:13:36  loss: 1.5916 (2.0509)  acc1: 68.7500 (52.9490)  acc5: 87.5000 (79.3541)  time: 0.2119  data: 0.0003  max mem: 41183
Test:  [4200/7958]  eta: 0:13:15  loss: 1.9360 (2.0495)  acc1: 56.2500 (53.0543)  acc5: 81.2500 (79.3665)  time: 0.2120  data: 0.0003  max mem: 41183
Test:  [4300/7958]  eta: 0:12:54  loss: 2.5447 (2.0524)  acc1: 37.5000 (53.0385)  acc5: 68.7500 (79.3144)  time: 0.2117  data: 0.0003  max mem: 41183
Test:  [4400/7958]  eta: 0:12:33  loss: 1.1404 (2.0588)  acc1: 75.0000 (53.0107)  acc5: 87.5000 (79.1596)  time: 0.2115  data: 0.0003  max mem: 41183
Test:  [4500/7958]  eta: 0:12:12  loss: 2.0736 (2.0642)  acc1: 50.0000 (52.9230)  acc5: 75.0000 (79.0672)  time: 0.2112  data: 0.0003  max mem: 41183
Test:  [4600/7958]  eta: 0:11:50  loss: 2.7771 (2.0640)  acc1: 37.5000 (52.9953)  acc5: 68.7500 (79.0372)  time: 0.2112  data: 0.0003  max mem: 41183
Test:  [4700/7958]  eta: 0:11:29  loss: 2.1438 (2.0740)  acc1: 50.0000 (52.7813)  acc5: 68.7500 (78.8715)  time: 0.2112  data: 0.0003  max mem: 41183
Test:  [4800/7958]  eta: 0:11:08  loss: 1.6668 (2.0782)  acc1: 68.7500 (52.6570)  acc5: 81.2500 (78.8403)  time: 0.2115  data: 0.0003  max mem: 41183
Test:  [4900/7958]  eta: 0:10:47  loss: 2.5305 (2.0798)  acc1: 43.7500 (52.6602)  acc5: 68.7500 (78.7849)  time: 0.2118  data: 0.0003  max mem: 41183
Test:  [5000/7958]  eta: 0:10:26  loss: 2.1851 (2.0819)  acc1: 43.7500 (52.5295)  acc5: 81.2500 (78.7955)  time: 0.2119  data: 0.0003  max mem: 41183
Test:  [5100/7958]  eta: 0:10:05  loss: 2.2829 (2.0807)  acc1: 50.0000 (52.4579)  acc5: 68.7500 (78.8461)  time: 0.2117  data: 0.0003  max mem: 41183
Test:  [5200/7958]  eta: 0:09:43  loss: 1.3358 (2.0765)  acc1: 68.7500 (52.5969)  acc5: 87.5000 (78.8983)  time: 0.2117  data: 0.0003  max mem: 41183
Test:  [5300/7958]  eta: 0:09:22  loss: 2.5289 (2.0781)  acc1: 37.5000 (52.6328)  acc5: 68.7500 (78.8542)  time: 0.2114  data: 0.0003  max mem: 41183
Test:  [5400/7958]  eta: 0:09:01  loss: 1.8850 (2.0759)  acc1: 56.2500 (52.6882)  acc5: 81.2500 (78.9090)  time: 0.2114  data: 0.0003  max mem: 41183
Test:  [5500/7958]  eta: 0:08:40  loss: 1.7804 (2.0770)  acc1: 62.5000 (52.7029)  acc5: 81.2500 (78.8675)  time: 0.2112  data: 0.0003  max mem: 41183
Test:  [5600/7958]  eta: 0:08:19  loss: 2.2901 (2.0802)  acc1: 43.7500 (52.7238)  acc5: 81.2500 (78.7951)  time: 0.2113  data: 0.0003  max mem: 41183
Test:  [5700/7958]  eta: 0:07:57  loss: 2.0524 (2.0797)  acc1: 50.0000 (52.7177)  acc5: 75.0000 (78.8217)  time: 0.2116  data: 0.0003  max mem: 41183
Test:  [5800/7958]  eta: 0:07:36  loss: 2.4408 (2.0793)  acc1: 37.5000 (52.7398)  acc5: 68.7500 (78.8226)  time: 0.2117  data: 0.0003  max mem: 41183
Test:  [5900/7958]  eta: 0:07:15  loss: 1.9085 (2.0845)  acc1: 50.0000 (52.6553)  acc5: 81.2500 (78.7377)  time: 0.2120  data: 0.0003  max mem: 41183
Test:  [6000/7958]  eta: 0:06:54  loss: 2.0197 (2.0884)  acc1: 56.2500 (52.6381)  acc5: 81.2500 (78.6608)  time: 0.2119  data: 0.0003  max mem: 41183
Test:  [6100/7958]  eta: 0:06:33  loss: 2.0282 (2.0886)  acc1: 56.2500 (52.6932)  acc5: 81.2500 (78.6285)  time: 0.2117  data: 0.0003  max mem: 41183
Test:  [6200/7958]  eta: 0:06:12  loss: 2.1612 (2.0909)  acc1: 50.0000 (52.7506)  acc5: 75.0000 (78.5700)  time: 0.2114  data: 0.0003  max mem: 41183
Test:  [6300/7958]  eta: 0:05:50  loss: 1.4493 (2.0836)  acc1: 68.7500 (52.9628)  acc5: 93.7500 (78.6730)  time: 0.2113  data: 0.0003  max mem: 41183
Test:  [6400/7958]  eta: 0:05:29  loss: 0.9564 (2.0826)  acc1: 81.2500 (53.0132)  acc5: 93.7500 (78.6781)  time: 0.2115  data: 0.0003  max mem: 41183
Test:  [6500/7958]  eta: 0:05:08  loss: 0.9434 (2.0793)  acc1: 75.0000 (53.1005)  acc5: 93.7500 (78.7244)  time: 0.2111  data: 0.0003  max mem: 41183
Test:  [6600/7958]  eta: 0:04:47  loss: 2.0736 (2.0864)  acc1: 50.0000 (52.9768)  acc5: 75.0000 (78.5913)  time: 0.2117  data: 0.0003  max mem: 41183
Test:  [6700/7958]  eta: 0:04:26  loss: 1.7092 (2.0829)  acc1: 56.2500 (53.0788)  acc5: 81.2500 (78.6375)  time: 0.2119  data: 0.0003  max mem: 41183
Test:  [6800/7958]  eta: 0:04:05  loss: 2.7675 (2.0867)  acc1: 25.0000 (52.9380)  acc5: 75.0000 (78.6226)  time: 0.2119  data: 0.0003  max mem: 41183
Test:  [6900/7958]  eta: 0:03:43  loss: 2.0884 (2.0856)  acc1: 31.2500 (53.0041)  acc5: 81.2500 (78.6408)  time: 0.2119  data: 0.0003  max mem: 41183
Test:  [7000/7958]  eta: 0:03:22  loss: 1.0938 (2.0868)  acc1: 68.7500 (53.0264)  acc5: 87.5000 (78.6173)  time: 0.2112  data: 0.0003  max mem: 41183
Test:  [7100/7958]  eta: 0:03:01  loss: 1.1828 (2.0898)  acc1: 75.0000 (53.0013)  acc5: 87.5000 (78.5506)  time: 0.2114  data: 0.0003  max mem: 41183
Test:  [7200/7958]  eta: 0:02:40  loss: 2.4609 (2.0965)  acc1: 43.7500 (52.8772)  acc5: 75.0000 (78.4605)  time: 0.2114  data: 0.0003  max mem: 41183
Test:  [7300/7958]  eta: 0:02:19  loss: 1.7685 (2.0901)  acc1: 56.2500 (53.0364)  acc5: 87.5000 (78.5535)  time: 0.2110  data: 0.0003  max mem: 41183
Test:  [7400/7958]  eta: 0:01:58  loss: 2.4181 (2.0929)  acc1: 43.7500 (52.9734)  acc5: 75.0000 (78.5080)  time: 0.2113  data: 0.0003  max mem: 41183
Test:  [7500/7958]  eta: 0:01:36  loss: 2.6891 (2.0939)  acc1: 31.2500 (52.9613)  acc5: 81.2500 (78.4804)  time: 0.2120  data: 0.0003  max mem: 41183
Test:  [7600/7958]  eta: 0:01:15  loss: 1.1189 (2.0960)  acc1: 81.2500 (52.9494)  acc5: 81.2500 (78.3992)  time: 0.2116  data: 0.0003  max mem: 41183
Test:  [7700/7958]  eta: 0:00:54  loss: 1.6346 (2.0995)  acc1: 56.2500 (52.8551)  acc5: 81.2500 (78.3421)  time: 0.2118  data: 0.0003  max mem: 41183
Test:  [7800/7958]  eta: 0:00:33  loss: 1.3500 (2.0993)  acc1: 68.7500 (52.8394)  acc5: 93.7500 (78.3658)  time: 0.2116  data: 0.0003  max mem: 41183
Test:  [7900/7958]  eta: 0:00:12  loss: 1.3096 (2.0969)  acc1: 75.0000 (52.9648)  acc5: 87.5000 (78.3682)  time: 0.2114  data: 0.0003  max mem: 41183
Test: Total time: 0:28:04
 * Acc@1 = 52.97892058306107, Acc@5 = 78.3794609198291, loss = 2.096710360577397
Namespace(model='QKFormer_10_768', dataset='es-imagenet', num_classes=1000, data_path='/model/es-imagenet', device='cuda', batch_size=16, workers=4, print_freq=3072, output_dir='./logs4', resume='', sync_bn=False, test_only=False, amp=True, world_size=1, dist_url='env://', tb=True, T=8, opt='adamw', opt_eps=1e-08, opt_betas=None, weight_decay=0.01, momentum=0.9, connect_f='ADD', T_train=None, sched='cosine', lr=0.0005, lr_noise=None, lr_noise_pct=0.67, lr_noise_std=1.0, lr_cycle_mul=1.0, lr_cycle_limit=1, warmup_lr=1e-05, min_lr=1e-06, epochs=100, epoch_repeats=0.0, start_epoch=0, decay_epochs=20, warmup_epochs=20, cooldown_epochs=10, patience_epochs=10, decay_rate=0.1, smoothing=0.1, mixup=0.5, cutmix=0.0, cutmix_minmax=None, mixup_prob=0.5, mixup_switch_prob=0.5, mixup_mode='batch', mixup_off_epoch=0, grad_clip=5.0, distributed=False)
Training time 9 days, 14:12:11 max_test_acc1 55.01539331490324 test_acc5_at_max_test_acc1 80.19210228700679
./logs4/QKFormer_10_768_b16_T8_wd0.01_adamw_cnf_ADD/lr0.0005
Epoch: [28]  [    0/71874]  eta: 20:17:13  lr: 0.0004095372854422981  img/s: 42.71000491322931  loss: 3.3331 (3.3331)  acc1: 31.2500 (31.2500)  acc5: 81.2500 (81.2500)  time: 1.0161  data: 0.6415  max mem: 41183
Epoch: [28]  [ 3072/71874]  eta: 7:08:38  lr: 0.0004095372854422981  img/s: 43.01877832550208  loss: 3.4003 (3.3966)  acc1: 43.7500 (47.6468)  acc5: 68.7500 (72.3255)  time: 0.3738  data: 0.0002  max mem: 41183
Epoch: [28]  [ 6144/71874]  eta: 6:49:16  lr: 0.0004095372854422981  img/s: 43.08680619982832  loss: 2.9316 (3.3962)  acc1: 50.0000 (47.5570)  acc5: 75.0000 (72.0535)  time: 0.3722  data: 0.0002  max mem: 41183
Epoch: [28]  [ 9216/71874]  eta: 6:30:08  lr: 0.0004095372854422981  img/s: 42.90145858478407  loss: 3.0654 (3.3996)  acc1: 43.7500 (47.4043)  acc5: 68.7500 (71.9798)  time: 0.3766  data: 0.0002  max mem: 41183
Epoch: [28]  [12288/71874]  eta: 6:11:01  lr: 0.0004095372854422981  img/s: 43.08470386870082  loss: 3.4364 (3.3992)  acc1: 43.7500 (47.3625)  acc5: 68.7500 (71.9007)  time: 0.3723  data: 0.0002  max mem: 41183
Epoch: [28]  [15360/71874]  eta: 5:51:54  lr: 0.0004095372854422981  img/s: 42.88816104390439  loss: 2.9565 (3.4052)  acc1: 50.0000 (47.2780)  acc5: 68.7500 (71.8361)  time: 0.3727  data: 0.0002  max mem: 41183
Epoch: [28]  [18432/71874]  eta: 5:32:47  lr: 0.0004095372854422981  img/s: 42.87440608263381  loss: 3.1147 (3.4111)  acc1: 43.7500 (47.1352)  acc5: 68.7500 (71.6324)  time: 0.3720  data: 0.0002  max mem: 41183
Epoch: [28]  [21504/71874]  eta: 5:13:42  lr: 0.0004095372854422981  img/s: 43.27019084082671  loss: 3.1920 (3.4169)  acc1: 50.0000 (47.0301)  acc5: 75.0000 (71.5313)  time: 0.3721  data: 0.0002  max mem: 41183
Epoch: [28]  [24576/71874]  eta: 4:54:36  lr: 0.0004095372854422981  img/s: 42.840658905722144  loss: 3.0695 (3.4159)  acc1: 50.0000 (47.0015)  acc5: 68.7500 (71.4815)  time: 0.3727  data: 0.0002  max mem: 41183
Epoch: [28]  [27648/71874]  eta: 4:35:31  lr: 0.0004095372854422981  img/s: 42.548100582851006  loss: 3.0853 (3.4159)  acc1: 50.0000 (46.9960)  acc5: 75.0000 (71.4590)  time: 0.3734  data: 0.0002  max mem: 41183
Epoch: [28]  [30720/71874]  eta: 4:16:24  lr: 0.0004095372854422981  img/s: 43.10332770259421  loss: 3.2176 (3.4182)  acc1: 43.7500 (46.9315)  acc5: 75.0000 (71.3844)  time: 0.3795  data: 0.0002  max mem: 41183
Epoch: [28]  [33792/71874]  eta: 3:57:16  lr: 0.0004095372854422981  img/s: 42.913502027411134  loss: 3.6712 (3.4212)  acc1: 31.2500 (46.8596)  acc5: 62.5000 (71.3134)  time: 0.3760  data: 0.0002  max mem: 41183
Epoch: [28]  [36864/71874]  eta: 3:38:09  lr: 0.0004095372854422981  img/s: 42.56075617493395  loss: 3.0951 (3.4200)  acc1: 43.7500 (46.8475)  acc5: 75.0000 (71.3165)  time: 0.3791  data: 0.0002  max mem: 41183
Epoch: [28]  [39936/71874]  eta: 3:19:01  lr: 0.0004095372854422981  img/s: 42.79039683329125  loss: 3.3738 (3.4215)  acc1: 43.7500 (46.8053)  acc5: 75.0000 (71.2821)  time: 0.3732  data: 0.0002  max mem: 41183
Epoch: [28]  [43008/71874]  eta: 2:59:54  lr: 0.0004095372854422981  img/s: 42.57471573552857  loss: 3.3774 (3.4220)  acc1: 37.5000 (46.7773)  acc5: 68.7500 (71.2618)  time: 0.3782  data: 0.0002  max mem: 41183
Epoch: [28]  [46080/71874]  eta: 2:40:45  lr: 0.0004095372854422981  img/s: 42.842901594362594  loss: 3.8358 (3.4233)  acc1: 43.7500 (46.7474)  acc5: 62.5000 (71.2334)  time: 0.3728  data: 0.0002  max mem: 41183
Epoch: [28]  [49152/71874]  eta: 2:21:37  lr: 0.0004095372854422981  img/s: 42.763266172224625  loss: 3.3817 (3.4260)  acc1: 43.7500 (46.6977)  acc5: 68.7500 (71.1878)  time: 0.3732  data: 0.0002  max mem: 41183
Epoch: [28]  [52224/71874]  eta: 2:02:28  lr: 0.0004095372854422981  img/s: 42.90115689968528  loss: 3.1655 (3.4284)  acc1: 43.7500 (46.6433)  acc5: 68.7500 (71.1397)  time: 0.3726  data: 0.0002  max mem: 41183
Epoch: [28]  [55296/71874]  eta: 1:43:20  lr: 0.0004095372854422981  img/s: 42.92129683223827  loss: 3.2861 (3.4301)  acc1: 43.7500 (46.5848)  acc5: 68.7500 (71.1030)  time: 0.3727  data: 0.0002  max mem: 41183
Epoch: [28]  [58368/71874]  eta: 1:24:11  lr: 0.0004095372854422981  img/s: 42.926650538783036  loss: 3.5889 (3.4308)  acc1: 43.7500 (46.5496)  acc5: 62.5000 (71.0726)  time: 0.3759  data: 0.0002  max mem: 41183
Epoch: [28]  [61440/71874]  eta: 1:05:02  lr: 0.0004095372854422981  img/s: 43.14450664890539  loss: 3.3674 (3.4320)  acc1: 43.7500 (46.5201)  acc5: 75.0000 (71.0386)  time: 0.3723  data: 0.0002  max mem: 41183
Epoch: [28]  [64512/71874]  eta: 0:45:53  lr: 0.0004095372854422981  img/s: 42.87048945116412  loss: 2.9834 (3.4336)  acc1: 50.0000 (46.4844)  acc5: 75.0000 (70.9953)  time: 0.3736  data: 0.0002  max mem: 41183
Epoch: [28]  [67584/71874]  eta: 0:26:44  lr: 0.0004095372854422981  img/s: 42.99860192910717  loss: 3.2865 (3.4343)  acc1: 43.7500 (46.4531)  acc5: 75.0000 (70.9536)  time: 0.3728  data: 0.0002  max mem: 41183
Epoch: [28]  [70656/71874]  eta: 0:07:35  lr: 0.0004095372854422981  img/s: 42.765691533766415  loss: 4.1551 (3.4343)  acc1: 31.2500 (46.4347)  acc5: 62.5000 (70.9367)  time: 0.3733  data: 0.0002  max mem: 41183
Epoch: [28] Total time: 7:28:04
Test:  [   0/7958]  eta: 1:38:52  loss: 0.3041 (0.3041)  acc1: 93.7500 (93.7500)  acc5: 100.0000 (100.0000)  time: 0.7455  data: 0.5363  max mem: 41183
Test:  [ 100/7958]  eta: 0:28:24  loss: 1.2760 (1.4026)  acc1: 68.7500 (69.6782)  acc5: 87.5000 (87.6238)  time: 0.2117  data: 0.0003  max mem: 41183
Test:  [ 200/7958]  eta: 0:27:42  loss: 1.8810 (1.6222)  acc1: 50.0000 (65.1741)  acc5: 81.2500 (84.0796)  time: 0.2115  data: 0.0003  max mem: 41183
Test:  [ 300/7958]  eta: 0:27:14  loss: 1.3637 (1.7468)  acc1: 68.7500 (61.8771)  acc5: 87.5000 (82.0598)  time: 0.2116  data: 0.0003  max mem: 41183
Test:  [ 400/7958]  eta: 0:26:50  loss: 1.1408 (1.6966)  acc1: 68.7500 (62.2195)  acc5: 93.7500 (83.4788)  time: 0.2113  data: 0.0003  max mem: 41183
Test:  [ 500/7958]  eta: 0:26:26  loss: 0.9419 (1.6449)  acc1: 75.0000 (63.1861)  acc5: 93.7500 (84.0444)  time: 0.2114  data: 0.0003  max mem: 41183
Test:  [ 600/7958]  eta: 0:26:04  loss: 2.2344 (1.7099)  acc1: 43.7500 (60.8881)  acc5: 81.2500 (83.5171)  time: 0.2117  data: 0.0003  max mem: 41183
Test:  [ 700/7958]  eta: 0:25:42  loss: 2.1648 (1.8461)  acc1: 50.0000 (58.0064)  acc5: 75.0000 (81.3481)  time: 0.2121  data: 0.0003  max mem: 41183
Test:  [ 800/7958]  eta: 0:25:20  loss: 1.8048 (1.9099)  acc1: 37.5000 (56.2266)  acc5: 87.5000 (80.4229)  time: 0.2121  data: 0.0003  max mem: 41183
Test:  [ 900/7958]  eta: 0:24:58  loss: 2.6413 (1.9412)  acc1: 37.5000 (55.2789)  acc5: 81.2500 (80.0083)  time: 0.2117  data: 0.0003  max mem: 41183
Test:  [1000/7958]  eta: 0:24:36  loss: 2.9858 (1.9991)  acc1: 31.2500 (53.7213)  acc5: 62.5000 (79.3144)  time: 0.2117  data: 0.0003  max mem: 41183
Test:  [1100/7958]  eta: 0:24:15  loss: 1.5767 (2.0184)  acc1: 56.2500 (53.2811)  acc5: 87.5000 (79.1496)  time: 0.2116  data: 0.0003  max mem: 41183
Test:  [1200/7958]  eta: 0:23:53  loss: 2.1751 (2.0220)  acc1: 56.2500 (53.0964)  acc5: 81.2500 (79.2100)  time: 0.2117  data: 0.0004  max mem: 41183
Test:  [1300/7958]  eta: 0:23:32  loss: 1.7184 (2.0450)  acc1: 56.2500 (52.4212)  acc5: 81.2500 (78.8672)  time: 0.2114  data: 0.0003  max mem: 41183
Test:  [1400/7958]  eta: 0:23:10  loss: 2.5732 (2.0561)  acc1: 25.0000 (51.8157)  acc5: 75.0000 (78.7696)  time: 0.2115  data: 0.0003  max mem: 41183
Test:  [1500/7958]  eta: 0:22:49  loss: 1.9965 (2.0615)  acc1: 56.2500 (51.5781)  acc5: 81.2500 (78.8266)  time: 0.2119  data: 0.0003  max mem: 41183
Test:  [1600/7958]  eta: 0:22:28  loss: 1.6471 (2.0578)  acc1: 56.2500 (51.5771)  acc5: 87.5000 (79.0170)  time: 0.2120  data: 0.0003  max mem: 41183
Test:  [1700/7958]  eta: 0:22:06  loss: 0.6164 (2.0454)  acc1: 81.2500 (51.7857)  acc5: 93.7500 (79.3100)  time: 0.2122  data: 0.0003  max mem: 41183
Test:  [1800/7958]  eta: 0:21:45  loss: 1.0201 (2.0246)  acc1: 68.7500 (52.2730)  acc5: 93.7500 (79.6363)  time: 0.2117  data: 0.0003  max mem: 41183
Test:  [1900/7958]  eta: 0:21:24  loss: 2.3280 (2.0327)  acc1: 37.5000 (52.1272)  acc5: 75.0000 (79.5239)  time: 0.2114  data: 0.0003  max mem: 41183
Test:  [2000/7958]  eta: 0:21:02  loss: 0.4955 (1.9935)  acc1: 87.5000 (53.1047)  acc5: 100.0000 (79.9725)  time: 0.2112  data: 0.0003  max mem: 41183
Test:  [2100/7958]  eta: 0:20:41  loss: 1.3874 (1.9685)  acc1: 68.7500 (53.7274)  acc5: 87.5000 (80.3754)  time: 0.2116  data: 0.0003  max mem: 41183
Test:  [2200/7958]  eta: 0:20:20  loss: 1.1919 (1.9622)  acc1: 75.0000 (53.8732)  acc5: 87.5000 (80.4265)  time: 0.2116  data: 0.0003  max mem: 41183
Test:  [2300/7958]  eta: 0:19:59  loss: 3.0043 (1.9587)  acc1: 37.5000 (53.9168)  acc5: 68.7500 (80.5438)  time: 0.2116  data: 0.0004  max mem: 41183
Test:  [2400/7958]  eta: 0:19:37  loss: 1.6600 (1.9617)  acc1: 56.2500 (53.9020)  acc5: 87.5000 (80.5498)  time: 0.2122  data: 0.0003  max mem: 41183
Test:  [2500/7958]  eta: 0:19:16  loss: 1.8386 (1.9689)  acc1: 50.0000 (53.5861)  acc5: 87.5000 (80.4153)  time: 0.2117  data: 0.0003  max mem: 41183
Test:  [2600/7958]  eta: 0:18:55  loss: 2.1314 (1.9599)  acc1: 50.0000 (53.7942)  acc5: 75.0000 (80.5219)  time: 0.2117  data: 0.0003  max mem: 41183
Test:  [2700/7958]  eta: 0:18:34  loss: 1.1605 (1.9436)  acc1: 75.0000 (54.2507)  acc5: 93.7500 (80.7085)  time: 0.2117  data: 0.0003  max mem: 41183
Test:  [2800/7958]  eta: 0:18:12  loss: 1.3561 (1.9327)  acc1: 62.5000 (54.4939)  acc5: 87.5000 (80.8997)  time: 0.2111  data: 0.0003  max mem: 41183
Test:  [2900/7958]  eta: 0:17:51  loss: 1.4622 (1.9375)  acc1: 56.2500 (54.4898)  acc5: 93.7500 (80.7760)  time: 0.2118  data: 0.0003  max mem: 41183
Test:  [3000/7958]  eta: 0:17:30  loss: 1.5459 (1.9428)  acc1: 62.5000 (54.4339)  acc5: 87.5000 (80.6648)  time: 0.2111  data: 0.0003  max mem: 41183
Test:  [3100/7958]  eta: 0:17:09  loss: 1.8862 (1.9505)  acc1: 50.0000 (54.3554)  acc5: 75.0000 (80.5587)  time: 0.2117  data: 0.0003  max mem: 41183
Test:  [3200/7958]  eta: 0:16:47  loss: 1.4867 (1.9410)  acc1: 56.2500 (54.5396)  acc5: 87.5000 (80.6564)  time: 0.2120  data: 0.0003  max mem: 41183
Test:  [3300/7958]  eta: 0:16:26  loss: 2.6001 (1.9620)  acc1: 37.5000 (54.2203)  acc5: 62.5000 (80.2673)  time: 0.2118  data: 0.0003  max mem: 41183
Test:  [3400/7958]  eta: 0:16:05  loss: 2.0523 (1.9611)  acc1: 50.0000 (54.2855)  acc5: 81.2500 (80.2926)  time: 0.2120  data: 0.0003  max mem: 41183
Test:  [3500/7958]  eta: 0:15:44  loss: 1.3169 (1.9562)  acc1: 62.5000 (54.4344)  acc5: 93.7500 (80.3824)  time: 0.2119  data: 0.0003  max mem: 41183
Test:  [3600/7958]  eta: 0:15:23  loss: 2.6674 (1.9596)  acc1: 37.5000 (54.3842)  acc5: 68.7500 (80.3475)  time: 0.2115  data: 0.0003  max mem: 41183
Test:  [3700/7958]  eta: 0:15:01  loss: 2.3620 (1.9596)  acc1: 50.0000 (54.3890)  acc5: 81.2500 (80.3887)  time: 0.2114  data: 0.0003  max mem: 41183
Test:  [3800/7958]  eta: 0:14:40  loss: 1.6671 (1.9611)  acc1: 50.0000 (54.3114)  acc5: 87.5000 (80.3867)  time: 0.2115  data: 0.0003  max mem: 41183
Test:  [3900/7958]  eta: 0:14:19  loss: 1.4772 (1.9505)  acc1: 56.2500 (54.5902)  acc5: 87.5000 (80.5483)  time: 0.2112  data: 0.0003  max mem: 41183
Test:  [4000/7958]  eta: 0:13:58  loss: 2.6671 (1.9565)  acc1: 37.5000 (54.4739)  acc5: 68.7500 (80.4658)  time: 0.2115  data: 0.0003  max mem: 41183
Test:  [4100/7958]  eta: 0:13:37  loss: 1.4060 (1.9572)  acc1: 62.5000 (54.4913)  acc5: 87.5000 (80.4560)  time: 0.2119  data: 0.0003  max mem: 41183
Test:  [4200/7958]  eta: 0:13:15  loss: 1.6795 (1.9560)  acc1: 62.5000 (54.5748)  acc5: 81.2500 (80.4600)  time: 0.2118  data: 0.0003  max mem: 41183
Test:  [4300/7958]  eta: 0:12:54  loss: 2.3957 (1.9556)  acc1: 31.2500 (54.6297)  acc5: 68.7500 (80.4508)  time: 0.2120  data: 0.0003  max mem: 41183
Test:  [4400/7958]  eta: 0:12:33  loss: 1.2311 (1.9636)  acc1: 50.0000 (54.5544)  acc5: 93.7500 (80.3014)  time: 0.2116  data: 0.0003  max mem: 41183
Test:  [4500/7958]  eta: 0:12:12  loss: 2.1642 (1.9653)  acc1: 56.2500 (54.4837)  acc5: 68.7500 (80.2960)  time: 0.2115  data: 0.0003  max mem: 41183
Test:  [4600/7958]  eta: 0:11:51  loss: 2.4774 (1.9634)  acc1: 37.5000 (54.5900)  acc5: 68.7500 (80.2923)  time: 0.2112  data: 0.0003  max mem: 41183
Test:  [4700/7958]  eta: 0:11:29  loss: 1.5276 (1.9690)  acc1: 62.5000 (54.4937)  acc5: 81.2500 (80.1811)  time: 0.2113  data: 0.0003  max mem: 41183
Test:  [4800/7958]  eta: 0:11:08  loss: 1.7787 (1.9757)  acc1: 50.0000 (54.3806)  acc5: 87.5000 (80.1161)  time: 0.2117  data: 0.0003  max mem: 41183
Test:  [4900/7958]  eta: 0:10:47  loss: 2.2138 (1.9770)  acc1: 56.2500 (54.4162)  acc5: 75.0000 (80.0666)  time: 0.2115  data: 0.0003  max mem: 41183
Test:  [5000/7958]  eta: 0:10:26  loss: 2.2176 (1.9804)  acc1: 25.0000 (54.2741)  acc5: 75.0000 (80.0340)  time: 0.2120  data: 0.0003  max mem: 41183
Test:  [5100/7958]  eta: 0:10:05  loss: 3.1583 (1.9790)  acc1: 37.5000 (54.2822)  acc5: 56.2500 (80.0787)  time: 0.2117  data: 0.0003  max mem: 41183
Test:  [5200/7958]  eta: 0:09:44  loss: 0.8789 (1.9772)  acc1: 81.2500 (54.3682)  acc5: 93.7500 (80.0555)  time: 0.2119  data: 0.0003  max mem: 41183
Test:  [5300/7958]  eta: 0:09:22  loss: 2.9821 (1.9815)  acc1: 31.2500 (54.3046)  acc5: 62.5000 (79.9837)  time: 0.2115  data: 0.0003  max mem: 41183
Test:  [5400/7958]  eta: 0:09:01  loss: 1.6412 (1.9811)  acc1: 62.5000 (54.3626)  acc5: 87.5000 (79.9829)  time: 0.2115  data: 0.0003  max mem: 41183
Test:  [5500/7958]  eta: 0:08:40  loss: 1.1410 (1.9779)  acc1: 68.7500 (54.4969)  acc5: 87.5000 (79.9923)  time: 0.2114  data: 0.0003  max mem: 41183
Test:  [5600/7958]  eta: 0:08:19  loss: 1.3648 (1.9774)  acc1: 62.5000 (54.5539)  acc5: 87.5000 (79.9813)  time: 0.2115  data: 0.0003  max mem: 41183
Test:  [5700/7958]  eta: 0:07:58  loss: 2.1871 (1.9792)  acc1: 50.0000 (54.4521)  acc5: 75.0000 (79.9860)  time: 0.2117  data: 0.0003  max mem: 41183
Test:  [5800/7958]  eta: 0:07:36  loss: 1.8223 (1.9815)  acc1: 50.0000 (54.4195)  acc5: 81.2500 (79.9560)  time: 0.2118  data: 0.0003  max mem: 41183
Test:  [5900/7958]  eta: 0:07:15  loss: 2.0790 (1.9821)  acc1: 50.0000 (54.4145)  acc5: 81.2500 (79.9631)  time: 0.2121  data: 0.0003  max mem: 41183
Test:  [6000/7958]  eta: 0:06:54  loss: 1.9128 (1.9858)  acc1: 62.5000 (54.4076)  acc5: 81.2500 (79.8856)  time: 0.2118  data: 0.0003  max mem: 41183
Test:  [6100/7958]  eta: 0:06:33  loss: 2.3044 (1.9867)  acc1: 43.7500 (54.4265)  acc5: 75.0000 (79.8455)  time: 0.2119  data: 0.0003  max mem: 41183
Test:  [6200/7958]  eta: 0:06:12  loss: 1.0372 (1.9881)  acc1: 68.7500 (54.4549)  acc5: 87.5000 (79.8016)  time: 0.2114  data: 0.0003  max mem: 41183
Test:  [6300/7958]  eta: 0:05:51  loss: 2.0665 (1.9824)  acc1: 25.0000 (54.5747)  acc5: 87.5000 (79.8782)  time: 0.2114  data: 0.0003  max mem: 41183
Test:  [6400/7958]  eta: 0:05:29  loss: 0.9177 (1.9804)  acc1: 81.2500 (54.6155)  acc5: 93.7500 (79.8899)  time: 0.2116  data: 0.0003  max mem: 41183
Test:  [6500/7958]  eta: 0:05:08  loss: 0.8344 (1.9773)  acc1: 75.0000 (54.7070)  acc5: 93.7500 (79.9233)  time: 0.2114  data: 0.0003  max mem: 41183
Test:  [6600/7958]  eta: 0:04:47  loss: 2.7544 (1.9854)  acc1: 31.2500 (54.5457)  acc5: 62.5000 (79.7739)  time: 0.2116  data: 0.0003  max mem: 41183
Test:  [6700/7958]  eta: 0:04:26  loss: 1.3745 (1.9857)  acc1: 62.5000 (54.5310)  acc5: 87.5000 (79.7801)  time: 0.2119  data: 0.0003  max mem: 41183
Test:  [6800/7958]  eta: 0:04:05  loss: 1.9503 (1.9884)  acc1: 50.0000 (54.4938)  acc5: 75.0000 (79.7686)  time: 0.2121  data: 0.0003  max mem: 41183
Test:  [6900/7958]  eta: 0:03:44  loss: 1.4802 (1.9842)  acc1: 56.2500 (54.6053)  acc5: 81.2500 (79.8317)  time: 0.2121  data: 0.0003  max mem: 41183
Test:  [7000/7958]  eta: 0:03:22  loss: 1.0677 (1.9823)  acc1: 75.0000 (54.6958)  acc5: 93.7500 (79.8261)  time: 0.2114  data: 0.0003  max mem: 41183
Test:  [7100/7958]  eta: 0:03:01  loss: 0.6674 (1.9849)  acc1: 87.5000 (54.6455)  acc5: 93.7500 (79.7819)  time: 0.2115  data: 0.0003  max mem: 41183
Test:  [7200/7958]  eta: 0:02:40  loss: 2.9123 (1.9919)  acc1: 31.2500 (54.5315)  acc5: 56.2500 (79.6912)  time: 0.2115  data: 0.0003  max mem: 41183
Test:  [7300/7958]  eta: 0:02:19  loss: 2.5954 (1.9871)  acc1: 37.5000 (54.6543)  acc5: 75.0000 (79.7613)  time: 0.2114  data: 0.0003  max mem: 41183
Test:  [7400/7958]  eta: 0:01:58  loss: 2.4061 (1.9938)  acc1: 43.7500 (54.5433)  acc5: 68.7500 (79.6539)  time: 0.2114  data: 0.0003  max mem: 41183
Test:  [7500/7958]  eta: 0:01:36  loss: 2.1333 (1.9982)  acc1: 37.5000 (54.4444)  acc5: 81.2500 (79.5686)  time: 0.2120  data: 0.0003  max mem: 41183
Test:  [7600/7958]  eta: 0:01:15  loss: 1.6754 (1.9976)  acc1: 68.7500 (54.4780)  acc5: 81.2500 (79.5570)  time: 0.2118  data: 0.0003  max mem: 41183
Test:  [7700/7958]  eta: 0:00:54  loss: 2.1124 (2.0010)  acc1: 43.7500 (54.4004)  acc5: 81.2500 (79.5116)  time: 0.2119  data: 0.0003  max mem: 41183
Test:  [7800/7958]  eta: 0:00:33  loss: 1.4380 (2.0044)  acc1: 62.5000 (54.2735)  acc5: 87.5000 (79.4906)  time: 0.2115  data: 0.0003  max mem: 41183
Test:  [7900/7958]  eta: 0:00:12  loss: 1.0719 (2.0007)  acc1: 75.0000 (54.3934)  acc5: 87.5000 (79.5200)  time: 0.2116  data: 0.0003  max mem: 41183
Test: Total time: 0:28:05
 * Acc@1 = 54.39102161347072, Acc@5 = 79.49547625031416, loss = 2.0022787142008522
Namespace(model='QKFormer_10_768', dataset='es-imagenet', num_classes=1000, data_path='/model/es-imagenet', device='cuda', batch_size=16, workers=4, print_freq=3072, output_dir='./logs4', resume='', sync_bn=False, test_only=False, amp=True, world_size=1, dist_url='env://', tb=True, T=8, opt='adamw', opt_eps=1e-08, opt_betas=None, weight_decay=0.01, momentum=0.9, connect_f='ADD', T_train=None, sched='cosine', lr=0.0005, lr_noise=None, lr_noise_pct=0.67, lr_noise_std=1.0, lr_cycle_mul=1.0, lr_cycle_limit=1, warmup_lr=1e-05, min_lr=1e-06, epochs=100, epoch_repeats=0.0, start_epoch=0, decay_epochs=20, warmup_epochs=20, cooldown_epochs=10, patience_epochs=10, decay_rate=0.1, smoothing=0.1, mixup=0.5, cutmix=0.0, cutmix_minmax=None, mixup_prob=0.5, mixup_switch_prob=0.5, mixup_mode='batch', mixup_off_epoch=0, grad_clip=5.0, distributed=False)
Training time 9 days, 22:08:21 max_test_acc1 55.01539331490324 test_acc5_at_max_test_acc1 80.19210228700679
./logs4/QKFormer_10_768_b16_T8_wd0.01_adamw_cnf_ADD/lr0.0005
Epoch: [29]  [    0/71874]  eta: 20:50:37  lr: 0.00040342030988641767  img/s: 42.438241227321306  loss: 4.6382 (4.6382)  acc1: 31.2500 (31.2500)  acc5: 50.0000 (50.0000)  time: 1.0440  data: 0.6670  max mem: 41183
Epoch: [29]  [ 3072/71874]  eta: 7:08:07  lr: 0.00040342030988641767  img/s: 42.86925709277509  loss: 3.1934 (3.3717)  acc1: 50.0000 (47.7384)  acc5: 75.0000 (72.2828)  time: 0.3730  data: 0.0002  max mem: 41183
Epoch: [29]  [ 6144/71874]  eta: 6:48:53  lr: 0.00040342030988641767  img/s: 42.691502077993626  loss: 3.0772 (3.3719)  acc1: 50.0000 (47.7848)  acc5: 75.0000 (72.3434)  time: 0.3732  data: 0.0002  max mem: 41183
Epoch: [29]  [ 9216/71874]  eta: 6:29:48  lr: 0.00040342030988641767  img/s: 42.93337888404593  loss: 2.7906 (3.3722)  acc1: 56.2500 (47.7535)  acc5: 75.0000 (72.2442)  time: 0.3725  data: 0.0002  max mem: 41183
Epoch: [29]  [12288/71874]  eta: 6:10:45  lr: 0.00040342030988641767  img/s: 43.040298612759024  loss: 3.1034 (3.3761)  acc1: 43.7500 (47.6219)  acc5: 75.0000 (72.0797)  time: 0.3735  data: 0.0002  max mem: 41183
Epoch: [29]  [15360/71874]  eta: 5:51:41  lr: 0.00040342030988641767  img/s: 42.92302634524487  loss: 3.0090 (3.3736)  acc1: 43.7500 (47.6357)  acc5: 75.0000 (72.0949)  time: 0.3724  data: 0.0002  max mem: 41183
Epoch: [29]  [18432/71874]  eta: 5:32:34  lr: 0.00040342030988641767  img/s: 39.650638344133895  loss: 3.5684 (3.3778)  acc1: 43.7500 (47.5370)  acc5: 68.7500 (72.0040)  time: 0.3735  data: 0.0002  max mem: 41183
Epoch: [29]  [21504/71874]  eta: 5:13:25  lr: 0.00040342030988641767  img/s: 43.10994539057526  loss: 3.2075 (3.3792)  acc1: 43.7500 (47.4337)  acc5: 75.0000 (71.9277)  time: 0.3724  data: 0.0002  max mem: 41183
Epoch: [29]  [24576/71874]  eta: 4:54:18  lr: 0.00040342030988641767  img/s: 43.15194164519  loss: 3.3909 (3.3834)  acc1: 37.5000 (47.3349)  acc5: 75.0000 (71.8451)  time: 0.3720  data: 0.0002  max mem: 41183
Epoch: [29]  [27648/71874]  eta: 4:35:10  lr: 0.00040342030988641767  img/s: 43.05918797633148  loss: 2.8529 (3.3891)  acc1: 43.7500 (47.2207)  acc5: 81.2500 (71.7081)  time: 0.3767  data: 0.0002  max mem: 41183
Epoch: [29]  [30720/71874]  eta: 4:16:02  lr: 0.00040342030988641767  img/s: 43.132665882968446  loss: 3.3687 (3.3902)  acc1: 50.0000 (47.1797)  acc5: 75.0000 (71.6694)  time: 0.3720  data: 0.0002  max mem: 41183
Epoch: [29]  [33792/71874]  eta: 3:56:54  lr: 0.00040342030988641767  img/s: 43.053994510859596  loss: 3.2580 (3.3896)  acc1: 43.7500 (47.1664)  acc5: 68.7500 (71.6291)  time: 0.3772  data: 0.0002  max mem: 41183
Epoch: [29]  [36864/71874]  eta: 3:37:46  lr: 0.00040342030988641767  img/s: 42.963531276648595  loss: 3.2627 (3.3925)  acc1: 50.0000 (47.1089)  acc5: 75.0000 (71.5925)  time: 0.3726  data: 0.0002  max mem: 41183
Epoch: [29]  [39936/71874]  eta: 3:18:38  lr: 0.00040342030988641767  img/s: 42.82742635421453  loss: 3.3391 (3.3975)  acc1: 43.7500 (47.0194)  acc5: 75.0000 (71.5056)  time: 0.3710  data: 0.0002  max mem: 41183
Epoch: [29]  [43008/71874]  eta: 2:59:31  lr: 0.00040342030988641767  img/s: 43.34349542692871  loss: 3.2179 (3.3987)  acc1: 43.7500 (46.9912)  acc5: 68.7500 (71.4922)  time: 0.3720  data: 0.0002  max mem: 41183
Epoch: [29]  [46080/71874]  eta: 2:40:24  lr: 0.00040342030988641767  img/s: 42.84719617784537  loss: 3.5524 (3.3992)  acc1: 50.0000 (46.9592)  acc5: 68.7500 (71.4504)  time: 0.3756  data: 0.0002  max mem: 41183
Epoch: [29]  [49152/71874]  eta: 2:21:17  lr: 0.00040342030988641767  img/s: 43.272255508584955  loss: 3.2273 (3.4021)  acc1: 43.7500 (46.9154)  acc5: 68.7500 (71.3859)  time: 0.3707  data: 0.0002  max mem: 41183
Epoch: [29]  [52224/71874]  eta: 2:02:10  lr: 0.00040342030988641767  img/s: 43.19727281621891  loss: 3.2535 (3.4030)  acc1: 43.7500 (46.8781)  acc5: 68.7500 (71.3483)  time: 0.3781  data: 0.0002  max mem: 41183
Epoch: [29]  [55296/71874]  eta: 1:43:04  lr: 0.00040342030988641767  img/s: 43.00201845702737  loss: 3.2607 (3.4042)  acc1: 43.7500 (46.8539)  acc5: 68.7500 (71.3386)  time: 0.3725  data: 0.0002  max mem: 41183
Epoch: [29]  [58368/71874]  eta: 1:23:58  lr: 0.00040342030988641767  img/s: 42.94612732772782  loss: 3.0035 (3.4053)  acc1: 50.0000 (46.8174)  acc5: 75.0000 (71.3085)  time: 0.3734  data: 0.0002  max mem: 41183
Epoch: [29]  [61440/71874]  eta: 1:04:52  lr: 0.00040342030988641767  img/s: 43.028101140510834  loss: 3.1668 (3.4075)  acc1: 43.7500 (46.7593)  acc5: 68.7500 (71.2616)  time: 0.3712  data: 0.0002  max mem: 41183
Epoch: [29]  [64512/71874]  eta: 0:45:46  lr: 0.00040342030988641767  img/s: 43.199580806985175  loss: 3.0278 (3.4099)  acc1: 50.0000 (46.7138)  acc5: 68.7500 (71.2026)  time: 0.3759  data: 0.0002  max mem: 41183
Epoch: [29]  [67584/71874]  eta: 0:26:40  lr: 0.00040342030988641767  img/s: 42.73886436629056  loss: 3.3489 (3.4115)  acc1: 43.7500 (46.6879)  acc5: 68.7500 (71.1547)  time: 0.3721  data: 0.0001  max mem: 41183
Epoch: [29]  [70656/71874]  eta: 0:07:34  lr: 0.00040342030988641767  img/s: 43.0403814246601  loss: 3.0935 (3.4127)  acc1: 50.0000 (46.6508)  acc5: 68.7500 (71.1275)  time: 0.3778  data: 0.0002  max mem: 41183
Epoch: [29] Total time: 7:26:48
Test:  [   0/7958]  eta: 2:05:03  loss: 0.2806 (0.2806)  acc1: 93.7500 (93.7500)  acc5: 100.0000 (100.0000)  time: 0.9428  data: 0.7338  max mem: 41183
Test:  [ 100/7958]  eta: 0:28:40  loss: 1.7346 (1.8932)  acc1: 62.5000 (58.9109)  acc5: 87.5000 (81.4975)  time: 0.2115  data: 0.0004  max mem: 41183
Test:  [ 200/7958]  eta: 0:27:50  loss: 2.2686 (2.2294)  acc1: 50.0000 (53.3582)  acc5: 75.0000 (76.5858)  time: 0.2114  data: 0.0003  max mem: 41183
Test:  [ 300/7958]  eta: 0:27:20  loss: 1.6723 (2.2655)  acc1: 62.5000 (53.0108)  acc5: 81.2500 (75.9136)  time: 0.2119  data: 0.0003  max mem: 41183
Test:  [ 400/7958]  eta: 0:26:53  loss: 1.0958 (2.0854)  acc1: 75.0000 (56.4838)  acc5: 93.7500 (78.7251)  time: 0.2118  data: 0.0003  max mem: 41183
Test:  [ 500/7958]  eta: 0:26:29  loss: 2.1271 (2.0417)  acc1: 50.0000 (57.7844)  acc5: 75.0000 (79.2789)  time: 0.2119  data: 0.0003  max mem: 41183
Test:  [ 600/7958]  eta: 0:26:06  loss: 2.1667 (2.1214)  acc1: 50.0000 (55.5532)  acc5: 75.0000 (77.9950)  time: 0.2120  data: 0.0003  max mem: 41183
Test:  [ 700/7958]  eta: 0:25:43  loss: 2.1161 (2.1741)  acc1: 56.2500 (53.9230)  acc5: 75.0000 (77.1844)  time: 0.2115  data: 0.0003  max mem: 41183
Test:  [ 800/7958]  eta: 0:25:21  loss: 2.1816 (2.2363)  acc1: 56.2500 (52.5983)  acc5: 75.0000 (76.3109)  time: 0.2111  data: 0.0003  max mem: 41183
Test:  [ 900/7958]  eta: 0:24:59  loss: 3.1424 (2.2631)  acc1: 31.2500 (51.6787)  acc5: 68.7500 (76.1446)  time: 0.2114  data: 0.0003  max mem: 41183
Test:  [1000/7958]  eta: 0:24:37  loss: 3.2985 (2.3337)  acc1: 18.7500 (49.9938)  acc5: 50.0000 (75.1436)  time: 0.2116  data: 0.0003  max mem: 41183
Test:  [1100/7958]  eta: 0:24:16  loss: 2.0784 (2.4007)  acc1: 50.0000 (48.7000)  acc5: 81.2500 (74.2393)  time: 0.2115  data: 0.0003  max mem: 41183
Test:  [1200/7958]  eta: 0:23:54  loss: 2.7186 (2.3814)  acc1: 37.5000 (48.7302)  acc5: 75.0000 (74.6201)  time: 0.2120  data: 0.0003  max mem: 41183
Test:  [1300/7958]  eta: 0:23:33  loss: 2.1389 (2.3736)  acc1: 56.2500 (48.5684)  acc5: 81.2500 (74.8511)  time: 0.2122  data: 0.0004  max mem: 41183
Test:  [1400/7958]  eta: 0:23:11  loss: 3.3415 (2.3707)  acc1: 12.5000 (48.3137)  acc5: 62.5000 (74.9375)  time: 0.2120  data: 0.0004  max mem: 41183
Test:  [1500/7958]  eta: 0:22:50  loss: 2.5826 (2.4082)  acc1: 43.7500 (47.5142)  acc5: 75.0000 (74.2921)  time: 0.2116  data: 0.0003  max mem: 41183
Test:  [1600/7958]  eta: 0:22:28  loss: 1.5072 (2.3887)  acc1: 62.5000 (47.4742)  acc5: 87.5000 (74.5628)  time: 0.2116  data: 0.0003  max mem: 41183
Test:  [1700/7958]  eta: 0:22:07  loss: 0.6917 (2.3575)  acc1: 87.5000 (47.9608)  acc5: 93.7500 (75.1653)  time: 0.2114  data: 0.0003  max mem: 41183
Test:  [1800/7958]  eta: 0:21:45  loss: 2.2339 (2.3390)  acc1: 50.0000 (48.4106)  acc5: 81.2500 (75.5622)  time: 0.2116  data: 0.0003  max mem: 41183
Test:  [1900/7958]  eta: 0:21:24  loss: 2.2399 (2.3348)  acc1: 50.0000 (48.5074)  acc5: 81.2500 (75.7069)  time: 0.2110  data: 0.0003  max mem: 41183
Test:  [2000/7958]  eta: 0:21:03  loss: 1.0428 (2.3029)  acc1: 75.0000 (49.2722)  acc5: 93.7500 (76.1713)  time: 0.2117  data: 0.0003  max mem: 41183
Test:  [2100/7958]  eta: 0:20:41  loss: 1.6826 (2.2838)  acc1: 56.2500 (49.8007)  acc5: 87.5000 (76.4636)  time: 0.2120  data: 0.0003  max mem: 41183
Test:  [2200/7958]  eta: 0:20:20  loss: 1.8612 (2.2719)  acc1: 50.0000 (49.9546)  acc5: 87.5000 (76.7208)  time: 0.2120  data: 0.0003  max mem: 41183
Test:  [2300/7958]  eta: 0:19:59  loss: 3.3441 (2.2576)  acc1: 25.0000 (50.1277)  acc5: 62.5000 (76.9720)  time: 0.2120  data: 0.0003  max mem: 41183
Test:  [2400/7958]  eta: 0:19:38  loss: 1.7091 (2.2547)  acc1: 56.2500 (50.2317)  acc5: 87.5000 (77.0668)  time: 0.2114  data: 0.0003  max mem: 41183
Test:  [2500/7958]  eta: 0:19:16  loss: 2.8615 (2.2621)  acc1: 18.7500 (49.9950)  acc5: 68.7500 (76.8693)  time: 0.2114  data: 0.0003  max mem: 41183
Test:  [2600/7958]  eta: 0:18:55  loss: 2.5601 (2.2442)  acc1: 43.7500 (50.3965)  acc5: 75.0000 (77.0953)  time: 0.2113  data: 0.0003  max mem: 41183
Test:  [2700/7958]  eta: 0:18:34  loss: 1.8816 (2.2320)  acc1: 68.7500 (50.7405)  acc5: 81.2500 (77.3024)  time: 0.2115  data: 0.0004  max mem: 41183
Test:  [2800/7958]  eta: 0:18:13  loss: 2.6259 (2.2227)  acc1: 43.7500 (50.9729)  acc5: 68.7500 (77.4099)  time: 0.2113  data: 0.0003  max mem: 41183
Test:  [2900/7958]  eta: 0:17:51  loss: 1.6496 (2.2318)  acc1: 68.7500 (50.8876)  acc5: 81.2500 (77.2040)  time: 0.2119  data: 0.0003  max mem: 41183
Test:  [3000/7958]  eta: 0:17:30  loss: 1.0898 (2.2272)  acc1: 75.0000 (51.0580)  acc5: 93.7500 (77.2263)  time: 0.2120  data: 0.0003  max mem: 41183
Test:  [3100/7958]  eta: 0:17:09  loss: 2.1155 (2.2240)  acc1: 56.2500 (51.1690)  acc5: 75.0000 (77.2634)  time: 0.2118  data: 0.0003  max mem: 41183
Test:  [3200/7958]  eta: 0:16:48  loss: 2.0621 (2.2261)  acc1: 50.0000 (51.1539)  acc5: 75.0000 (77.2434)  time: 0.2118  data: 0.0003  max mem: 41183
Test:  [3300/7958]  eta: 0:16:26  loss: 2.0962 (2.2471)  acc1: 43.7500 (50.8577)  acc5: 68.7500 (76.8820)  time: 0.2113  data: 0.0003  max mem: 41183
Test:  [3400/7958]  eta: 0:16:05  loss: 2.4663 (2.2440)  acc1: 43.7500 (50.9813)  acc5: 68.7500 (76.8781)  time: 0.2115  data: 0.0003  max mem: 41183
Test:  [3500/7958]  eta: 0:15:44  loss: 2.1813 (2.2448)  acc1: 50.0000 (50.9694)  acc5: 75.0000 (76.9191)  time: 0.2113  data: 0.0003  max mem: 41183
Test:  [3600/7958]  eta: 0:15:23  loss: 2.6969 (2.2503)  acc1: 31.2500 (50.8296)  acc5: 68.7500 (76.8658)  time: 0.2112  data: 0.0003  max mem: 41183
Test:  [3700/7958]  eta: 0:15:02  loss: 2.6816 (2.2545)  acc1: 37.5000 (50.6907)  acc5: 68.7500 (76.8357)  time: 0.2117  data: 0.0003  max mem: 41183
Test:  [3800/7958]  eta: 0:14:40  loss: 2.1629 (2.2610)  acc1: 43.7500 (50.5508)  acc5: 81.2500 (76.7643)  time: 0.2117  data: 0.0003  max mem: 41183
Test:  [3900/7958]  eta: 0:14:19  loss: 1.6649 (2.2598)  acc1: 62.5000 (50.6120)  acc5: 87.5000 (76.7800)  time: 0.2120  data: 0.0003  max mem: 41183
Test:  [4000/7958]  eta: 0:13:58  loss: 2.9332 (2.2630)  acc1: 31.2500 (50.5483)  acc5: 62.5000 (76.7168)  time: 0.2116  data: 0.0003  max mem: 41183
Test:  [4100/7958]  eta: 0:13:37  loss: 1.6738 (2.2646)  acc1: 62.5000 (50.5669)  acc5: 81.2500 (76.6688)  time: 0.2116  data: 0.0003  max mem: 41183
Test:  [4200/7958]  eta: 0:13:15  loss: 2.5418 (2.2678)  acc1: 43.7500 (50.6189)  acc5: 75.0000 (76.6365)  time: 0.2113  data: 0.0003  max mem: 41183
Test:  [4300/7958]  eta: 0:12:54  loss: 2.2105 (2.2615)  acc1: 56.2500 (50.7426)  acc5: 75.0000 (76.7496)  time: 0.2115  data: 0.0003  max mem: 41183
Test:  [4400/7958]  eta: 0:12:33  loss: 1.3485 (2.2714)  acc1: 68.7500 (50.6277)  acc5: 93.7500 (76.5749)  time: 0.2113  data: 0.0003  max mem: 41183
Test:  [4500/7958]  eta: 0:12:12  loss: 2.5804 (2.2721)  acc1: 50.0000 (50.5749)  acc5: 62.5000 (76.5594)  time: 0.2114  data: 0.0003  max mem: 41183
Test:  [4600/7958]  eta: 0:11:51  loss: 2.5003 (2.2736)  acc1: 43.7500 (50.6208)  acc5: 68.7500 (76.4902)  time: 0.2117  data: 0.0003  max mem: 41183
Test:  [4700/7958]  eta: 0:11:29  loss: 1.8839 (2.2765)  acc1: 56.2500 (50.5451)  acc5: 81.2500 (76.4159)  time: 0.2117  data: 0.0003  max mem: 41183
Test:  [4800/7958]  eta: 0:11:08  loss: 1.7010 (2.2772)  acc1: 68.7500 (50.5442)  acc5: 87.5000 (76.4502)  time: 0.2120  data: 0.0003  max mem: 41183
Test:  [4900/7958]  eta: 0:10:47  loss: 2.5237 (2.2832)  acc1: 50.0000 (50.5127)  acc5: 62.5000 (76.3263)  time: 0.2119  data: 0.0003  max mem: 41183
Test:  [5000/7958]  eta: 0:10:26  loss: 1.8363 (2.2811)  acc1: 50.0000 (50.5511)  acc5: 87.5000 (76.4097)  time: 0.2115  data: 0.0003  max mem: 41183
Test:  [5100/7958]  eta: 0:10:05  loss: 2.0490 (2.2791)  acc1: 50.0000 (50.4435)  acc5: 75.0000 (76.4813)  time: 0.2113  data: 0.0003  max mem: 41183
Test:  [5200/7958]  eta: 0:09:44  loss: 1.1934 (2.2745)  acc1: 75.0000 (50.5227)  acc5: 87.5000 (76.5406)  time: 0.2114  data: 0.0004  max mem: 41183
Test:  [5300/7958]  eta: 0:09:22  loss: 2.8285 (2.2796)  acc1: 37.5000 (50.5058)  acc5: 68.7500 (76.4431)  time: 0.2115  data: 0.0003  max mem: 41183
Test:  [5400/7958]  eta: 0:09:01  loss: 2.5804 (2.2752)  acc1: 37.5000 (50.6226)  acc5: 62.5000 (76.4743)  time: 0.2114  data: 0.0003  max mem: 41183
Test:  [5500/7958]  eta: 0:08:40  loss: 1.8701 (2.2810)  acc1: 56.2500 (50.5965)  acc5: 81.2500 (76.3725)  time: 0.2119  data: 0.0003  max mem: 41183
Test:  [5600/7958]  eta: 0:08:19  loss: 2.9539 (2.2850)  acc1: 31.2500 (50.5602)  acc5: 75.0000 (76.3100)  time: 0.2118  data: 0.0003  max mem: 41183
Test:  [5700/7958]  eta: 0:07:58  loss: 2.3506 (2.2929)  acc1: 43.7500 (50.4166)  acc5: 68.7500 (76.1862)  time: 0.2121  data: 0.0003  max mem: 41183
Test:  [5800/7958]  eta: 0:07:36  loss: 2.8543 (2.2964)  acc1: 31.2500 (50.3566)  acc5: 68.7500 (76.1313)  time: 0.2116  data: 0.0003  max mem: 41183
Test:  [5900/7958]  eta: 0:07:15  loss: 2.2488 (2.3013)  acc1: 50.0000 (50.2722)  acc5: 75.0000 (76.0454)  time: 0.2113  data: 0.0003  max mem: 41183
Test:  [6000/7958]  eta: 0:06:54  loss: 2.2184 (2.3034)  acc1: 56.2500 (50.2895)  acc5: 75.0000 (75.9946)  time: 0.2114  data: 0.0003  max mem: 41183
Test:  [6100/7958]  eta: 0:06:33  loss: 2.2732 (2.3020)  acc1: 43.7500 (50.3391)  acc5: 75.0000 (75.9947)  time: 0.2115  data: 0.0003  max mem: 41183
Test:  [6200/7958]  eta: 0:06:12  loss: 2.0336 (2.3002)  acc1: 50.0000 (50.4011)  acc5: 75.0000 (76.0049)  time: 0.2115  data: 0.0003  max mem: 41183
Test:  [6300/7958]  eta: 0:05:51  loss: 1.3857 (2.2942)  acc1: 62.5000 (50.5455)  acc5: 87.5000 (76.0713)  time: 0.2116  data: 0.0003  max mem: 41183
Test:  [6400/7958]  eta: 0:05:29  loss: 1.0173 (2.2937)  acc1: 75.0000 (50.5907)  acc5: 93.7500 (76.0594)  time: 0.2120  data: 0.0003  max mem: 41183
Test:  [6500/7958]  eta: 0:05:08  loss: 1.1510 (2.2901)  acc1: 75.0000 (50.6922)  acc5: 87.5000 (76.1143)  time: 0.2116  data: 0.0003  max mem: 41183
Test:  [6600/7958]  eta: 0:04:47  loss: 3.5514 (2.2952)  acc1: 31.2500 (50.6022)  acc5: 50.0000 (76.0103)  time: 0.2121  data: 0.0003  max mem: 41183
Test:  [6700/7958]  eta: 0:04:26  loss: 2.2018 (2.2940)  acc1: 50.0000 (50.6464)  acc5: 75.0000 (76.0306)  time: 0.2113  data: 0.0003  max mem: 41183
Test:  [6800/7958]  eta: 0:04:05  loss: 2.7625 (2.2991)  acc1: 37.5000 (50.5661)  acc5: 75.0000 (75.9861)  time: 0.2114  data: 0.0003  max mem: 41183
Test:  [6900/7958]  eta: 0:03:44  loss: 2.1775 (2.2979)  acc1: 31.2500 (50.5851)  acc5: 68.7500 (76.0207)  time: 0.2116  data: 0.0003  max mem: 41183
Test:  [7000/7958]  eta: 0:03:22  loss: 1.5231 (2.2981)  acc1: 56.2500 (50.6026)  acc5: 87.5000 (75.9945)  time: 0.2114  data: 0.0003  max mem: 41183
Test:  [7100/7958]  eta: 0:03:01  loss: 1.0074 (2.3026)  acc1: 81.2500 (50.4938)  acc5: 93.7500 (75.9286)  time: 0.2113  data: 0.0003  max mem: 41183
Test:  [7200/7958]  eta: 0:02:40  loss: 2.8867 (2.3073)  acc1: 31.2500 (50.4010)  acc5: 56.2500 (75.8341)  time: 0.2118  data: 0.0003  max mem: 41183
Test:  [7300/7958]  eta: 0:02:19  loss: 3.4606 (2.3000)  acc1: 18.7500 (50.5736)  acc5: 56.2500 (75.9134)  time: 0.2121  data: 0.0003  max mem: 41183
Test:  [7400/7958]  eta: 0:01:58  loss: 3.4436 (2.3108)  acc1: 25.0000 (50.4163)  acc5: 50.0000 (75.7398)  time: 0.2118  data: 0.0003  max mem: 41183
Test:  [7500/7958]  eta: 0:01:36  loss: 1.6817 (2.3192)  acc1: 43.7500 (50.2825)  acc5: 81.2500 (75.6016)  time: 0.2119  data: 0.0003  max mem: 41183
Test:  [7600/7958]  eta: 0:01:15  loss: 2.0133 (2.3221)  acc1: 62.5000 (50.2796)  acc5: 81.2500 (75.5468)  time: 0.2115  data: 0.0003  max mem: 41183
Test:  [7700/7958]  eta: 0:00:54  loss: 1.8785 (2.3287)  acc1: 50.0000 (50.1826)  acc5: 87.5000 (75.4212)  time: 0.2113  data: 0.0003  max mem: 41183
Test:  [7800/7958]  eta: 0:00:33  loss: 1.5564 (2.3309)  acc1: 56.2500 (50.0465)  acc5: 87.5000 (75.4014)  time: 0.2112  data: 0.0003  max mem: 41183
Test:  [7900/7958]  eta: 0:00:12  loss: 1.3976 (2.3282)  acc1: 68.7500 (50.1187)  acc5: 87.5000 (75.4185)  time: 0.2117  data: 0.0003  max mem: 41183
Test: Total time: 0:28:04
 * Acc@1 = 50.09738627795929, Acc@5 = 75.38169137974366, loss = 2.330747300382122
Namespace(model='QKFormer_10_768', dataset='es-imagenet', num_classes=1000, data_path='/model/es-imagenet', device='cuda', batch_size=16, workers=4, print_freq=3072, output_dir='./logs4', resume='', sync_bn=False, test_only=False, amp=True, world_size=1, dist_url='env://', tb=True, T=8, opt='adamw', opt_eps=1e-08, opt_betas=None, weight_decay=0.01, momentum=0.9, connect_f='ADD', T_train=None, sched='cosine', lr=0.0005, lr_noise=None, lr_noise_pct=0.67, lr_noise_std=1.0, lr_cycle_mul=1.0, lr_cycle_limit=1, warmup_lr=1e-05, min_lr=1e-06, epochs=100, epoch_repeats=0.0, start_epoch=0, decay_epochs=20, warmup_epochs=20, cooldown_epochs=10, patience_epochs=10, decay_rate=0.1, smoothing=0.1, mixup=0.5, cutmix=0.0, cutmix_minmax=None, mixup_prob=0.5, mixup_switch_prob=0.5, mixup_mode='batch', mixup_off_epoch=0, grad_clip=5.0, distributed=False)
Training time 10 days, 6:03:14 max_test_acc1 55.01539331490324 test_acc5_at_max_test_acc1 80.19210228700679
./logs4/QKFormer_10_768_b16_T8_wd0.01_adamw_cnf_ADD/lr0.0005
Epoch: [30]  [    0/71874]  eta: 21:07:11  lr: 0.0003971524204469721  img/s: 41.97654252800516  loss: 2.2028 (2.2028)  acc1: 62.5000 (62.5000)  acc5: 87.5000 (87.5000)  time: 1.0578  data: 0.6767  max mem: 41183
Epoch: [30]  [ 3072/71874]  eta: 7:07:15  lr: 0.0003971524204469721  img/s: 43.23832510023717  loss: 2.8033 (3.3067)  acc1: 50.0000 (48.6353)  acc5: 75.0000 (72.8543)  time: 0.3715  data: 0.0002  max mem: 41183
Epoch: [30]  [ 6144/71874]  eta: 6:48:08  lr: 0.0003971524204469721  img/s: 42.60268939187139  loss: 2.9151 (3.3358)  acc1: 56.2500 (48.1296)  acc5: 75.0000 (72.5163)  time: 0.3714  data: 0.0002  max mem: 41183
Epoch: [30]  [ 9216/71874]  eta: 6:29:03  lr: 0.0003971524204469721  img/s: 43.08910240111362  loss: 3.1807 (3.3471)  acc1: 50.0000 (47.9406)  acc5: 68.7500 (72.3826)  time: 0.3724  data: 0.0002  max mem: 41183
Epoch: [30]  [12288/71874]  eta: 6:09:58  lr: 0.0003971524204469721  img/s: 43.303137417357426  loss: 2.9372 (3.3616)  acc1: 43.7500 (47.6829)  acc5: 75.0000 (72.1000)  time: 0.3706  data: 0.0002  max mem: 41183
Epoch: [30]  [15360/71874]  eta: 5:50:52  lr: 0.0003971524204469721  img/s: 43.15346780089781  loss: 3.1732 (3.3684)  acc1: 43.7500 (47.5937)  acc5: 68.7500 (71.9639)  time: 0.3714  data: 0.0002  max mem: 41183
Epoch: [30]  [18432/71874]  eta: 5:31:46  lr: 0.0003971524204469721  img/s: 43.049023217742835  loss: 3.4441 (3.3656)  acc1: 37.5000 (47.6140)  acc5: 62.5000 (71.9840)  time: 0.3720  data: 0.0002  max mem: 41183
Epoch: [30]  [21504/71874]  eta: 5:12:41  lr: 0.0003971524204469721  img/s: 42.88991529881247  loss: 3.5985 (3.3693)  acc1: 50.0000 (47.5331)  acc5: 75.0000 (71.8850)  time: 0.3764  data: 0.0002  max mem: 41183
Epoch: [30]  [24576/71874]  eta: 4:53:36  lr: 0.0003971524204469721  img/s: 42.95913084224623  loss: 3.1080 (3.3705)  acc1: 43.7500 (47.4926)  acc5: 75.0000 (71.8466)  time: 0.3721  data: 0.0002  max mem: 41183
Epoch: [30]  [27648/71874]  eta: 4:34:31  lr: 0.0003971524204469721  img/s: 43.04584771479831  loss: 3.3797 (3.3751)  acc1: 43.7500 (47.4016)  acc5: 62.5000 (71.7445)  time: 0.3710  data: 0.0002  max mem: 41183
Epoch: [30]  [30720/71874]  eta: 4:15:27  lr: 0.0003971524204469721  img/s: 43.11368431331735  loss: 3.1142 (3.3779)  acc1: 50.0000 (47.3422)  acc5: 75.0000 (71.6989)  time: 0.3719  data: 0.0002  max mem: 41183
Epoch: [30]  [33792/71874]  eta: 3:56:22  lr: 0.0003971524204469721  img/s: 43.35046710256877  loss: 3.2158 (3.3780)  acc1: 50.0000 (47.3229)  acc5: 68.7500 (71.6992)  time: 0.3714  data: 0.0002  max mem: 41183
Epoch: [30]  [36864/71874]  eta: 3:37:17  lr: 0.0003971524204469721  img/s: 43.30271829011054  loss: 3.1970 (3.3795)  acc1: 43.7500 (47.2974)  acc5: 75.0000 (71.6706)  time: 0.3706  data: 0.0002  max mem: 41183
Epoch: [30]  [39936/71874]  eta: 3:18:13  lr: 0.0003971524204469721  img/s: 42.85934603105264  loss: 3.5146 (3.3826)  acc1: 43.7500 (47.2083)  acc5: 68.7500 (71.6026)  time: 0.3726  data: 0.0002  max mem: 41183
Epoch: [30]  [43008/71874]  eta: 2:59:09  lr: 0.0003971524204469721  img/s: 43.053607813550535  loss: 3.0270 (3.3831)  acc1: 43.7500 (47.1765)  acc5: 75.0000 (71.5567)  time: 0.3726  data: 0.0002  max mem: 41183
Epoch: [30]  [46080/71874]  eta: 2:40:04  lr: 0.0003971524204469721  img/s: 42.94544025740823  loss: 2.9658 (3.3862)  acc1: 50.0000 (47.1037)  acc5: 75.0000 (71.4701)  time: 0.3709  data: 0.0002  max mem: 41183
Epoch: [30]  [49152/71874]  eta: 2:21:00  lr: 0.0003971524204469721  img/s: 43.230999554219075  loss: 3.1046 (3.3892)  acc1: 43.7500 (47.0541)  acc5: 75.0000 (71.4224)  time: 0.3717  data: 0.0002  max mem: 41183
Epoch: [30]  [52224/71874]  eta: 2:01:56  lr: 0.0003971524204469721  img/s: 43.376077148803596  loss: 3.3246 (3.3936)  acc1: 43.7500 (46.9789)  acc5: 75.0000 (71.3321)  time: 0.3708  data: 0.0002  max mem: 41183
Epoch: [30]  [55296/71874]  eta: 1:42:52  lr: 0.0003971524204469721  img/s: 43.04960314278328  loss: 3.4497 (3.3944)  acc1: 43.7500 (46.9480)  acc5: 68.7500 (71.3152)  time: 0.3712  data: 0.0002  max mem: 41183
Epoch: [30]  [58368/71874]  eta: 1:23:48  lr: 0.0003971524204469721  img/s: 43.135604670371166  loss: 3.2255 (3.3960)  acc1: 43.7500 (46.9133)  acc5: 75.0000 (71.2632)  time: 0.3710  data: 0.0002  max mem: 41183
Epoch: [30]  [61440/71874]  eta: 1:04:44  lr: 0.0003971524204469721  img/s: 43.288584482543975  loss: 3.2221 (3.3984)  acc1: 50.0000 (46.8509)  acc5: 68.7500 (71.2153)  time: 0.3763  data: 0.0002  max mem: 41183
Epoch: [30]  [64512/71874]  eta: 0:45:40  lr: 0.0003971524204469721  img/s: 43.45669086364431  loss: 3.2130 (3.3994)  acc1: 37.5000 (46.8225)  acc5: 68.7500 (71.1910)  time: 0.3700  data: 0.0002  max mem: 41183
Epoch: [30]  [67584/71874]  eta: 0:26:37  lr: 0.0003971524204469721  img/s: 42.997334645507856  loss: 3.3820 (3.4029)  acc1: 37.5000 (46.7595)  acc5: 68.7500 (71.1232)  time: 0.3768  data: 0.0002  max mem: 41183
Epoch: [30]  [70656/71874]  eta: 0:07:33  lr: 0.0003971524204469721  img/s: 43.080333889473415  loss: 3.0837 (3.4034)  acc1: 43.7500 (46.7295)  acc5: 75.0000 (71.0977)  time: 0.3712  data: 0.0002  max mem: 41183
Epoch: [30] Total time: 7:25:58
Test:  [   0/7958]  eta: 1:42:15  loss: 0.5792 (0.5792)  acc1: 81.2500 (81.2500)  acc5: 100.0000 (100.0000)  time: 0.7710  data: 0.5608  max mem: 41183
Test:  [ 100/7958]  eta: 0:28:25  loss: 1.2694 (1.4629)  acc1: 68.7500 (69.6782)  acc5: 87.5000 (85.5817)  time: 0.2118  data: 0.0003  max mem: 41183
Test:  [ 200/7958]  eta: 0:27:42  loss: 1.9651 (1.6121)  acc1: 43.7500 (64.3035)  acc5: 87.5000 (84.5771)  time: 0.2119  data: 0.0003  max mem: 41183
Test:  [ 300/7958]  eta: 0:27:13  loss: 1.7275 (1.6628)  acc1: 62.5000 (63.3721)  acc5: 87.5000 (83.7209)  time: 0.2116  data: 0.0003  max mem: 41183
Test:  [ 400/7958]  eta: 0:26:49  loss: 1.0426 (1.5425)  acc1: 68.7500 (65.6796)  acc5: 93.7500 (85.6608)  time: 0.2113  data: 0.0003  max mem: 41183
Test:  [ 500/7958]  eta: 0:26:25  loss: 2.2256 (1.5330)  acc1: 43.7500 (65.9681)  acc5: 75.0000 (85.7410)  time: 0.2113  data: 0.0003  max mem: 41183
Test:  [ 600/7958]  eta: 0:26:03  loss: 2.0008 (1.6280)  acc1: 50.0000 (63.1032)  acc5: 81.2500 (84.7130)  time: 0.2115  data: 0.0003  max mem: 41183
Test:  [ 700/7958]  eta: 0:25:41  loss: 1.9135 (1.6993)  acc1: 50.0000 (61.2518)  acc5: 75.0000 (83.6573)  time: 0.2116  data: 0.0003  max mem: 41183
Test:  [ 800/7958]  eta: 0:25:19  loss: 1.4689 (1.7709)  acc1: 62.5000 (59.6286)  acc5: 87.5000 (82.5609)  time: 0.2115  data: 0.0003  max mem: 41183
Test:  [ 900/7958]  eta: 0:24:57  loss: 2.3338 (1.8129)  acc1: 43.7500 (58.6154)  acc5: 81.2500 (82.1310)  time: 0.2118  data: 0.0003  max mem: 41183
Test:  [1000/7958]  eta: 0:24:36  loss: 2.7926 (1.8905)  acc1: 31.2500 (56.6309)  acc5: 68.7500 (81.1563)  time: 0.2122  data: 0.0003  max mem: 41183
Test:  [1100/7958]  eta: 0:24:14  loss: 1.6843 (1.9314)  acc1: 56.2500 (55.8980)  acc5: 87.5000 (80.5461)  time: 0.2116  data: 0.0003  max mem: 41183
Test:  [1200/7958]  eta: 0:23:53  loss: 2.1549 (1.9549)  acc1: 43.7500 (55.0114)  acc5: 81.2500 (80.2664)  time: 0.2118  data: 0.0003  max mem: 41183
Test:  [1300/7958]  eta: 0:23:31  loss: 1.8744 (1.9642)  acc1: 50.0000 (54.3620)  acc5: 81.2500 (80.1691)  time: 0.2112  data: 0.0003  max mem: 41183
Test:  [1400/7958]  eta: 0:23:10  loss: 2.6106 (1.9755)  acc1: 31.2500 (53.9436)  acc5: 68.7500 (80.0098)  time: 0.2113  data: 0.0003  max mem: 41183
Test:  [1500/7958]  eta: 0:22:48  loss: 1.9496 (1.9984)  acc1: 50.0000 (53.4102)  acc5: 75.0000 (79.7718)  time: 0.2115  data: 0.0003  max mem: 41183
Test:  [1600/7958]  eta: 0:22:27  loss: 1.3463 (1.9939)  acc1: 56.2500 (53.4510)  acc5: 87.5000 (79.8641)  time: 0.2111  data: 0.0003  max mem: 41183
Test:  [1700/7958]  eta: 0:22:06  loss: 0.8591 (1.9802)  acc1: 81.2500 (53.7992)  acc5: 93.7500 (80.2175)  time: 0.2116  data: 0.0003  max mem: 41183
Test:  [1800/7958]  eta: 0:21:44  loss: 0.9651 (1.9522)  acc1: 75.0000 (54.4212)  acc5: 93.7500 (80.6080)  time: 0.2117  data: 0.0003  max mem: 41183
Test:  [1900/7958]  eta: 0:21:23  loss: 1.9747 (1.9461)  acc1: 50.0000 (54.4220)  acc5: 81.2500 (80.7733)  time: 0.2115  data: 0.0003  max mem: 41183
Test:  [2000/7958]  eta: 0:21:02  loss: 0.4625 (1.9166)  acc1: 87.5000 (55.2349)  acc5: 100.0000 (81.0970)  time: 0.2120  data: 0.0003  max mem: 41183
Test:  [2100/7958]  eta: 0:20:40  loss: 1.6363 (1.9016)  acc1: 56.2500 (55.5837)  acc5: 87.5000 (81.3333)  time: 0.2114  data: 0.0003  max mem: 41183
Test:  [2200/7958]  eta: 0:20:19  loss: 1.8347 (1.8996)  acc1: 56.2500 (55.5884)  acc5: 81.2500 (81.4204)  time: 0.2114  data: 0.0003  max mem: 41183
Test:  [2300/7958]  eta: 0:19:58  loss: 2.3529 (1.8885)  acc1: 37.5000 (55.7285)  acc5: 81.2500 (81.6167)  time: 0.2115  data: 0.0003  max mem: 41183
Test:  [2400/7958]  eta: 0:19:37  loss: 1.8137 (1.8940)  acc1: 50.0000 (55.6383)  acc5: 87.5000 (81.5389)  time: 0.2114  data: 0.0003  max mem: 41183
Test:  [2500/7958]  eta: 0:19:15  loss: 3.0278 (1.9098)  acc1: 18.7500 (55.2729)  acc5: 75.0000 (81.2850)  time: 0.2115  data: 0.0003  max mem: 41183
Test:  [2600/7958]  eta: 0:18:54  loss: 1.7799 (1.9019)  acc1: 62.5000 (55.4114)  acc5: 81.2500 (81.3942)  time: 0.2119  data: 0.0003  max mem: 41183
Test:  [2700/7958]  eta: 0:18:33  loss: 1.2385 (1.8813)  acc1: 75.0000 (55.9330)  acc5: 87.5000 (81.6457)  time: 0.2121  data: 0.0003  max mem: 41183
Test:  [2800/7958]  eta: 0:18:12  loss: 2.2631 (1.8739)  acc1: 50.0000 (56.1451)  acc5: 75.0000 (81.7476)  time: 0.2118  data: 0.0004  max mem: 41183
Test:  [2900/7958]  eta: 0:17:51  loss: 1.7468 (1.8830)  acc1: 50.0000 (56.0216)  acc5: 87.5000 (81.5969)  time: 0.2119  data: 0.0004  max mem: 41183
Test:  [3000/7958]  eta: 0:17:29  loss: 1.3329 (1.8855)  acc1: 62.5000 (56.0646)  acc5: 87.5000 (81.5416)  time: 0.2113  data: 0.0004  max mem: 41183
Test:  [3100/7958]  eta: 0:17:08  loss: 1.5078 (1.8869)  acc1: 62.5000 (56.1009)  acc5: 81.2500 (81.5120)  time: 0.2117  data: 0.0004  max mem: 41183
Test:  [3200/7958]  eta: 0:16:47  loss: 1.9783 (1.8865)  acc1: 50.0000 (56.0997)  acc5: 81.2500 (81.4980)  time: 0.2115  data: 0.0004  max mem: 41183
Test:  [3300/7958]  eta: 0:16:26  loss: 2.1279 (1.9079)  acc1: 50.0000 (55.6934)  acc5: 75.0000 (81.1686)  time: 0.2114  data: 0.0004  max mem: 41183
Test:  [3400/7958]  eta: 0:16:05  loss: 1.6878 (1.9001)  acc1: 50.0000 (55.9284)  acc5: 87.5000 (81.2647)  time: 0.2115  data: 0.0003  max mem: 41183
Test:  [3500/7958]  eta: 0:15:44  loss: 1.9420 (1.8966)  acc1: 56.2500 (56.0215)  acc5: 81.2500 (81.3321)  time: 0.2120  data: 0.0003  max mem: 41183
Test:  [3600/7958]  eta: 0:15:22  loss: 1.7875 (1.8986)  acc1: 50.0000 (55.9619)  acc5: 81.2500 (81.3073)  time: 0.2118  data: 0.0003  max mem: 41183
Test:  [3700/7958]  eta: 0:15:01  loss: 2.1291 (1.8966)  acc1: 43.7500 (55.9629)  acc5: 75.0000 (81.3243)  time: 0.2120  data: 0.0003  max mem: 41183
Test:  [3800/7958]  eta: 0:14:40  loss: 2.1081 (1.9037)  acc1: 43.7500 (55.8833)  acc5: 81.2500 (81.2368)  time: 0.2116  data: 0.0003  max mem: 41183
Test:  [3900/7958]  eta: 0:14:19  loss: 1.5213 (1.8945)  acc1: 56.2500 (56.1362)  acc5: 87.5000 (81.3541)  time: 0.2114  data: 0.0003  max mem: 41183
Test:  [4000/7958]  eta: 0:13:58  loss: 2.6672 (1.9037)  acc1: 31.2500 (55.9907)  acc5: 62.5000 (81.1922)  time: 0.2114  data: 0.0003  max mem: 41183
Test:  [4100/7958]  eta: 0:13:36  loss: 1.4239 (1.9026)  acc1: 75.0000 (56.0564)  acc5: 87.5000 (81.1753)  time: 0.2111  data: 0.0003  max mem: 41183
Test:  [4200/7958]  eta: 0:13:15  loss: 1.9692 (1.9053)  acc1: 50.0000 (56.0477)  acc5: 81.2500 (81.1354)  time: 0.2112  data: 0.0003  max mem: 41183
Test:  [4300/7958]  eta: 0:12:54  loss: 1.6875 (1.8973)  acc1: 62.5000 (56.2297)  acc5: 87.5000 (81.1875)  time: 0.2119  data: 0.0003  max mem: 41183
Test:  [4400/7958]  eta: 0:12:33  loss: 1.3122 (1.9042)  acc1: 62.5000 (56.1591)  acc5: 81.2500 (81.0313)  time: 0.2120  data: 0.0004  max mem: 41183
Test:  [4500/7958]  eta: 0:12:12  loss: 2.3479 (1.9045)  acc1: 50.0000 (56.1709)  acc5: 75.0000 (81.0209)  time: 0.2118  data: 0.0003  max mem: 41183
Test:  [4600/7958]  eta: 0:11:50  loss: 1.9198 (1.8994)  acc1: 50.0000 (56.3315)  acc5: 81.2500 (81.0340)  time: 0.2119  data: 0.0003  max mem: 41183
Test:  [4700/7958]  eta: 0:11:29  loss: 1.5299 (1.9091)  acc1: 56.2500 (56.0851)  acc5: 87.5000 (80.8831)  time: 0.2111  data: 0.0003  max mem: 41183
Test:  [4800/7958]  eta: 0:11:08  loss: 1.6890 (1.9116)  acc1: 56.2500 (55.9857)  acc5: 87.5000 (80.8764)  time: 0.2117  data: 0.0003  max mem: 41183
Test:  [4900/7958]  eta: 0:10:47  loss: 2.0398 (1.9131)  acc1: 56.2500 (56.0103)  acc5: 75.0000 (80.8100)  time: 0.2112  data: 0.0004  max mem: 41183
Test:  [5000/7958]  eta: 0:10:26  loss: 2.2550 (1.9094)  acc1: 37.5000 (56.0375)  acc5: 81.2500 (80.8876)  time: 0.2114  data: 0.0003  max mem: 41183
Test:  [5100/7958]  eta: 0:10:05  loss: 2.1629 (1.9037)  acc1: 50.0000 (56.0932)  acc5: 81.2500 (80.9645)  time: 0.2114  data: 0.0003  max mem: 41183
Test:  [5200/7958]  eta: 0:09:43  loss: 0.9035 (1.8994)  acc1: 81.2500 (56.1635)  acc5: 93.7500 (81.0049)  time: 0.2120  data: 0.0004  max mem: 41183
Test:  [5300/7958]  eta: 0:09:22  loss: 2.3848 (1.9047)  acc1: 37.5000 (56.0802)  acc5: 68.7500 (80.9269)  time: 0.2120  data: 0.0003  max mem: 41183
Test:  [5400/7958]  eta: 0:09:01  loss: 1.6167 (1.9031)  acc1: 56.2500 (56.1644)  acc5: 87.5000 (80.9514)  time: 0.2120  data: 0.0004  max mem: 41183
Test:  [5500/7958]  eta: 0:08:40  loss: 1.6667 (1.9085)  acc1: 50.0000 (56.1080)  acc5: 81.2500 (80.8523)  time: 0.2116  data: 0.0004  max mem: 41183
Test:  [5600/7958]  eta: 0:08:19  loss: 2.4761 (1.9141)  acc1: 31.2500 (56.0558)  acc5: 68.7500 (80.7501)  time: 0.2113  data: 0.0003  max mem: 41183
Test:  [5700/7958]  eta: 0:07:58  loss: 2.3854 (1.9174)  acc1: 43.7500 (55.9836)  acc5: 75.0000 (80.7139)  time: 0.2115  data: 0.0003  max mem: 41183
Test:  [5800/7958]  eta: 0:07:36  loss: 2.4278 (1.9227)  acc1: 37.5000 (55.8158)  acc5: 75.0000 (80.6262)  time: 0.2114  data: 0.0003  max mem: 41183
Test:  [5900/7958]  eta: 0:07:15  loss: 1.7954 (1.9219)  acc1: 56.2500 (55.8433)  acc5: 81.2500 (80.6230)  time: 0.2116  data: 0.0003  max mem: 41183
Test:  [6000/7958]  eta: 0:06:54  loss: 1.9627 (1.9222)  acc1: 50.0000 (55.8667)  acc5: 75.0000 (80.5928)  time: 0.2115  data: 0.0003  max mem: 41183
Test:  [6100/7958]  eta: 0:06:33  loss: 1.5518 (1.9194)  acc1: 68.7500 (55.9673)  acc5: 87.5000 (80.6323)  time: 0.2121  data: 0.0003  max mem: 41183
Test:  [6200/7958]  eta: 0:06:12  loss: 1.4257 (1.9205)  acc1: 62.5000 (55.9930)  acc5: 87.5000 (80.5898)  time: 0.2120  data: 0.0003  max mem: 41183
Test:  [6300/7958]  eta: 0:05:50  loss: 1.6700 (1.9139)  acc1: 25.0000 (56.1002)  acc5: 87.5000 (80.6757)  time: 0.2117  data: 0.0003  max mem: 41183
Test:  [6400/7958]  eta: 0:05:29  loss: 1.0918 (1.9181)  acc1: 68.7500 (56.0137)  acc5: 93.7500 (80.6105)  time: 0.2114  data: 0.0004  max mem: 41183
Test:  [6500/7958]  eta: 0:05:08  loss: 1.2443 (1.9158)  acc1: 68.7500 (56.0962)  acc5: 87.5000 (80.6472)  time: 0.2115  data: 0.0003  max mem: 41183
Test:  [6600/7958]  eta: 0:04:47  loss: 2.3311 (1.9189)  acc1: 43.7500 (56.0086)  acc5: 68.7500 (80.5967)  time: 0.2113  data: 0.0003  max mem: 41183
Test:  [6700/7958]  eta: 0:04:26  loss: 1.1409 (1.9143)  acc1: 68.7500 (56.1306)  acc5: 87.5000 (80.6503)  time: 0.2113  data: 0.0003  max mem: 41183
Test:  [6800/7958]  eta: 0:04:05  loss: 2.2340 (1.9138)  acc1: 37.5000 (56.1241)  acc5: 81.2500 (80.6857)  time: 0.2114  data: 0.0003  max mem: 41183
Test:  [6900/7958]  eta: 0:03:43  loss: 1.2561 (1.9111)  acc1: 62.5000 (56.1839)  acc5: 81.2500 (80.7265)  time: 0.2120  data: 0.0003  max mem: 41183
Test:  [7000/7958]  eta: 0:03:22  loss: 1.1406 (1.9114)  acc1: 75.0000 (56.2313)  acc5: 87.5000 (80.6974)  time: 0.2119  data: 0.0004  max mem: 41183
Test:  [7100/7958]  eta: 0:03:01  loss: 0.8473 (1.9153)  acc1: 81.2500 (56.1664)  acc5: 93.7500 (80.6260)  time: 0.2118  data: 0.0003  max mem: 41183
Test:  [7200/7958]  eta: 0:02:40  loss: 2.9183 (1.9246)  acc1: 31.2500 (55.9966)  acc5: 62.5000 (80.4906)  time: 0.2118  data: 0.0003  max mem: 41183
Test:  [7300/7958]  eta: 0:02:19  loss: 1.5400 (1.9191)  acc1: 62.5000 (56.1293)  acc5: 87.5000 (80.5540)  time: 0.2114  data: 0.0003  max mem: 41183
Test:  [7400/7958]  eta: 0:01:58  loss: 2.5725 (1.9230)  acc1: 37.5000 (56.0119)  acc5: 68.7500 (80.4857)  time: 0.2115  data: 0.0003  max mem: 41183
Test:  [7500/7958]  eta: 0:01:36  loss: 2.3053 (1.9240)  acc1: 37.5000 (55.9659)  acc5: 81.2500 (80.4676)  time: 0.2115  data: 0.0003  max mem: 41183
Test:  [7600/7958]  eta: 0:01:15  loss: 1.7333 (1.9245)  acc1: 68.7500 (55.9737)  acc5: 81.2500 (80.4310)  time: 0.2115  data: 0.0003  max mem: 41183
Test:  [7700/7958]  eta: 0:00:54  loss: 2.0671 (1.9289)  acc1: 50.0000 (55.8328)  acc5: 81.2500 (80.3621)  time: 0.2117  data: 0.0003  max mem: 41183
Test:  [7800/7958]  eta: 0:00:33  loss: 0.9171 (1.9303)  acc1: 75.0000 (55.7949)  acc5: 93.7500 (80.3711)  time: 0.2118  data: 0.0003  max mem: 41183
Test:  [7900/7958]  eta: 0:00:12  loss: 0.7917 (1.9262)  acc1: 87.5000 (55.9122)  acc5: 93.7500 (80.3965)  time: 0.2120  data: 0.0003  max mem: 41183
Test: Total time: 0:28:04
 * Acc@1 = 55.93192385021362, Acc@5 = 80.39629932143755, loss = 1.9257841718765352
Namespace(model='QKFormer_10_768', dataset='es-imagenet', num_classes=1000, data_path='/model/es-imagenet', device='cuda', batch_size=16, workers=4, print_freq=3072, output_dir='./logs4', resume='', sync_bn=False, test_only=False, amp=True, world_size=1, dist_url='env://', tb=True, T=8, opt='adamw', opt_eps=1e-08, opt_betas=None, weight_decay=0.01, momentum=0.9, connect_f='ADD', T_train=None, sched='cosine', lr=0.0005, lr_noise=None, lr_noise_pct=0.67, lr_noise_std=1.0, lr_cycle_mul=1.0, lr_cycle_limit=1, warmup_lr=1e-05, min_lr=1e-06, epochs=100, epoch_repeats=0.0, start_epoch=0, decay_epochs=20, warmup_epochs=20, cooldown_epochs=10, patience_epochs=10, decay_rate=0.1, smoothing=0.1, mixup=0.5, cutmix=0.0, cutmix_minmax=None, mixup_prob=0.5, mixup_switch_prob=0.5, mixup_mode='batch', mixup_off_epoch=0, grad_clip=5.0, distributed=False)
Training time 10 days, 13:57:22 max_test_acc1 55.93192385021362 test_acc5_at_max_test_acc1 80.39629932143755
./logs4/QKFormer_10_768_b16_T8_wd0.01_adamw_cnf_ADD/lr0.0005
Epoch: [31]  [    0/71874]  eta: 21:13:43  lr: 0.00039073980277410666  img/s: 42.111644496653476  loss: 3.3271 (3.3271)  acc1: 43.7500 (43.7500)  acc5: 68.7500 (68.7500)  time: 1.0633  data: 0.6833  max mem: 41183
Epoch: [31]  [ 3072/71874]  eta: 7:07:42  lr: 0.00039073980277410666  img/s: 42.81851812623861  loss: 2.9861 (3.3389)  acc1: 43.7500 (48.0353)  acc5: 68.7500 (72.4455)  time: 0.3728  data: 0.0002  max mem: 41183
Epoch: [31]  [ 6144/71874]  eta: 6:48:36  lr: 0.00039073980277410666  img/s: 42.62171082924797  loss: 3.2304 (3.3455)  acc1: 50.0000 (47.8082)  acc5: 75.0000 (72.2935)  time: 0.3728  data: 0.0002  max mem: 41183
Epoch: [31]  [ 9216/71874]  eta: 6:29:33  lr: 0.00039073980277410666  img/s: 42.970546332586515  loss: 2.9469 (3.3461)  acc1: 43.7500 (47.8152)  acc5: 75.0000 (72.2293)  time: 0.3712  data: 0.0002  max mem: 41183
Epoch: [31]  [12288/71874]  eta: 6:10:33  lr: 0.00039073980277410666  img/s: 43.06316679735777  loss: 3.5132 (3.3488)  acc1: 43.7500 (47.8324)  acc5: 68.7500 (72.1728)  time: 0.3730  data: 0.0002  max mem: 41183
Epoch: [31]  [15360/71874]  eta: 5:51:35  lr: 0.00039073980277410666  img/s: 43.25041907407348  loss: 3.0987 (3.3506)  acc1: 56.2500 (47.8212)  acc5: 68.7500 (72.1087)  time: 0.3729  data: 0.0002  max mem: 41183
Epoch: [31]  [18432/71874]  eta: 5:32:34  lr: 0.00039073980277410666  img/s: 43.18156834559223  loss: 3.0437 (3.3581)  acc1: 50.0000 (47.6547)  acc5: 81.2500 (71.8986)  time: 0.3733  data: 0.0002  max mem: 41183
Epoch: [31]  [21504/71874]  eta: 5:13:30  lr: 0.00039073980277410666  img/s: 43.23448096806676  loss: 3.0699 (3.3580)  acc1: 50.0000 (47.6616)  acc5: 68.7500 (71.8929)  time: 0.3719  data: 0.0002  max mem: 41183
Epoch: [31]  [24576/71874]  eta: 4:54:23  lr: 0.00039073980277410666  img/s: 43.098594118172166  loss: 2.7437 (3.3626)  acc1: 56.2500 (47.5256)  acc5: 81.2500 (71.8016)  time: 0.3779  data: 0.0002  max mem: 41183
Epoch: [31]  [27648/71874]  eta: 4:35:17  lr: 0.00039073980277410666  img/s: 43.05507177570693  loss: 2.7204 (3.3659)  acc1: 56.2500 (47.4466)  acc5: 75.0000 (71.7481)  time: 0.3728  data: 0.0002  max mem: 41183
Epoch: [31]  [30720/71874]  eta: 4:16:09  lr: 0.00039073980277410666  img/s: 43.03916688204786  loss: 2.9591 (3.3685)  acc1: 50.0000 (47.3827)  acc5: 68.7500 (71.7038)  time: 0.3724  data: 0.0002  max mem: 41183
Epoch: [31]  [33792/71874]  eta: 3:57:03  lr: 0.00039073980277410666  img/s: 42.34029784452627  loss: 3.3973 (3.3722)  acc1: 43.7500 (47.2873)  acc5: 68.7500 (71.6173)  time: 0.3735  data: 0.0002  max mem: 41183
Epoch: [31]  [36864/71874]  eta: 3:37:56  lr: 0.00039073980277410666  img/s: 43.15532708188912  loss: 3.2959 (3.3747)  acc1: 43.7500 (47.2365)  acc5: 68.7500 (71.5652)  time: 0.3714  data: 0.0002  max mem: 41183
Epoch: [31]  [39936/71874]  eta: 3:18:49  lr: 0.00039073980277410666  img/s: 43.26622946253807  loss: 2.8630 (3.3772)  acc1: 56.2500 (47.1832)  acc5: 75.0000 (71.5295)  time: 0.3720  data: 0.0002  max mem: 41183
Epoch: [31]  [43008/71874]  eta: 2:59:40  lr: 0.00039073980277410666  img/s: 43.05775136053505  loss: 3.2777 (3.3779)  acc1: 43.7500 (47.1435)  acc5: 75.0000 (71.5060)  time: 0.3725  data: 0.0002  max mem: 41183
Epoch: [31]  [46080/71874]  eta: 2:40:33  lr: 0.00039073980277410666  img/s: 43.29271752684794  loss: 2.9573 (3.3773)  acc1: 50.0000 (47.1367)  acc5: 75.0000 (71.5011)  time: 0.3721  data: 0.0002  max mem: 41183
Epoch: [31]  [49152/71874]  eta: 2:21:25  lr: 0.00039073980277410666  img/s: 43.18470832614756  loss: 3.2280 (3.3796)  acc1: 50.0000 (47.0855)  acc5: 75.0000 (71.4446)  time: 0.3727  data: 0.0002  max mem: 41183
Epoch: [31]  [52224/71874]  eta: 2:02:18  lr: 0.00039073980277410666  img/s: 42.97604994041143  loss: 3.4143 (3.3812)  acc1: 50.0000 (47.0627)  acc5: 75.0000 (71.4002)  time: 0.3775  data: 0.0002  max mem: 41183
Epoch: [31]  [55296/71874]  eta: 1:43:10  lr: 0.00039073980277410666  img/s: 43.084427261457115  loss: 3.0567 (3.3844)  acc1: 43.7500 (46.9855)  acc5: 75.0000 (71.3384)  time: 0.3726  data: 0.0002  max mem: 41183
Epoch: [31]  [58368/71874]  eta: 1:24:03  lr: 0.00039073980277410666  img/s: 43.1566314492475  loss: 2.7298 (3.3858)  acc1: 50.0000 (46.9502)  acc5: 81.2500 (71.3099)  time: 0.3719  data: 0.0002  max mem: 41183
Epoch: [31]  [61440/71874]  eta: 1:04:55  lr: 0.00039073980277410666  img/s: 42.8970982763525  loss: 3.2946 (3.3873)  acc1: 43.7500 (46.9068)  acc5: 68.7500 (71.2801)  time: 0.3719  data: 0.0002  max mem: 41183
Epoch: [31]  [64512/71874]  eta: 0:45:48  lr: 0.00039073980277410666  img/s: 43.2384643932209  loss: 3.6635 (3.3891)  acc1: 43.7500 (46.8632)  acc5: 75.0000 (71.2408)  time: 0.3732  data: 0.0002  max mem: 41183
Epoch: [31]  [67584/71874]  eta: 0:26:41  lr: 0.00039073980277410666  img/s: 43.131141198231795  loss: 3.1351 (3.3915)  acc1: 43.7500 (46.8113)  acc5: 75.0000 (71.1806)  time: 0.3718  data: 0.0002  max mem: 41183
Epoch: [31]  [70656/71874]  eta: 0:07:34  lr: 0.00039073980277410666  img/s: 43.12515438822421  loss: 3.0327 (3.3919)  acc1: 50.0000 (46.7978)  acc5: 75.0000 (71.1693)  time: 0.3711  data: 0.0002  max mem: 41183
Epoch: [31] Total time: 7:27:14
Test:  [   0/7958]  eta: 1:36:20  loss: 0.4167 (0.4167)  acc1: 93.7500 (93.7500)  acc5: 100.0000 (100.0000)  time: 0.7264  data: 0.5176  max mem: 41183
Test:  [ 100/7958]  eta: 0:28:22  loss: 1.5313 (1.3837)  acc1: 56.2500 (66.7698)  acc5: 87.5000 (88.5520)  time: 0.2118  data: 0.0003  max mem: 41183
Test:  [ 200/7958]  eta: 0:27:41  loss: 1.6095 (1.5673)  acc1: 50.0000 (62.5933)  acc5: 87.5000 (85.7898)  time: 0.2111  data: 0.0003  max mem: 41183
Test:  [ 300/7958]  eta: 0:27:13  loss: 1.2170 (1.5962)  acc1: 68.7500 (62.0017)  acc5: 93.7500 (85.1121)  time: 0.2114  data: 0.0003  max mem: 41183
Test:  [ 400/7958]  eta: 0:26:48  loss: 0.6864 (1.4882)  acc1: 75.0000 (64.4327)  acc5: 100.0000 (86.3466)  time: 0.2111  data: 0.0003  max mem: 41183
Test:  [ 500/7958]  eta: 0:26:25  loss: 1.8462 (1.4792)  acc1: 56.2500 (64.9451)  acc5: 81.2500 (86.4271)  time: 0.2114  data: 0.0003  max mem: 41183
Test:  [ 600/7958]  eta: 0:26:03  loss: 2.5806 (1.5808)  acc1: 31.2500 (62.0528)  acc5: 68.7500 (85.0250)  time: 0.2119  data: 0.0003  max mem: 41183
Test:  [ 700/7958]  eta: 0:25:41  loss: 1.8869 (1.6502)  acc1: 56.2500 (60.1462)  acc5: 81.2500 (84.1120)  time: 0.2119  data: 0.0003  max mem: 41183
Test:  [ 800/7958]  eta: 0:25:19  loss: 1.3773 (1.6661)  acc1: 62.5000 (59.6910)  acc5: 87.5000 (83.9107)  time: 0.2118  data: 0.0003  max mem: 41183
Test:  [ 900/7958]  eta: 0:24:57  loss: 1.9710 (1.7272)  acc1: 50.0000 (58.1229)  acc5: 75.0000 (83.1299)  time: 0.2119  data: 0.0003  max mem: 41183
Test:  [1000/7958]  eta: 0:24:36  loss: 2.6056 (1.7925)  acc1: 31.2500 (56.6434)  acc5: 68.7500 (82.1491)  time: 0.2113  data: 0.0003  max mem: 41183
Test:  [1100/7958]  eta: 0:24:14  loss: 2.2662 (1.8285)  acc1: 37.5000 (55.7334)  acc5: 81.2500 (81.8120)  time: 0.2114  data: 0.0003  max mem: 41183
Test:  [1200/7958]  eta: 0:23:52  loss: 1.9917 (1.8460)  acc1: 50.0000 (55.1624)  acc5: 81.2500 (81.6351)  time: 0.2114  data: 0.0003  max mem: 41183
Test:  [1300/7958]  eta: 0:23:31  loss: 2.6369 (1.8665)  acc1: 37.5000 (54.5830)  acc5: 75.0000 (81.3893)  time: 0.2115  data: 0.0003  max mem: 41183
Test:  [1400/7958]  eta: 0:23:10  loss: 2.1193 (1.8719)  acc1: 37.5000 (54.4031)  acc5: 81.2500 (81.3303)  time: 0.2114  data: 0.0003  max mem: 41183
Test:  [1500/7958]  eta: 0:22:48  loss: 2.5366 (1.8859)  acc1: 37.5000 (54.0889)  acc5: 75.0000 (81.1251)  time: 0.2120  data: 0.0003  max mem: 41183
Test:  [1600/7958]  eta: 0:22:27  loss: 1.6204 (1.8708)  acc1: 50.0000 (54.2630)  acc5: 87.5000 (81.4179)  time: 0.2119  data: 0.0003  max mem: 41183
Test:  [1700/7958]  eta: 0:22:06  loss: 0.5154 (1.8377)  acc1: 87.5000 (54.9199)  acc5: 93.7500 (81.9885)  time: 0.2118  data: 0.0003  max mem: 41183
Test:  [1800/7958]  eta: 0:21:44  loss: 0.8501 (1.8086)  acc1: 81.2500 (55.6913)  acc5: 93.7500 (82.3466)  time: 0.2117  data: 0.0003  max mem: 41183
Test:  [1900/7958]  eta: 0:21:23  loss: 1.7477 (1.8147)  acc1: 56.2500 (55.5037)  acc5: 87.5000 (82.3251)  time: 0.2111  data: 0.0003  max mem: 41183
Test:  [2000/7958]  eta: 0:21:02  loss: 0.1479 (1.7768)  acc1: 93.7500 (56.4499)  acc5: 100.0000 (82.7274)  time: 0.2114  data: 0.0003  max mem: 41183
Test:  [2100/7958]  eta: 0:20:41  loss: 1.0696 (1.7525)  acc1: 75.0000 (57.0859)  acc5: 87.5000 (83.0438)  time: 0.2114  data: 0.0003  max mem: 41183
Test:  [2200/7958]  eta: 0:20:19  loss: 1.3507 (1.7417)  acc1: 62.5000 (57.3092)  acc5: 93.7500 (83.2661)  time: 0.2116  data: 0.0003  max mem: 41183
Test:  [2300/7958]  eta: 0:19:58  loss: 2.4419 (1.7419)  acc1: 50.0000 (57.2631)  acc5: 75.0000 (83.2899)  time: 0.2116  data: 0.0003  max mem: 41183
Test:  [2400/7958]  eta: 0:19:37  loss: 1.8478 (1.7475)  acc1: 56.2500 (57.2678)  acc5: 87.5000 (83.2153)  time: 0.2121  data: 0.0003  max mem: 41183
Test:  [2500/7958]  eta: 0:19:16  loss: 2.3463 (1.7680)  acc1: 31.2500 (56.7223)  acc5: 75.0000 (82.9093)  time: 0.2120  data: 0.0003  max mem: 41183
Test:  [2600/7958]  eta: 0:18:54  loss: 2.2561 (1.7599)  acc1: 50.0000 (56.8892)  acc5: 75.0000 (82.9945)  time: 0.2118  data: 0.0003  max mem: 41183
Test:  [2700/7958]  eta: 0:18:33  loss: 0.9740 (1.7455)  acc1: 75.0000 (57.1779)  acc5: 87.5000 (83.1706)  time: 0.2116  data: 0.0003  max mem: 41183
Test:  [2800/7958]  eta: 0:18:12  loss: 2.1230 (1.7435)  acc1: 50.0000 (57.2385)  acc5: 75.0000 (83.2158)  time: 0.2113  data: 0.0003  max mem: 41183
Test:  [2900/7958]  eta: 0:17:51  loss: 1.3253 (1.7496)  acc1: 75.0000 (57.2475)  acc5: 87.5000 (83.1157)  time: 0.2115  data: 0.0003  max mem: 41183
Test:  [3000/7958]  eta: 0:17:30  loss: 0.8158 (1.7572)  acc1: 75.0000 (57.1830)  acc5: 93.7500 (82.9828)  time: 0.2115  data: 0.0003  max mem: 41183
Test:  [3100/7958]  eta: 0:17:08  loss: 1.6767 (1.7586)  acc1: 62.5000 (57.2456)  acc5: 81.2500 (82.9672)  time: 0.2111  data: 0.0003  max mem: 41183
Test:  [3200/7958]  eta: 0:16:47  loss: 1.8352 (1.7587)  acc1: 56.2500 (57.3922)  acc5: 81.2500 (82.9214)  time: 0.2120  data: 0.0003  max mem: 41183
Test:  [3300/7958]  eta: 0:16:26  loss: 2.1858 (1.7813)  acc1: 50.0000 (57.0660)  acc5: 75.0000 (82.5924)  time: 0.2118  data: 0.0003  max mem: 41183
Test:  [3400/7958]  eta: 0:16:05  loss: 2.0415 (1.7778)  acc1: 43.7500 (57.2166)  acc5: 81.2500 (82.6338)  time: 0.2117  data: 0.0003  max mem: 41183
Test:  [3500/7958]  eta: 0:15:44  loss: 1.6703 (1.7767)  acc1: 56.2500 (57.2301)  acc5: 81.2500 (82.6799)  time: 0.2118  data: 0.0003  max mem: 41183
Test:  [3600/7958]  eta: 0:15:22  loss: 2.2069 (1.7841)  acc1: 50.0000 (57.0883)  acc5: 75.0000 (82.6142)  time: 0.2109  data: 0.0003  max mem: 41183
Test:  [3700/7958]  eta: 0:15:01  loss: 1.8256 (1.7842)  acc1: 50.0000 (57.0437)  acc5: 87.5000 (82.6516)  time: 0.2109  data: 0.0003  max mem: 41183
Test:  [3800/7958]  eta: 0:14:40  loss: 1.5465 (1.7938)  acc1: 56.2500 (56.8469)  acc5: 87.5000 (82.5276)  time: 0.2112  data: 0.0003  max mem: 41183
Test:  [3900/7958]  eta: 0:14:19  loss: 1.8470 (1.7910)  acc1: 56.2500 (56.9742)  acc5: 87.5000 (82.6006)  time: 0.2114  data: 0.0003  max mem: 41183
Test:  [4000/7958]  eta: 0:13:57  loss: 1.8065 (1.7932)  acc1: 50.0000 (56.9248)  acc5: 81.2500 (82.5934)  time: 0.2113  data: 0.0003  max mem: 41183
Test:  [4100/7958]  eta: 0:13:36  loss: 0.8845 (1.7904)  acc1: 75.0000 (57.0196)  acc5: 87.5000 (82.6079)  time: 0.2120  data: 0.0003  max mem: 41183
Test:  [4200/7958]  eta: 0:13:15  loss: 1.9974 (1.7901)  acc1: 50.0000 (57.0846)  acc5: 75.0000 (82.5964)  time: 0.2115  data: 0.0003  max mem: 41183
Test:  [4300/7958]  eta: 0:12:54  loss: 2.1381 (1.7921)  acc1: 43.7500 (57.1175)  acc5: 81.2500 (82.5593)  time: 0.2119  data: 0.0003  max mem: 41183
Test:  [4400/7958]  eta: 0:12:33  loss: 1.3759 (1.7984)  acc1: 62.5000 (57.0495)  acc5: 87.5000 (82.4145)  time: 0.2117  data: 0.0003  max mem: 41183
Test:  [4500/7958]  eta: 0:12:12  loss: 1.6901 (1.8046)  acc1: 62.5000 (56.9137)  acc5: 81.2500 (82.3539)  time: 0.2113  data: 0.0003  max mem: 41183
Test:  [4600/7958]  eta: 0:11:50  loss: 2.0837 (1.8019)  acc1: 50.0000 (57.0637)  acc5: 75.0000 (82.3612)  time: 0.2113  data: 0.0003  max mem: 41183
Test:  [4700/7958]  eta: 0:11:29  loss: 1.3157 (1.8114)  acc1: 68.7500 (56.8323)  acc5: 81.2500 (82.2072)  time: 0.2112  data: 0.0003  max mem: 41183
Test:  [4800/7958]  eta: 0:11:08  loss: 1.8130 (1.8146)  acc1: 43.7500 (56.7733)  acc5: 87.5000 (82.1730)  time: 0.2113  data: 0.0003  max mem: 41183
Test:  [4900/7958]  eta: 0:10:47  loss: 2.0909 (1.8187)  acc1: 50.0000 (56.7665)  acc5: 81.2500 (82.0764)  time: 0.2117  data: 0.0003  max mem: 41183
Test:  [5000/7958]  eta: 0:10:26  loss: 2.2956 (1.8181)  acc1: 25.0000 (56.7137)  acc5: 87.5000 (82.1286)  time: 0.2119  data: 0.0003  max mem: 41183
Test:  [5100/7958]  eta: 0:10:04  loss: 2.3508 (1.8178)  acc1: 43.7500 (56.6654)  acc5: 68.7500 (82.1469)  time: 0.2117  data: 0.0003  max mem: 41183
Test:  [5200/7958]  eta: 0:09:43  loss: 0.7518 (1.8175)  acc1: 81.2500 (56.7151)  acc5: 93.7500 (82.1248)  time: 0.2118  data: 0.0003  max mem: 41183
Test:  [5300/7958]  eta: 0:09:22  loss: 2.4246 (1.8267)  acc1: 43.7500 (56.5636)  acc5: 68.7500 (82.0010)  time: 0.2114  data: 0.0003  max mem: 41183
Test:  [5400/7958]  eta: 0:09:01  loss: 2.0706 (1.8260)  acc1: 56.2500 (56.6353)  acc5: 75.0000 (81.9929)  time: 0.2116  data: 0.0003  max mem: 41183
Test:  [5500/7958]  eta: 0:08:40  loss: 1.3272 (1.8293)  acc1: 68.7500 (56.6408)  acc5: 87.5000 (81.9101)  time: 0.2110  data: 0.0003  max mem: 41183
Test:  [5600/7958]  eta: 0:08:19  loss: 3.2368 (1.8382)  acc1: 25.0000 (56.5267)  acc5: 62.5000 (81.7544)  time: 0.2114  data: 0.0003  max mem: 41183
Test:  [5700/7958]  eta: 0:07:57  loss: 2.0300 (1.8360)  acc1: 56.2500 (56.5624)  acc5: 75.0000 (81.7740)  time: 0.2116  data: 0.0003  max mem: 41183
Test:  [5800/7958]  eta: 0:07:36  loss: 2.9813 (1.8413)  acc1: 31.2500 (56.4633)  acc5: 68.7500 (81.6896)  time: 0.2117  data: 0.0003  max mem: 41183
Test:  [5900/7958]  eta: 0:07:15  loss: 1.3763 (1.8391)  acc1: 62.5000 (56.5402)  acc5: 81.2500 (81.7023)  time: 0.2120  data: 0.0003  max mem: 41183
Test:  [6000/7958]  eta: 0:06:54  loss: 1.5156 (1.8426)  acc1: 56.2500 (56.4791)  acc5: 87.5000 (81.6656)  time: 0.2118  data: 0.0003  max mem: 41183
Test:  [6100/7958]  eta: 0:06:33  loss: 1.7620 (1.8446)  acc1: 62.5000 (56.4723)  acc5: 81.2500 (81.6249)  time: 0.2117  data: 0.0003  max mem: 41183
Test:  [6200/7958]  eta: 0:06:12  loss: 1.5370 (1.8457)  acc1: 56.2500 (56.5060)  acc5: 87.5000 (81.6038)  time: 0.2115  data: 0.0003  max mem: 41183
Test:  [6300/7958]  eta: 0:05:50  loss: 1.4336 (1.8404)  acc1: 56.2500 (56.6507)  acc5: 93.7500 (81.6517)  time: 0.2114  data: 0.0003  max mem: 41183
Test:  [6400/7958]  eta: 0:05:29  loss: 0.9139 (1.8396)  acc1: 81.2500 (56.7021)  acc5: 93.7500 (81.6533)  time: 0.2115  data: 0.0003  max mem: 41183
Test:  [6500/7958]  eta: 0:05:08  loss: 1.0860 (1.8376)  acc1: 75.0000 (56.7720)  acc5: 87.5000 (81.6749)  time: 0.2112  data: 0.0003  max mem: 41183
Test:  [6600/7958]  eta: 0:04:47  loss: 2.1533 (1.8459)  acc1: 43.7500 (56.6164)  acc5: 68.7500 (81.5435)  time: 0.2113  data: 0.0003  max mem: 41183
Test:  [6700/7958]  eta: 0:04:26  loss: 1.4669 (1.8465)  acc1: 68.7500 (56.6184)  acc5: 87.5000 (81.5270)  time: 0.2120  data: 0.0003  max mem: 41183
Test:  [6800/7958]  eta: 0:04:05  loss: 1.6246 (1.8478)  acc1: 56.2500 (56.5882)  acc5: 81.2500 (81.5321)  time: 0.2119  data: 0.0003  max mem: 41183
Test:  [6900/7958]  eta: 0:03:43  loss: 2.0868 (1.8438)  acc1: 31.2500 (56.6557)  acc5: 81.2500 (81.5932)  time: 0.2117  data: 0.0003  max mem: 41183
Test:  [7000/7958]  eta: 0:03:22  loss: 1.3456 (1.8419)  acc1: 68.7500 (56.7374)  acc5: 87.5000 (81.6026)  time: 0.2118  data: 0.0003  max mem: 41183
Test:  [7100/7958]  eta: 0:03:01  loss: 0.8572 (1.8457)  acc1: 87.5000 (56.6954)  acc5: 93.7500 (81.5334)  time: 0.2113  data: 0.0003  max mem: 41183
Test:  [7200/7958]  eta: 0:02:40  loss: 2.5094 (1.8511)  acc1: 31.2500 (56.5894)  acc5: 62.5000 (81.4418)  time: 0.2115  data: 0.0003  max mem: 41183
Test:  [7300/7958]  eta: 0:02:19  loss: 2.1620 (1.8456)  acc1: 43.7500 (56.7277)  acc5: 81.2500 (81.5017)  time: 0.2113  data: 0.0003  max mem: 41183
Test:  [7400/7958]  eta: 0:01:58  loss: 2.3836 (1.8496)  acc1: 50.0000 (56.6714)  acc5: 68.7500 (81.4172)  time: 0.2114  data: 0.0003  max mem: 41183
Test:  [7500/7958]  eta: 0:01:36  loss: 2.4569 (1.8559)  acc1: 31.2500 (56.5491)  acc5: 81.2500 (81.3058)  time: 0.2117  data: 0.0003  max mem: 41183
Test:  [7600/7958]  eta: 0:01:15  loss: 1.2603 (1.8572)  acc1: 68.7500 (56.5542)  acc5: 81.2500 (81.2640)  time: 0.2118  data: 0.0003  max mem: 41183
Test:  [7700/7958]  eta: 0:00:54  loss: 1.8797 (1.8602)  acc1: 43.7500 (56.4570)  acc5: 81.2500 (81.2037)  time: 0.2118  data: 0.0003  max mem: 41183
Test:  [7800/7958]  eta: 0:00:33  loss: 1.0993 (1.8619)  acc1: 68.7500 (56.3982)  acc5: 87.5000 (81.2107)  time: 0.2118  data: 0.0003  max mem: 41183
Test:  [7900/7958]  eta: 0:00:12  loss: 1.0728 (1.8603)  acc1: 75.0000 (56.4786)  acc5: 87.5000 (81.2057)  time: 0.2116  data: 0.0003  max mem: 41183
Test: Total time: 0:28:04
 * Acc@1 = 56.5060316662478, Acc@5 = 81.19659462176426, loss = 1.860271445464986
Namespace(model='QKFormer_10_768', dataset='es-imagenet', num_classes=1000, data_path='/model/es-imagenet', device='cuda', batch_size=16, workers=4, print_freq=3072, output_dir='./logs4', resume='', sync_bn=False, test_only=False, amp=True, world_size=1, dist_url='env://', tb=True, T=8, opt='adamw', opt_eps=1e-08, opt_betas=None, weight_decay=0.01, momentum=0.9, connect_f='ADD', T_train=None, sched='cosine', lr=0.0005, lr_noise=None, lr_noise_pct=0.67, lr_noise_std=1.0, lr_cycle_mul=1.0, lr_cycle_limit=1, warmup_lr=1e-05, min_lr=1e-06, epochs=100, epoch_repeats=0.0, start_epoch=0, decay_epochs=20, warmup_epochs=20, cooldown_epochs=10, patience_epochs=10, decay_rate=0.1, smoothing=0.1, mixup=0.5, cutmix=0.0, cutmix_minmax=None, mixup_prob=0.5, mixup_switch_prob=0.5, mixup_mode='batch', mixup_off_epoch=0, grad_clip=5.0, distributed=False)
Training time 10 days, 21:52:44 max_test_acc1 56.5060316662478 test_acc5_at_max_test_acc1 81.19659462176426
./logs4/QKFormer_10_768_b16_T8_wd0.01_adamw_cnf_ADD/lr0.0005
Epoch: [32]  [    0/71874]  eta: 20:41:36  lr: 0.00038418878534725965  img/s: 42.61664941481288  loss: 3.4354 (3.4354)  acc1: 43.7500 (43.7500)  acc5: 62.5000 (62.5000)  time: 1.0365  data: 0.6610  max mem: 41183
Epoch: [32]  [ 3072/71874]  eta: 7:08:11  lr: 0.00038418878534725965  img/s: 43.116177288806824  loss: 3.0781 (3.3370)  acc1: 50.0000 (48.0089)  acc5: 81.2500 (72.2177)  time: 0.3752  data: 0.0002  max mem: 41183
Epoch: [32]  [ 6144/71874]  eta: 6:48:42  lr: 0.00038418878534725965  img/s: 43.04361133738271  loss: 2.8442 (3.3430)  acc1: 50.0000 (48.0299)  acc5: 75.0000 (72.1206)  time: 0.3712  data: 0.0002  max mem: 41183
Epoch: [32]  [ 9216/71874]  eta: 6:29:36  lr: 0.00038418878534725965  img/s: 43.04236900589109  loss: 3.5053 (3.3329)  acc1: 43.7500 (48.1807)  acc5: 68.7500 (72.3093)  time: 0.3722  data: 0.0002  max mem: 41183
Epoch: [32]  [12288/71874]  eta: 6:10:25  lr: 0.00038418878534725965  img/s: 42.969308215081966  loss: 3.8203 (3.3411)  acc1: 37.5000 (47.9885)  acc5: 62.5000 (72.1418)  time: 0.3721  data: 0.0002  max mem: 41183
Epoch: [32]  [15360/71874]  eta: 5:51:14  lr: 0.00038418878534725965  img/s: 43.01166481226061  loss: 3.1787 (3.3417)  acc1: 50.0000 (47.9168)  acc5: 75.0000 (72.0815)  time: 0.3706  data: 0.0002  max mem: 41183
Epoch: [32]  [18432/71874]  eta: 5:32:20  lr: 0.00038418878534725965  img/s: 43.16637506946874  loss: 3.2107 (3.3431)  acc1: 43.7500 (47.8941)  acc5: 75.0000 (72.0695)  time: 0.3714  data: 0.0002  max mem: 41183
Epoch: [32]  [21504/71874]  eta: 5:13:10  lr: 0.00038418878534725965  img/s: 43.15099825747005  loss: 3.1312 (3.3462)  acc1: 50.0000 (47.7956)  acc5: 75.0000 (72.0115)  time: 0.3722  data: 0.0002  max mem: 41183
Epoch: [32]  [24576/71874]  eta: 4:54:02  lr: 0.00038418878534725965  img/s: 43.117562399769724  loss: 3.1532 (3.3483)  acc1: 50.0000 (47.7232)  acc5: 75.0000 (71.9738)  time: 0.3712  data: 0.0002  max mem: 41183
Epoch: [32]  [27648/71874]  eta: 4:34:54  lr: 0.00038418878534725965  img/s: 43.11332424068576  loss: 2.8858 (3.3513)  acc1: 56.2500 (47.6353)  acc5: 75.0000 (71.9233)  time: 0.3717  data: 0.0002  max mem: 41183
Epoch: [32]  [30720/71874]  eta: 4:15:46  lr: 0.00038418878534725965  img/s: 42.98436306036424  loss: 3.3367 (3.3538)  acc1: 43.7500 (47.5489)  acc5: 62.5000 (71.8629)  time: 0.3729  data: 0.0002  max mem: 41183
Epoch: [32]  [33792/71874]  eta: 3:56:39  lr: 0.00038418878534725965  img/s: 43.062531241878716  loss: 3.3610 (3.3558)  acc1: 43.7500 (47.4873)  acc5: 68.7500 (71.7983)  time: 0.3716  data: 0.0002  max mem: 41183
Epoch: [32]  [36864/71874]  eta: 3:37:33  lr: 0.00038418878534725965  img/s: 43.29523125051209  loss: 3.2679 (3.3597)  acc1: 50.0000 (47.4051)  acc5: 68.7500 (71.7315)  time: 0.3767  data: 0.0002  max mem: 41183
Epoch: [32]  [39936/71874]  eta: 3:18:27  lr: 0.00038418878534725965  img/s: 43.276524973576436  loss: 3.0136 (3.3614)  acc1: 50.0000 (47.3734)  acc5: 75.0000 (71.6809)  time: 0.3718  data: 0.0002  max mem: 41183
Epoch: [32]  [43008/71874]  eta: 2:59:21  lr: 0.00038418878534725965  img/s: 43.36119498265458  loss: 3.0695 (3.3626)  acc1: 50.0000 (47.3681)  acc5: 81.2500 (71.6641)  time: 0.3748  data: 0.0002  max mem: 41183
Epoch: [32]  [46080/71874]  eta: 2:40:14  lr: 0.00038418878534725965  img/s: 43.08191029874739  loss: 3.2444 (3.3661)  acc1: 50.0000 (47.3047)  acc5: 62.5000 (71.5935)  time: 0.3718  data: 0.0002  max mem: 41183
Epoch: [32]  [49152/71874]  eta: 2:21:09  lr: 0.00038418878534725965  img/s: 43.058884068841486  loss: 3.3980 (3.3693)  acc1: 43.7500 (47.2397)  acc5: 68.7500 (71.5185)  time: 0.3719  data: 0.0002  max mem: 41183
Epoch: [32]  [52224/71874]  eta: 2:02:04  lr: 0.00038418878534725965  img/s: 43.050763039739394  loss: 3.4687 (3.3699)  acc1: 43.7500 (47.2153)  acc5: 68.7500 (71.4840)  time: 0.3723  data: 0.0002  max mem: 41183
Epoch: [32]  [55296/71874]  eta: 1:42:58  lr: 0.00038418878534725965  img/s: 42.980674060586416  loss: 3.7224 (3.3721)  acc1: 37.5000 (47.1810)  acc5: 62.5000 (71.4347)  time: 0.3712  data: 0.0002  max mem: 41183
Epoch: [32]  [58368/71874]  eta: 1:23:53  lr: 0.00038418878534725965  img/s: 43.078425758908224  loss: 3.0494 (3.3738)  acc1: 50.0000 (47.1264)  acc5: 68.7500 (71.3789)  time: 0.3720  data: 0.0002  max mem: 41183
Epoch: [32]  [61440/71874]  eta: 1:04:48  lr: 0.00038418878534725965  img/s: 42.68240597754604  loss: 3.7002 (3.3739)  acc1: 43.7500 (47.1147)  acc5: 62.5000 (71.3684)  time: 0.3716  data: 0.0002  max mem: 41183
Epoch: [32]  [64512/71874]  eta: 0:45:43  lr: 0.00038418878534725965  img/s: 42.88462555995066  loss: 3.3987 (3.3751)  acc1: 50.0000 (47.0954)  acc5: 68.7500 (71.3325)  time: 0.3728  data: 0.0002  max mem: 41183
Epoch: [32]  [67584/71874]  eta: 0:26:39  lr: 0.00038418878534725965  img/s: 42.72447056666429  loss: 3.8420 (3.3766)  acc1: 37.5000 (47.0520)  acc5: 68.7500 (71.2969)  time: 0.3726  data: 0.0002  max mem: 41183
Epoch: [32]  [70656/71874]  eta: 0:07:34  lr: 0.00038418878534725965  img/s: 42.501482922170496  loss: 3.6223 (3.3778)  acc1: 43.7500 (47.0229)  acc5: 62.5000 (71.2717)  time: 0.3736  data: 0.0002  max mem: 41183
Epoch: [32] Total time: 7:26:34
Test:  [   0/7958]  eta: 2:11:26  loss: 0.2680 (0.2680)  acc1: 93.7500 (93.7500)  acc5: 100.0000 (100.0000)  time: 0.9910  data: 0.7806  max mem: 41183
Test:  [ 100/7958]  eta: 0:28:42  loss: 1.3423 (1.3734)  acc1: 62.5000 (70.1733)  acc5: 87.5000 (86.8193)  time: 0.2111  data: 0.0003  max mem: 41183
Test:  [ 200/7958]  eta: 0:27:50  loss: 2.0530 (1.5098)  acc1: 43.7500 (65.5784)  acc5: 81.2500 (85.5410)  time: 0.2114  data: 0.0003  max mem: 41183
Test:  [ 300/7958]  eta: 0:27:19  loss: 0.9618 (1.4859)  acc1: 75.0000 (65.5939)  acc5: 93.7500 (86.0050)  time: 0.2115  data: 0.0003  max mem: 41183
Test:  [ 400/7958]  eta: 0:26:53  loss: 0.5542 (1.3608)  acc1: 81.2500 (68.2045)  acc5: 100.0000 (87.8117)  time: 0.2119  data: 0.0004  max mem: 41183
Test:  [ 500/7958]  eta: 0:26:29  loss: 0.9327 (1.3691)  acc1: 68.7500 (67.8393)  acc5: 93.7500 (87.6622)  time: 0.2121  data: 0.0004  max mem: 41183
Test:  [ 600/7958]  eta: 0:26:06  loss: 2.3095 (1.4530)  acc1: 43.7500 (65.5262)  acc5: 75.0000 (86.7928)  time: 0.2120  data: 0.0004  max mem: 41183
Test:  [ 700/7958]  eta: 0:25:44  loss: 1.8988 (1.5539)  acc1: 50.0000 (62.8388)  acc5: 81.2500 (85.2978)  time: 0.2117  data: 0.0004  max mem: 41183
Test:  [ 800/7958]  eta: 0:25:22  loss: 1.3608 (1.6304)  acc1: 62.5000 (60.8926)  acc5: 87.5000 (84.0746)  time: 0.2116  data: 0.0004  max mem: 41183
Test:  [ 900/7958]  eta: 0:25:00  loss: 1.7770 (1.6456)  acc1: 62.5000 (60.1970)  acc5: 81.2500 (84.0247)  time: 0.2113  data: 0.0003  max mem: 41183
Test:  [1000/7958]  eta: 0:24:38  loss: 1.9704 (1.7038)  acc1: 50.0000 (58.7725)  acc5: 81.2500 (83.3229)  time: 0.2117  data: 0.0003  max mem: 41183
Test:  [1100/7958]  eta: 0:24:16  loss: 2.2978 (1.7201)  acc1: 37.5000 (58.3504)  acc5: 75.0000 (83.2652)  time: 0.2114  data: 0.0003  max mem: 41183
Test:  [1200/7958]  eta: 0:23:54  loss: 1.9633 (1.7360)  acc1: 43.7500 (57.8008)  acc5: 81.2500 (83.0870)  time: 0.2121  data: 0.0003  max mem: 41183
Test:  [1300/7958]  eta: 0:23:33  loss: 0.8680 (1.7467)  acc1: 68.7500 (57.4606)  acc5: 93.7500 (82.9410)  time: 0.2121  data: 0.0003  max mem: 41183
Test:  [1400/7958]  eta: 0:23:11  loss: 1.7776 (1.7486)  acc1: 56.2500 (57.3340)  acc5: 87.5000 (82.9140)  time: 0.2121  data: 0.0003  max mem: 41183
Test:  [1500/7958]  eta: 0:22:50  loss: 1.7202 (1.7878)  acc1: 50.0000 (56.4957)  acc5: 81.2500 (82.4117)  time: 0.2119  data: 0.0003  max mem: 41183
Test:  [1600/7958]  eta: 0:22:29  loss: 1.6097 (1.7958)  acc1: 62.5000 (56.2071)  acc5: 87.5000 (82.3353)  time: 0.2111  data: 0.0003  max mem: 41183
Test:  [1700/7958]  eta: 0:22:07  loss: 0.5897 (1.7806)  acc1: 81.2500 (56.4815)  acc5: 93.7500 (82.6095)  time: 0.2115  data: 0.0003  max mem: 41183
Test:  [1800/7958]  eta: 0:21:46  loss: 0.8836 (1.7520)  acc1: 75.0000 (57.1974)  acc5: 93.7500 (82.9747)  time: 0.2115  data: 0.0004  max mem: 41183
Test:  [1900/7958]  eta: 0:21:24  loss: 1.6930 (1.7460)  acc1: 50.0000 (57.2265)  acc5: 87.5000 (83.1470)  time: 0.2114  data: 0.0004  max mem: 41183
Test:  [2000/7958]  eta: 0:21:03  loss: 0.2433 (1.7215)  acc1: 93.7500 (57.9179)  acc5: 100.0000 (83.4583)  time: 0.2119  data: 0.0003  max mem: 41183
Test:  [2100/7958]  eta: 0:20:42  loss: 1.6075 (1.7076)  acc1: 62.5000 (58.3145)  acc5: 81.2500 (83.6030)  time: 0.2119  data: 0.0003  max mem: 41183
Test:  [2200/7958]  eta: 0:20:20  loss: 1.4648 (1.7070)  acc1: 68.7500 (58.2690)  acc5: 87.5000 (83.6296)  time: 0.2122  data: 0.0003  max mem: 41183
Test:  [2300/7958]  eta: 0:19:59  loss: 2.7135 (1.7110)  acc1: 37.5000 (58.1948)  acc5: 68.7500 (83.5778)  time: 0.2120  data: 0.0003  max mem: 41183
Test:  [2400/7958]  eta: 0:19:38  loss: 1.5972 (1.7264)  acc1: 56.2500 (57.9316)  acc5: 87.5000 (83.3871)  time: 0.2118  data: 0.0003  max mem: 41183
Test:  [2500/7958]  eta: 0:19:17  loss: 2.1775 (1.7401)  acc1: 31.2500 (57.5620)  acc5: 81.2500 (83.1517)  time: 0.2114  data: 0.0003  max mem: 41183
Test:  [2600/7958]  eta: 0:18:55  loss: 1.8399 (1.7337)  acc1: 50.0000 (57.6149)  acc5: 81.2500 (83.2612)  time: 0.2116  data: 0.0003  max mem: 41183
Test:  [2700/7958]  eta: 0:18:34  loss: 0.9965 (1.7251)  acc1: 75.0000 (57.8860)  acc5: 87.5000 (83.3488)  time: 0.2118  data: 0.0004  max mem: 41183
Test:  [2800/7958]  eta: 0:18:13  loss: 1.2253 (1.7136)  acc1: 62.5000 (58.1913)  acc5: 87.5000 (83.5037)  time: 0.2114  data: 0.0003  max mem: 41183
Test:  [2900/7958]  eta: 0:17:52  loss: 1.0191 (1.7234)  acc1: 75.0000 (58.0942)  acc5: 93.7500 (83.2773)  time: 0.2123  data: 0.0004  max mem: 41183
Test:  [3000/7958]  eta: 0:17:30  loss: 1.5797 (1.7256)  acc1: 62.5000 (58.1494)  acc5: 87.5000 (83.2243)  time: 0.2118  data: 0.0003  max mem: 41183
Test:  [3100/7958]  eta: 0:17:09  loss: 1.2622 (1.7219)  acc1: 68.7500 (58.3239)  acc5: 87.5000 (83.2594)  time: 0.2119  data: 0.0003  max mem: 41183
Test:  [3200/7958]  eta: 0:16:48  loss: 2.1115 (1.7229)  acc1: 50.0000 (58.3021)  acc5: 81.2500 (83.2279)  time: 0.2121  data: 0.0003  max mem: 41183
Test:  [3300/7958]  eta: 0:16:27  loss: 1.8409 (1.7442)  acc1: 56.2500 (58.0487)  acc5: 75.0000 (82.8934)  time: 0.2112  data: 0.0003  max mem: 41183
Test:  [3400/7958]  eta: 0:16:06  loss: 2.2829 (1.7433)  acc1: 43.7500 (58.1373)  acc5: 75.0000 (82.8672)  time: 0.2113  data: 0.0003  max mem: 41183
Test:  [3500/7958]  eta: 0:15:44  loss: 1.4758 (1.7458)  acc1: 56.2500 (58.0227)  acc5: 81.2500 (82.8585)  time: 0.2115  data: 0.0003  max mem: 41183
Test:  [3600/7958]  eta: 0:15:23  loss: 2.3167 (1.7553)  acc1: 37.5000 (57.7860)  acc5: 81.2500 (82.7340)  time: 0.2114  data: 0.0003  max mem: 41183
Test:  [3700/7958]  eta: 0:15:02  loss: 2.1701 (1.7568)  acc1: 43.7500 (57.7260)  acc5: 81.2500 (82.7682)  time: 0.2117  data: 0.0003  max mem: 41183
Test:  [3800/7958]  eta: 0:14:41  loss: 1.5533 (1.7587)  acc1: 62.5000 (57.6181)  acc5: 87.5000 (82.7545)  time: 0.2120  data: 0.0003  max mem: 41183
Test:  [3900/7958]  eta: 0:14:19  loss: 1.4745 (1.7572)  acc1: 56.2500 (57.7096)  acc5: 87.5000 (82.7993)  time: 0.2119  data: 0.0003  max mem: 41183
Test:  [4000/7958]  eta: 0:13:58  loss: 2.2815 (1.7646)  acc1: 43.7500 (57.5403)  acc5: 81.2500 (82.7449)  time: 0.2118  data: 0.0003  max mem: 41183
Test:  [4100/7958]  eta: 0:13:37  loss: 1.2776 (1.7631)  acc1: 75.0000 (57.6079)  acc5: 87.5000 (82.7298)  time: 0.2117  data: 0.0003  max mem: 41183
Test:  [4200/7958]  eta: 0:13:16  loss: 1.6021 (1.7645)  acc1: 62.5000 (57.6336)  acc5: 81.2500 (82.7080)  time: 0.2115  data: 0.0003  max mem: 41183
Test:  [4300/7958]  eta: 0:12:55  loss: 2.1267 (1.7629)  acc1: 50.0000 (57.7206)  acc5: 75.0000 (82.7032)  time: 0.2116  data: 0.0003  max mem: 41183
Test:  [4400/7958]  eta: 0:12:33  loss: 1.1886 (1.7700)  acc1: 68.7500 (57.6872)  acc5: 87.5000 (82.5523)  time: 0.2114  data: 0.0003  max mem: 41183
Test:  [4500/7958]  eta: 0:12:12  loss: 1.7341 (1.7784)  acc1: 62.5000 (57.5567)  acc5: 81.2500 (82.4553)  time: 0.2113  data: 0.0003  max mem: 41183
Test:  [4600/7958]  eta: 0:11:51  loss: 1.6294 (1.7773)  acc1: 56.2500 (57.6247)  acc5: 81.2500 (82.4658)  time: 0.2117  data: 0.0003  max mem: 41183
Test:  [4700/7958]  eta: 0:11:30  loss: 1.4066 (1.7868)  acc1: 68.7500 (57.4399)  acc5: 81.2500 (82.3003)  time: 0.2118  data: 0.0003  max mem: 41183
Test:  [4800/7958]  eta: 0:11:09  loss: 1.5062 (1.7953)  acc1: 56.2500 (57.2628)  acc5: 87.5000 (82.2029)  time: 0.2118  data: 0.0003  max mem: 41183
Test:  [4900/7958]  eta: 0:10:47  loss: 2.2580 (1.7960)  acc1: 56.2500 (57.3378)  acc5: 75.0000 (82.1580)  time: 0.2118  data: 0.0003  max mem: 41183
Test:  [5000/7958]  eta: 0:10:26  loss: 2.1203 (1.7971)  acc1: 43.7500 (57.2760)  acc5: 87.5000 (82.1948)  time: 0.2114  data: 0.0003  max mem: 41183
Test:  [5100/7958]  eta: 0:10:05  loss: 2.4518 (1.7949)  acc1: 43.7500 (57.2804)  acc5: 75.0000 (82.2412)  time: 0.2112  data: 0.0003  max mem: 41183
Test:  [5200/7958]  eta: 0:09:44  loss: 1.0342 (1.7945)  acc1: 68.7500 (57.3243)  acc5: 87.5000 (82.2294)  time: 0.2114  data: 0.0003  max mem: 41183
Test:  [5300/7958]  eta: 0:09:23  loss: 1.2573 (1.7925)  acc1: 62.5000 (57.3925)  acc5: 93.7500 (82.2427)  time: 0.2113  data: 0.0003  max mem: 41183
Test:  [5400/7958]  eta: 0:09:01  loss: 1.7273 (1.7910)  acc1: 56.2500 (57.4836)  acc5: 81.2500 (82.2498)  time: 0.2116  data: 0.0003  max mem: 41183
Test:  [5500/7958]  eta: 0:08:40  loss: 1.3091 (1.7923)  acc1: 50.0000 (57.4873)  acc5: 93.7500 (82.2191)  time: 0.2116  data: 0.0003  max mem: 41183
Test:  [5600/7958]  eta: 0:08:19  loss: 1.9232 (1.7952)  acc1: 50.0000 (57.5076)  acc5: 81.2500 (82.1371)  time: 0.2119  data: 0.0003  max mem: 41183
Test:  [5700/7958]  eta: 0:07:58  loss: 2.1747 (1.7935)  acc1: 50.0000 (57.5414)  acc5: 75.0000 (82.1654)  time: 0.2119  data: 0.0003  max mem: 41183
Test:  [5800/7958]  eta: 0:07:37  loss: 2.6107 (1.7996)  acc1: 31.2500 (57.3694)  acc5: 68.7500 (82.0904)  time: 0.2118  data: 0.0003  max mem: 41183
Test:  [5900/7958]  eta: 0:07:15  loss: 1.4500 (1.8008)  acc1: 62.5000 (57.3727)  acc5: 81.2500 (82.0772)  time: 0.2113  data: 0.0003  max mem: 41183
Test:  [6000/7958]  eta: 0:06:54  loss: 1.4769 (1.8071)  acc1: 68.7500 (57.3102)  acc5: 87.5000 (81.9718)  time: 0.2114  data: 0.0003  max mem: 41183
Test:  [6100/7958]  eta: 0:06:33  loss: 1.4161 (1.8061)  acc1: 68.7500 (57.3810)  acc5: 87.5000 (81.9661)  time: 0.2114  data: 0.0003  max mem: 41183
Test:  [6200/7958]  eta: 0:06:12  loss: 1.4652 (1.8095)  acc1: 56.2500 (57.3718)  acc5: 81.2500 (81.9041)  time: 0.2114  data: 0.0003  max mem: 41183
Test:  [6300/7958]  eta: 0:05:51  loss: 1.8076 (1.8037)  acc1: 43.7500 (57.5216)  acc5: 87.5000 (81.9721)  time: 0.2113  data: 0.0003  max mem: 41183
Test:  [6400/7958]  eta: 0:05:29  loss: 0.7458 (1.8013)  acc1: 81.2500 (57.6062)  acc5: 93.7500 (81.9813)  time: 0.2120  data: 0.0003  max mem: 41183
Test:  [6500/7958]  eta: 0:05:08  loss: 0.8507 (1.7984)  acc1: 81.2500 (57.7027)  acc5: 93.7500 (82.0037)  time: 0.2119  data: 0.0003  max mem: 41183
Test:  [6600/7958]  eta: 0:04:47  loss: 2.2692 (1.8035)  acc1: 43.7500 (57.5812)  acc5: 68.7500 (81.9043)  time: 0.2118  data: 0.0003  max mem: 41183
Test:  [6700/7958]  eta: 0:04:26  loss: 1.3117 (1.8036)  acc1: 68.7500 (57.6323)  acc5: 81.2500 (81.8889)  time: 0.2115  data: 0.0003  max mem: 41183
Test:  [6800/7958]  eta: 0:04:05  loss: 2.2384 (1.8062)  acc1: 50.0000 (57.5706)  acc5: 81.2500 (81.8694)  time: 0.2114  data: 0.0003  max mem: 41183
Test:  [6900/7958]  eta: 0:03:44  loss: 1.5492 (1.8047)  acc1: 56.2500 (57.6257)  acc5: 81.2500 (81.9012)  time: 0.2114  data: 0.0003  max mem: 41183
Test:  [7000/7958]  eta: 0:03:22  loss: 0.8340 (1.8080)  acc1: 81.2500 (57.6194)  acc5: 93.7500 (81.8446)  time: 0.2115  data: 0.0003  max mem: 41183
Test:  [7100/7958]  eta: 0:03:01  loss: 0.7099 (1.8102)  acc1: 81.2500 (57.5834)  acc5: 93.7500 (81.8151)  time: 0.2113  data: 0.0003  max mem: 41183
Test:  [7200/7958]  eta: 0:02:40  loss: 2.2959 (1.8168)  acc1: 43.7500 (57.4721)  acc5: 75.0000 (81.7352)  time: 0.2118  data: 0.0003  max mem: 41183
Test:  [7300/7958]  eta: 0:02:19  loss: 2.0708 (1.8127)  acc1: 43.7500 (57.5709)  acc5: 81.2500 (81.7910)  time: 0.2119  data: 0.0003  max mem: 41183
Test:  [7400/7958]  eta: 0:01:58  loss: 1.7552 (1.8118)  acc1: 50.0000 (57.5741)  acc5: 81.2500 (81.8150)  time: 0.2119  data: 0.0003  max mem: 41183
Test:  [7500/7958]  eta: 0:01:36  loss: 1.0293 (1.8116)  acc1: 68.7500 (57.5832)  acc5: 93.7500 (81.7799)  time: 0.2122  data: 0.0003  max mem: 41183
Test:  [7600/7958]  eta: 0:01:15  loss: 1.0036 (1.8084)  acc1: 81.2500 (57.6651)  acc5: 93.7500 (81.8083)  time: 0.2113  data: 0.0003  max mem: 41183
Test:  [7700/7958]  eta: 0:00:54  loss: 2.0174 (1.8122)  acc1: 43.7500 (57.5461)  acc5: 81.2500 (81.7629)  time: 0.2111  data: 0.0003  max mem: 41183
Test:  [7800/7958]  eta: 0:00:33  loss: 1.5725 (1.8128)  acc1: 62.5000 (57.4838)  acc5: 87.5000 (81.7924)  time: 0.2112  data: 0.0003  max mem: 41183
Test:  [7900/7958]  eta: 0:00:12  loss: 1.1504 (1.8105)  acc1: 62.5000 (57.5291)  acc5: 87.5000 (81.8093)  time: 0.2114  data: 0.0003  max mem: 41183
Test: Total time: 0:28:05
 * Acc@1 = 57.53408519728575, Acc@5 = 81.82567856245288, loss = 1.8097534754708386
Namespace(model='QKFormer_10_768', dataset='es-imagenet', num_classes=1000, data_path='/model/es-imagenet', device='cuda', batch_size=16, workers=4, print_freq=3072, output_dir='./logs4', resume='', sync_bn=False, test_only=False, amp=True, world_size=1, dist_url='env://', tb=True, T=8, opt='adamw', opt_eps=1e-08, opt_betas=None, weight_decay=0.01, momentum=0.9, connect_f='ADD', T_train=None, sched='cosine', lr=0.0005, lr_noise=None, lr_noise_pct=0.67, lr_noise_std=1.0, lr_cycle_mul=1.0, lr_cycle_limit=1, warmup_lr=1e-05, min_lr=1e-06, epochs=100, epoch_repeats=0.0, start_epoch=0, decay_epochs=20, warmup_epochs=20, cooldown_epochs=10, patience_epochs=10, decay_rate=0.1, smoothing=0.1, mixup=0.5, cutmix=0.0, cutmix_minmax=None, mixup_prob=0.5, mixup_switch_prob=0.5, mixup_mode='batch', mixup_off_epoch=0, grad_clip=5.0, distributed=False)
Training time 11 days, 5:47:28 max_test_acc1 57.53408519728575 test_acc5_at_max_test_acc1 81.82567856245288
./logs4/QKFormer_10_768_b16_T8_wd0.01_adamw_cnf_ADD/lr0.0005
Epoch: [33]  [    0/71874]  eta: 20:17:41  lr: 0.0003775058332297177  img/s: 42.46136052020002  loss: 2.4397 (2.4397)  acc1: 68.7500 (68.7500)  acc5: 81.2500 (81.2500)  time: 1.0165  data: 0.6397  max mem: 41183
Epoch: [33]  [ 3072/71874]  eta: 7:08:19  lr: 0.0003775058332297177  img/s: 42.92785873930303  loss: 3.0462 (3.2975)  acc1: 43.7500 (48.5905)  acc5: 75.0000 (72.7424)  time: 0.3725  data: 0.0002  max mem: 41183
Epoch: [33]  [ 6144/71874]  eta: 6:49:00  lr: 0.0003775058332297177  img/s: 43.38614451561016  loss: 2.8258 (3.2986)  acc1: 56.2500 (48.6513)  acc5: 75.0000 (72.7278)  time: 0.3717  data: 0.0002  max mem: 41183
Epoch: [33]  [ 9216/71874]  eta: 6:29:53  lr: 0.0003775058332297177  img/s: 43.19157341372384  loss: 3.3186 (3.3031)  acc1: 43.7500 (48.5034)  acc5: 68.7500 (72.6023)  time: 0.3726  data: 0.0002  max mem: 41183
Epoch: [33]  [12288/71874]  eta: 6:10:46  lr: 0.0003775058332297177  img/s: 43.042921144367156  loss: 3.0721 (3.3066)  acc1: 43.7500 (48.3974)  acc5: 75.0000 (72.5756)  time: 0.3721  data: 0.0002  max mem: 41183
Epoch: [33]  [15360/71874]  eta: 5:51:37  lr: 0.0003775058332297177  img/s: 43.158157936708015  loss: 3.1605 (3.3146)  acc1: 43.7500 (48.2390)  acc5: 75.0000 (72.4229)  time: 0.3719  data: 0.0002  max mem: 41183
Epoch: [33]  [18432/71874]  eta: 5:32:25  lr: 0.0003775058332297177  img/s: 42.89918233835505  loss: 3.7268 (3.3163)  acc1: 43.7500 (48.1741)  acc5: 68.7500 (72.3794)  time: 0.3739  data: 0.0002  max mem: 41183
Epoch: [33]  [21504/71874]  eta: 5:13:16  lr: 0.0003775058332297177  img/s: 41.562586474063046  loss: 3.0152 (3.3222)  acc1: 56.2500 (48.0752)  acc5: 75.0000 (72.2945)  time: 0.3784  data: 0.0002  max mem: 41183
Epoch: [33]  [24576/71874]  eta: 4:54:11  lr: 0.0003775058332297177  img/s: 42.99620517308652  loss: 2.9775 (3.3248)  acc1: 43.7500 (47.9773)  acc5: 75.0000 (72.2502)  time: 0.3726  data: 0.0002  max mem: 41183
Epoch: [33]  [27648/71874]  eta: 4:35:06  lr: 0.0003775058332297177  img/s: 42.91981450344624  loss: 3.5318 (3.3270)  acc1: 37.5000 (47.9280)  acc5: 62.5000 (72.2018)  time: 0.3787  data: 0.0002  max mem: 41183
Epoch: [33]  [30720/71874]  eta: 4:16:01  lr: 0.0003775058332297177  img/s: 43.108671535397434  loss: 3.2283 (3.3302)  acc1: 50.0000 (47.8610)  acc5: 68.7500 (72.1390)  time: 0.3732  data: 0.0002  max mem: 41183
Epoch: [33]  [33792/71874]  eta: 3:56:55  lr: 0.0003775058332297177  img/s: 43.076545447776425  loss: 2.9796 (3.3337)  acc1: 43.7500 (47.8209)  acc5: 75.0000 (72.0587)  time: 0.3713  data: 0.0002  max mem: 41183
Epoch: [33]  [36864/71874]  eta: 3:37:48  lr: 0.0003775058332297177  img/s: 43.052751579942765  loss: 3.1415 (3.3371)  acc1: 50.0000 (47.7423)  acc5: 75.0000 (71.9714)  time: 0.3720  data: 0.0002  max mem: 41183
Epoch: [33]  [39936/71874]  eta: 3:18:42  lr: 0.0003775058332297177  img/s: 42.88232369769335  loss: 3.3244 (3.3410)  acc1: 43.7500 (47.6626)  acc5: 68.7500 (71.8935)  time: 0.3732  data: 0.0002  max mem: 41183
Epoch: [33]  [43008/71874]  eta: 2:59:35  lr: 0.0003775058332297177  img/s: 42.89959369030968  loss: 3.3027 (3.3432)  acc1: 43.7500 (47.6097)  acc5: 68.7500 (71.8478)  time: 0.3762  data: 0.0002  max mem: 41183
Epoch: [33]  [46080/71874]  eta: 2:40:28  lr: 0.0003775058332297177  img/s: 43.10714854649818  loss: 3.6970 (3.3436)  acc1: 43.7500 (47.6117)  acc5: 68.7500 (71.8384)  time: 0.3720  data: 0.0002  max mem: 41183
Epoch: [33]  [49152/71874]  eta: 2:21:21  lr: 0.0003775058332297177  img/s: 43.111468577111154  loss: 3.1350 (3.3464)  acc1: 43.7500 (47.5431)  acc5: 68.7500 (71.7755)  time: 0.3713  data: 0.0002  max mem: 41183
Epoch: [33]  [52224/71874]  eta: 2:02:14  lr: 0.0003775058332297177  img/s: 42.93195065077136  loss: 3.1681 (3.3479)  acc1: 50.0000 (47.5112)  acc5: 75.0000 (71.7396)  time: 0.3715  data: 0.0002  max mem: 41183
Epoch: [33]  [55296/71874]  eta: 1:43:07  lr: 0.0003775058332297177  img/s: 43.2116809377306  loss: 2.9262 (3.3497)  acc1: 50.0000 (47.4632)  acc5: 75.0000 (71.6885)  time: 0.3715  data: 0.0002  max mem: 41183
Epoch: [33]  [58368/71874]  eta: 1:24:01  lr: 0.0003775058332297177  img/s: 43.12895138511766  loss: 2.9050 (3.3518)  acc1: 50.0000 (47.4132)  acc5: 75.0000 (71.6336)  time: 0.3726  data: 0.0002  max mem: 41183
Epoch: [33]  [61440/71874]  eta: 1:04:54  lr: 0.0003775058332297177  img/s: 43.11088698409476  loss: 3.3125 (3.3540)  acc1: 43.7500 (47.3733)  acc5: 75.0000 (71.5946)  time: 0.3721  data: 0.0002  max mem: 41183
Epoch: [33]  [64512/71874]  eta: 0:45:48  lr: 0.0003775058332297177  img/s: 42.900526117280045  loss: 3.1457 (3.3556)  acc1: 50.0000 (47.3361)  acc5: 75.0000 (71.5562)  time: 0.3732  data: 0.0002  max mem: 41183
Epoch: [33]  [67584/71874]  eta: 0:26:41  lr: 0.0003775058332297177  img/s: 43.23038688340417  loss: 3.3321 (3.3580)  acc1: 50.0000 (47.2800)  acc5: 68.7500 (71.5186)  time: 0.3727  data: 0.0002  max mem: 41183
Epoch: [33]  [70656/71874]  eta: 0:07:34  lr: 0.0003775058332297177  img/s: 42.98653821517333  loss: 3.0824 (3.3596)  acc1: 43.7500 (47.2539)  acc5: 68.7500 (71.4911)  time: 0.3736  data: 0.0002  max mem: 41183
Epoch: [33] Total time: 7:27:13
Test:  [   0/7958]  eta: 1:47:44  loss: 0.6478 (0.6478)  acc1: 87.5000 (87.5000)  acc5: 100.0000 (100.0000)  time: 0.8123  data: 0.6029  max mem: 41183
Test:  [ 100/7958]  eta: 0:28:32  loss: 1.3068 (1.4023)  acc1: 68.7500 (66.8936)  acc5: 93.7500 (89.1708)  time: 0.2120  data: 0.0004  max mem: 41183
Test:  [ 200/7958]  eta: 0:27:46  loss: 1.4494 (1.6820)  acc1: 62.5000 (62.2201)  acc5: 87.5000 (84.4216)  time: 0.2119  data: 0.0003  max mem: 41183
Test:  [ 300/7958]  eta: 0:27:17  loss: 1.0651 (1.5918)  acc1: 68.7500 (63.6628)  acc5: 87.5000 (85.3198)  time: 0.2120  data: 0.0004  max mem: 41183
Test:  [ 400/7958]  eta: 0:26:51  loss: 0.6892 (1.5204)  acc1: 75.0000 (65.1964)  acc5: 100.0000 (86.3934)  time: 0.2118  data: 0.0003  max mem: 41183
Test:  [ 500/7958]  eta: 0:26:28  loss: 1.5988 (1.5196)  acc1: 62.5000 (65.1447)  acc5: 87.5000 (86.1652)  time: 0.2114  data: 0.0003  max mem: 41183
Test:  [ 600/7958]  eta: 0:26:05  loss: 2.0657 (1.5822)  acc1: 43.7500 (63.3527)  acc5: 81.2500 (85.4097)  time: 0.2117  data: 0.0003  max mem: 41183
Test:  [ 700/7958]  eta: 0:25:43  loss: 1.8629 (1.6789)  acc1: 56.2500 (60.9486)  acc5: 81.2500 (84.0674)  time: 0.2115  data: 0.0003  max mem: 41183
Test:  [ 800/7958]  eta: 0:25:20  loss: 1.5173 (1.7369)  acc1: 62.5000 (59.5194)  acc5: 87.5000 (83.2709)  time: 0.2114  data: 0.0003  max mem: 41183
Test:  [ 900/7958]  eta: 0:24:59  loss: 2.0434 (1.7799)  acc1: 56.2500 (58.6640)  acc5: 75.0000 (82.6790)  time: 0.2115  data: 0.0003  max mem: 41183
Test:  [1000/7958]  eta: 0:24:37  loss: 2.3987 (1.8515)  acc1: 43.7500 (56.9181)  acc5: 75.0000 (81.6683)  time: 0.2120  data: 0.0003  max mem: 41183
Test:  [1100/7958]  eta: 0:24:15  loss: 1.5987 (1.8839)  acc1: 56.2500 (56.2216)  acc5: 81.2500 (81.2954)  time: 0.2122  data: 0.0003  max mem: 41183
Test:  [1200/7958]  eta: 0:23:54  loss: 2.6888 (1.9257)  acc1: 25.0000 (55.2196)  acc5: 62.5000 (80.6567)  time: 0.2121  data: 0.0003  max mem: 41183
Test:  [1300/7958]  eta: 0:23:32  loss: 1.6373 (1.9225)  acc1: 62.5000 (55.3084)  acc5: 81.2500 (80.7696)  time: 0.2116  data: 0.0003  max mem: 41183
Test:  [1400/7958]  eta: 0:23:11  loss: 2.3528 (1.9179)  acc1: 25.0000 (55.0500)  acc5: 81.2500 (80.8842)  time: 0.2113  data: 0.0003  max mem: 41183
Test:  [1500/7958]  eta: 0:22:49  loss: 1.3459 (1.9243)  acc1: 56.2500 (54.8884)  acc5: 87.5000 (80.8503)  time: 0.2117  data: 0.0004  max mem: 41183
Test:  [1600/7958]  eta: 0:22:28  loss: 1.3816 (1.9030)  acc1: 68.7500 (55.1140)  acc5: 93.7500 (81.1797)  time: 0.2114  data: 0.0003  max mem: 41183
Test:  [1700/7958]  eta: 0:22:07  loss: 0.5774 (1.8791)  acc1: 87.5000 (55.4600)  acc5: 93.7500 (81.6432)  time: 0.2119  data: 0.0004  max mem: 41183
Test:  [1800/7958]  eta: 0:21:45  loss: 0.9579 (1.8471)  acc1: 68.7500 (56.2639)  acc5: 93.7500 (82.0655)  time: 0.2116  data: 0.0003  max mem: 41183
Test:  [1900/7958]  eta: 0:21:24  loss: 1.9456 (1.8544)  acc1: 43.7500 (56.0034)  acc5: 87.5000 (82.0719)  time: 0.2122  data: 0.0004  max mem: 41183
Test:  [2000/7958]  eta: 0:21:03  loss: 0.4682 (1.8173)  acc1: 93.7500 (56.8591)  acc5: 100.0000 (82.5525)  time: 0.2120  data: 0.0004  max mem: 41183
Test:  [2100/7958]  eta: 0:20:41  loss: 1.0707 (1.7914)  acc1: 75.0000 (57.5054)  acc5: 93.7500 (82.8861)  time: 0.2121  data: 0.0003  max mem: 41183
Test:  [2200/7958]  eta: 0:20:20  loss: 1.6736 (1.7891)  acc1: 62.5000 (57.4710)  acc5: 87.5000 (83.0134)  time: 0.2116  data: 0.0004  max mem: 41183
Test:  [2300/7958]  eta: 0:19:59  loss: 2.4034 (1.7822)  acc1: 37.5000 (57.5755)  acc5: 75.0000 (83.1242)  time: 0.2114  data: 0.0003  max mem: 41183
Test:  [2400/7958]  eta: 0:19:38  loss: 1.6419 (1.7930)  acc1: 62.5000 (57.3823)  acc5: 87.5000 (82.9082)  time: 0.2118  data: 0.0004  max mem: 41183
Test:  [2500/7958]  eta: 0:19:16  loss: 2.5043 (1.8017)  acc1: 37.5000 (57.0347)  acc5: 68.7500 (82.8194)  time: 0.2114  data: 0.0003  max mem: 41183
Test:  [2600/7958]  eta: 0:18:55  loss: 1.9174 (1.7865)  acc1: 43.7500 (57.3337)  acc5: 87.5000 (82.9897)  time: 0.2118  data: 0.0004  max mem: 41183
Test:  [2700/7958]  eta: 0:18:34  loss: 1.0973 (1.7752)  acc1: 75.0000 (57.5967)  acc5: 87.5000 (83.1243)  time: 0.2122  data: 0.0004  max mem: 41183
Test:  [2800/7958]  eta: 0:18:13  loss: 1.9943 (1.7660)  acc1: 43.7500 (57.8186)  acc5: 81.2500 (83.2471)  time: 0.2120  data: 0.0003  max mem: 41183
Test:  [2900/7958]  eta: 0:17:51  loss: 1.2876 (1.7803)  acc1: 62.5000 (57.6482)  acc5: 87.5000 (82.9477)  time: 0.2121  data: 0.0003  max mem: 41183
Test:  [3000/7958]  eta: 0:17:30  loss: 0.8985 (1.7809)  acc1: 68.7500 (57.6829)  acc5: 93.7500 (82.9140)  time: 0.2113  data: 0.0003  max mem: 41183
Test:  [3100/7958]  eta: 0:17:09  loss: 1.5542 (1.7862)  acc1: 56.2500 (57.6427)  acc5: 81.2500 (82.8362)  time: 0.2117  data: 0.0003  max mem: 41183
Test:  [3200/7958]  eta: 0:16:48  loss: 1.7428 (1.7805)  acc1: 56.2500 (57.7437)  acc5: 75.0000 (82.9116)  time: 0.2113  data: 0.0003  max mem: 41183
Test:  [3300/7958]  eta: 0:16:27  loss: 1.3476 (1.7910)  acc1: 62.5000 (57.6038)  acc5: 81.2500 (82.7117)  time: 0.2114  data: 0.0003  max mem: 41183
Test:  [3400/7958]  eta: 0:16:05  loss: 1.2392 (1.7809)  acc1: 68.7500 (57.8837)  acc5: 87.5000 (82.8120)  time: 0.2113  data: 0.0003  max mem: 41183
Test:  [3500/7958]  eta: 0:15:44  loss: 1.9636 (1.7928)  acc1: 50.0000 (57.5443)  acc5: 81.2500 (82.7085)  time: 0.2119  data: 0.0003  max mem: 41183
Test:  [3600/7958]  eta: 0:15:23  loss: 2.6182 (1.8018)  acc1: 31.2500 (57.3625)  acc5: 75.0000 (82.5725)  time: 0.2116  data: 0.0003  max mem: 41183
Test:  [3700/7958]  eta: 0:15:02  loss: 1.9127 (1.8004)  acc1: 50.0000 (57.3730)  acc5: 81.2500 (82.6111)  time: 0.2121  data: 0.0003  max mem: 41183
Test:  [3800/7958]  eta: 0:14:40  loss: 1.8878 (1.8084)  acc1: 50.0000 (57.2267)  acc5: 87.5000 (82.5112)  time: 0.2119  data: 0.0003  max mem: 41183
Test:  [3900/7958]  eta: 0:14:19  loss: 1.4016 (1.8006)  acc1: 62.5000 (57.4724)  acc5: 87.5000 (82.6214)  time: 0.2116  data: 0.0003  max mem: 41183
Test:  [4000/7958]  eta: 0:13:58  loss: 2.4896 (1.8067)  acc1: 37.5000 (57.3763)  acc5: 81.2500 (82.5497)  time: 0.2111  data: 0.0003  max mem: 41183
Test:  [4100/7958]  eta: 0:13:37  loss: 1.1967 (1.8041)  acc1: 75.0000 (57.4890)  acc5: 93.7500 (82.5652)  time: 0.2117  data: 0.0003  max mem: 41183
Test:  [4200/7958]  eta: 0:13:16  loss: 2.1124 (1.8017)  acc1: 50.0000 (57.6038)  acc5: 81.2500 (82.5815)  time: 0.2116  data: 0.0003  max mem: 41183
Test:  [4300/7958]  eta: 0:12:54  loss: 1.9932 (1.8017)  acc1: 43.7500 (57.6436)  acc5: 81.2500 (82.5782)  time: 0.2116  data: 0.0003  max mem: 41183
Test:  [4400/7958]  eta: 0:12:33  loss: 1.0452 (1.8040)  acc1: 68.7500 (57.6559)  acc5: 93.7500 (82.5054)  time: 0.2120  data: 0.0003  max mem: 41183
Test:  [4500/7958]  eta: 0:12:12  loss: 1.4909 (1.8018)  acc1: 68.7500 (57.7163)  acc5: 87.5000 (82.5469)  time: 0.2119  data: 0.0003  max mem: 41183
Test:  [4600/7958]  eta: 0:11:51  loss: 2.4060 (1.7994)  acc1: 43.7500 (57.8624)  acc5: 68.7500 (82.5296)  time: 0.2120  data: 0.0004  max mem: 41183
Test:  [4700/7958]  eta: 0:11:30  loss: 1.6589 (1.8102)  acc1: 62.5000 (57.6460)  acc5: 75.0000 (82.3468)  time: 0.2114  data: 0.0003  max mem: 41183
Test:  [4800/7958]  eta: 0:11:08  loss: 1.7546 (1.8134)  acc1: 50.0000 (57.5036)  acc5: 81.2500 (82.3357)  time: 0.2115  data: 0.0003  max mem: 41183
Test:  [4900/7958]  eta: 0:10:47  loss: 2.5936 (1.8176)  acc1: 43.7500 (57.4844)  acc5: 68.7500 (82.2345)  time: 0.2115  data: 0.0004  max mem: 41183
Test:  [5000/7958]  eta: 0:10:26  loss: 1.8017 (1.8194)  acc1: 37.5000 (57.3648)  acc5: 87.5000 (82.2461)  time: 0.2118  data: 0.0004  max mem: 41183
Test:  [5100/7958]  eta: 0:10:05  loss: 1.9323 (1.8153)  acc1: 56.2500 (57.4164)  acc5: 81.2500 (82.3233)  time: 0.2111  data: 0.0003  max mem: 41183
Test:  [5200/7958]  eta: 0:09:44  loss: 0.6782 (1.8137)  acc1: 81.2500 (57.4998)  acc5: 93.7500 (82.3243)  time: 0.2119  data: 0.0004  max mem: 41183
Test:  [5300/7958]  eta: 0:09:22  loss: 3.0891 (1.8154)  acc1: 31.2500 (57.4797)  acc5: 62.5000 (82.2923)  time: 0.2119  data: 0.0003  max mem: 41183
Test:  [5400/7958]  eta: 0:09:01  loss: 2.1734 (1.8182)  acc1: 50.0000 (57.4107)  acc5: 81.2500 (82.2591)  time: 0.2122  data: 0.0004  max mem: 41183
Test:  [5500/7958]  eta: 0:08:40  loss: 1.4383 (1.8245)  acc1: 68.7500 (57.3225)  acc5: 87.5000 (82.1476)  time: 0.2120  data: 0.0003  max mem: 41183
Test:  [5600/7958]  eta: 0:08:19  loss: 2.2095 (1.8304)  acc1: 31.2500 (57.2521)  acc5: 75.0000 (82.0579)  time: 0.2115  data: 0.0003  max mem: 41183
Test:  [5700/7958]  eta: 0:07:58  loss: 1.8701 (1.8327)  acc1: 56.2500 (57.1621)  acc5: 75.0000 (82.0382)  time: 0.2117  data: 0.0003  max mem: 41183
Test:  [5800/7958]  eta: 0:07:37  loss: 1.9452 (1.8332)  acc1: 50.0000 (57.1701)  acc5: 81.2500 (82.0182)  time: 0.2113  data: 0.0003  max mem: 41183
Test:  [5900/7958]  eta: 0:07:15  loss: 1.2728 (1.8320)  acc1: 68.7500 (57.2350)  acc5: 87.5000 (82.0274)  time: 0.2114  data: 0.0003  max mem: 41183
Test:  [6000/7958]  eta: 0:06:54  loss: 1.8805 (1.8362)  acc1: 50.0000 (57.1728)  acc5: 81.2500 (81.9593)  time: 0.2114  data: 0.0003  max mem: 41183
Test:  [6100/7958]  eta: 0:06:33  loss: 1.5720 (1.8344)  acc1: 62.5000 (57.2365)  acc5: 81.2500 (81.9712)  time: 0.2119  data: 0.0003  max mem: 41183
Test:  [6200/7958]  eta: 0:06:12  loss: 1.1943 (1.8381)  acc1: 68.7500 (57.2337)  acc5: 87.5000 (81.9031)  time: 0.2118  data: 0.0003  max mem: 41183
Test:  [6300/7958]  eta: 0:05:51  loss: 1.2791 (1.8325)  acc1: 68.7500 (57.3867)  acc5: 87.5000 (81.9642)  time: 0.2120  data: 0.0003  max mem: 41183
Test:  [6400/7958]  eta: 0:05:29  loss: 0.8387 (1.8328)  acc1: 81.2500 (57.3924)  acc5: 93.7500 (81.9657)  time: 0.2115  data: 0.0003  max mem: 41183
Test:  [6500/7958]  eta: 0:05:08  loss: 1.3992 (1.8357)  acc1: 68.7500 (57.3662)  acc5: 81.2500 (81.9153)  time: 0.2114  data: 0.0003  max mem: 41183
Test:  [6600/7958]  eta: 0:04:47  loss: 2.0332 (1.8414)  acc1: 56.2500 (57.2451)  acc5: 75.0000 (81.8115)  time: 0.2113  data: 0.0003  max mem: 41183
Test:  [6700/7958]  eta: 0:04:26  loss: 1.2617 (1.8394)  acc1: 68.7500 (57.2956)  acc5: 93.7500 (81.8255)  time: 0.2114  data: 0.0003  max mem: 41183
Test:  [6800/7958]  eta: 0:04:05  loss: 2.0628 (1.8391)  acc1: 43.7500 (57.3179)  acc5: 75.0000 (81.8161)  time: 0.2114  data: 0.0003  max mem: 41183
Test:  [6900/7958]  eta: 0:03:44  loss: 1.7340 (1.8352)  acc1: 43.7500 (57.4228)  acc5: 81.2500 (81.8659)  time: 0.2116  data: 0.0003  max mem: 41183
Test:  [7000/7958]  eta: 0:03:22  loss: 1.1195 (1.8333)  acc1: 75.0000 (57.5132)  acc5: 87.5000 (81.8642)  time: 0.2121  data: 0.0003  max mem: 41183
Test:  [7100/7958]  eta: 0:03:01  loss: 0.6208 (1.8339)  acc1: 87.5000 (57.4919)  acc5: 93.7500 (81.8432)  time: 0.2119  data: 0.0003  max mem: 41183
Test:  [7200/7958]  eta: 0:02:40  loss: 2.0301 (1.8375)  acc1: 50.0000 (57.4200)  acc5: 81.2500 (81.8116)  time: 0.2120  data: 0.0003  max mem: 41183
Test:  [7300/7958]  eta: 0:02:19  loss: 2.1593 (1.8304)  acc1: 50.0000 (57.5871)  acc5: 87.5000 (81.9066)  time: 0.2115  data: 0.0003  max mem: 41183
Test:  [7400/7958]  eta: 0:01:58  loss: 2.8400 (1.8389)  acc1: 31.2500 (57.4314)  acc5: 62.5000 (81.7778)  time: 0.2114  data: 0.0003  max mem: 41183
Test:  [7500/7958]  eta: 0:01:36  loss: 2.2466 (1.8408)  acc1: 37.5000 (57.3948)  acc5: 81.2500 (81.7408)  time: 0.2111  data: 0.0003  max mem: 41183
Test:  [7600/7958]  eta: 0:01:15  loss: 1.6659 (1.8408)  acc1: 68.7500 (57.4193)  acc5: 81.2500 (81.7269)  time: 0.2116  data: 0.0003  max mem: 41183
Test:  [7700/7958]  eta: 0:00:54  loss: 1.8535 (1.8428)  acc1: 62.5000 (57.3927)  acc5: 81.2500 (81.6923)  time: 0.2113  data: 0.0003  max mem: 41183
Test:  [7800/7958]  eta: 0:00:33  loss: 1.1136 (1.8450)  acc1: 68.7500 (57.3148)  acc5: 87.5000 (81.6714)  time: 0.2116  data: 0.0003  max mem: 41183
Test:  [7900/7958]  eta: 0:00:12  loss: 1.2424 (1.8426)  acc1: 68.7500 (57.4057)  acc5: 87.5000 (81.6803)  time: 0.2122  data: 0.0003  max mem: 41183
Test: Total time: 0:28:05
 * Acc@1 = 57.44926489067605, Acc@5 = 81.681955265142, loss = 1.841831030858225
Namespace(model='QKFormer_10_768', dataset='es-imagenet', num_classes=1000, data_path='/model/es-imagenet', device='cuda', batch_size=16, workers=4, print_freq=3072, output_dir='./logs4', resume='', sync_bn=False, test_only=False, amp=True, world_size=1, dist_url='env://', tb=True, T=8, opt='adamw', opt_eps=1e-08, opt_betas=None, weight_decay=0.01, momentum=0.9, connect_f='ADD', T_train=None, sched='cosine', lr=0.0005, lr_noise=None, lr_noise_pct=0.67, lr_noise_std=1.0, lr_cycle_mul=1.0, lr_cycle_limit=1, warmup_lr=1e-05, min_lr=1e-06, epochs=100, epoch_repeats=0.0, start_epoch=0, decay_epochs=20, warmup_epochs=20, cooldown_epochs=10, patience_epochs=10, decay_rate=0.1, smoothing=0.1, mixup=0.5, cutmix=0.0, cutmix_minmax=None, mixup_prob=0.5, mixup_switch_prob=0.5, mixup_mode='batch', mixup_off_epoch=0, grad_clip=5.0, distributed=False)
Training time 11 days, 13:42:47 max_test_acc1 57.53408519728575 test_acc5_at_max_test_acc1 81.82567856245288
./logs4/QKFormer_10_768_b16_T8_wd0.01_adamw_cnf_ADD/lr0.0005
Epoch: [34]  [    0/71874]  eta: 21:19:05  lr: 0.000370697541688378  img/s: 41.62714202595057  loss: 4.3620 (4.3620)  acc1: 18.7500 (18.7500)  acc5: 68.7500 (68.7500)  time: 1.0678  data: 0.6834  max mem: 41183
Epoch: [34]  [ 3072/71874]  eta: 7:08:18  lr: 0.000370697541688378  img/s: 42.81824492629344  loss: 3.1032 (3.2974)  acc1: 43.7500 (48.6963)  acc5: 68.7500 (72.8177)  time: 0.3727  data: 0.0002  max mem: 41183
Epoch: [34]  [ 6144/71874]  eta: 6:49:23  lr: 0.000370697541688378  img/s: 42.45695490351017  loss: 2.9388 (3.2951)  acc1: 56.2500 (48.5649)  acc5: 75.0000 (72.7573)  time: 0.3726  data: 0.0002  max mem: 41183
Epoch: [34]  [ 9216/71874]  eta: 6:30:28  lr: 0.000370697541688378  img/s: 42.80226879463429  loss: 3.0626 (3.2928)  acc1: 43.7500 (48.5238)  acc5: 68.7500 (72.7236)  time: 0.3724  data: 0.0002  max mem: 41183
Epoch: [34]  [12288/71874]  eta: 6:11:18  lr: 0.000370697541688378  img/s: 43.150665306946536  loss: 2.9290 (3.2943)  acc1: 43.7500 (48.4809)  acc5: 75.0000 (72.6829)  time: 0.3726  data: 0.0002  max mem: 41183
Epoch: [34]  [15360/71874]  eta: 5:52:12  lr: 0.000370697541688378  img/s: 43.1480573722639  loss: 2.9348 (3.2943)  acc1: 50.0000 (48.5361)  acc5: 75.0000 (72.7272)  time: 0.3722  data: 0.0002  max mem: 41183
Epoch: [34]  [18432/71874]  eta: 5:33:02  lr: 0.000370697541688378  img/s: 43.03254331060583  loss: 3.3665 (3.2975)  acc1: 37.5000 (48.4420)  acc5: 68.7500 (72.6354)  time: 0.3732  data: 0.0002  max mem: 41183
Epoch: [34]  [21504/71874]  eta: 5:13:53  lr: 0.000370697541688378  img/s: 43.00802625001602  loss: 3.1387 (3.2995)  acc1: 50.0000 (48.3222)  acc5: 75.0000 (72.5950)  time: 0.3753  data: 0.0002  max mem: 41183
Epoch: [34]  [24576/71874]  eta: 4:54:42  lr: 0.000370697541688378  img/s: 43.08926840105352  loss: 3.5774 (3.3034)  acc1: 43.7500 (48.2293)  acc5: 68.7500 (72.5231)  time: 0.3724  data: 0.0002  max mem: 41183
Epoch: [34]  [27648/71874]  eta: 4:35:34  lr: 0.000370697541688378  img/s: 42.869147553236004  loss: 3.0319 (3.3063)  acc1: 50.0000 (48.1606)  acc5: 75.0000 (72.4581)  time: 0.3738  data: 0.0002  max mem: 41183
Epoch: [34]  [30720/71874]  eta: 4:16:25  lr: 0.000370697541688378  img/s: 42.95882834549699  loss: 3.0731 (3.3084)  acc1: 43.7500 (48.1175)  acc5: 75.0000 (72.4024)  time: 0.3726  data: 0.0002  max mem: 41183
Epoch: [34]  [33792/71874]  eta: 3:57:16  lr: 0.000370697541688378  img/s: 42.89756443053494  loss: 3.1287 (3.3106)  acc1: 50.0000 (48.0632)  acc5: 75.0000 (72.3389)  time: 0.3737  data: 0.0002  max mem: 41183
Epoch: [34]  [36864/71874]  eta: 3:38:07  lr: 0.000370697541688378  img/s: 43.003478912815716  loss: 2.9725 (3.3142)  acc1: 50.0000 (48.0159)  acc5: 81.2500 (72.2799)  time: 0.3779  data: 0.0002  max mem: 41183
Epoch: [34]  [39936/71874]  eta: 3:18:57  lr: 0.000370697541688378  img/s: 42.965759340297005  loss: 3.1172 (3.3172)  acc1: 37.5000 (47.9682)  acc5: 68.7500 (72.2054)  time: 0.3727  data: 0.0002  max mem: 41183
Epoch: [34]  [43008/71874]  eta: 2:59:48  lr: 0.000370697541688378  img/s: 42.75185159231205  loss: 3.1801 (3.3200)  acc1: 37.5000 (47.9153)  acc5: 68.7500 (72.1512)  time: 0.3778  data: 0.0002  max mem: 41183
Epoch: [34]  [46080/71874]  eta: 2:40:40  lr: 0.000370697541688378  img/s: 43.25669165468832  loss: 3.1644 (3.3215)  acc1: 43.7500 (47.8664)  acc5: 75.0000 (72.1261)  time: 0.3725  data: 0.0002  max mem: 41183
Epoch: [34]  [49152/71874]  eta: 2:21:32  lr: 0.000370697541688378  img/s: 43.07754088616321  loss: 3.2063 (3.3250)  acc1: 50.0000 (47.8052)  acc5: 75.0000 (72.0428)  time: 0.3725  data: 0.0002  max mem: 41183
Epoch: [34]  [52224/71874]  eta: 2:02:23  lr: 0.000370697541688378  img/s: 43.10515497821261  loss: 3.1357 (3.3279)  acc1: 50.0000 (47.7545)  acc5: 68.7500 (71.9864)  time: 0.3733  data: 0.0002  max mem: 41183
Epoch: [34]  [55296/71874]  eta: 1:43:16  lr: 0.000370697541688378  img/s: 43.11734077603532  loss: 3.2649 (3.3309)  acc1: 43.7500 (47.7104)  acc5: 68.7500 (71.9395)  time: 0.3729  data: 0.0002  max mem: 41183
Epoch: [34]  [58368/71874]  eta: 1:24:07  lr: 0.000370697541688378  img/s: 43.074803541295324  loss: 3.1718 (3.3334)  acc1: 56.2500 (47.6645)  acc5: 75.0000 (71.8931)  time: 0.3713  data: 0.0002  max mem: 41183
Epoch: [34]  [61440/71874]  eta: 1:04:59  lr: 0.000370697541688378  img/s: 42.88665359574028  loss: 3.5289 (3.3366)  acc1: 43.7500 (47.6058)  acc5: 62.5000 (71.8344)  time: 0.3738  data: 0.0002  max mem: 41183
Epoch: [34]  [64512/71874]  eta: 0:45:51  lr: 0.000370697541688378  img/s: 43.02286000761615  loss: 3.1608 (3.3395)  acc1: 43.7500 (47.5387)  acc5: 68.7500 (71.7820)  time: 0.3726  data: 0.0002  max mem: 41183
Epoch: [34]  [67584/71874]  eta: 0:26:43  lr: 0.000370697541688378  img/s: 42.71593138346965  loss: 2.9718 (3.3428)  acc1: 43.7500 (47.4628)  acc5: 75.0000 (71.7201)  time: 0.3776  data: 0.0002  max mem: 41183
Epoch: [34]  [70656/71874]  eta: 0:07:35  lr: 0.000370697541688378  img/s: 43.14065144707804  loss: 2.9031 (3.3434)  acc1: 43.7500 (47.4560)  acc5: 75.0000 (71.6999)  time: 0.3723  data: 0.0002  max mem: 41183
Epoch: [34] Total time: 7:27:37
Test:  [   0/7958]  eta: 1:40:44  loss: 0.4917 (0.4917)  acc1: 93.7500 (93.7500)  acc5: 100.0000 (100.0000)  time: 0.7595  data: 0.5492  max mem: 41183
Test:  [ 100/7958]  eta: 0:28:25  loss: 1.3902 (1.4436)  acc1: 68.7500 (68.7500)  acc5: 87.5000 (87.1287)  time: 0.2119  data: 0.0003  max mem: 41183
Test:  [ 200/7958]  eta: 0:27:43  loss: 2.5503 (1.7592)  acc1: 43.7500 (61.7226)  acc5: 68.7500 (82.7114)  time: 0.2120  data: 0.0004  max mem: 41183
Test:  [ 300/7958]  eta: 0:27:14  loss: 1.0881 (1.7309)  acc1: 75.0000 (61.6902)  acc5: 87.5000 (82.9111)  time: 0.2113  data: 0.0003  max mem: 41183
Test:  [ 400/7958]  eta: 0:26:49  loss: 0.9751 (1.6325)  acc1: 75.0000 (63.5754)  acc5: 93.7500 (84.4919)  time: 0.2113  data: 0.0003  max mem: 41183
Test:  [ 500/7958]  eta: 0:26:26  loss: 1.6632 (1.6292)  acc1: 56.2500 (63.7600)  acc5: 87.5000 (84.6806)  time: 0.2113  data: 0.0004  max mem: 41183
Test:  [ 600/7958]  eta: 0:26:03  loss: 2.4029 (1.6937)  acc1: 43.7500 (61.8656)  acc5: 81.2500 (83.9018)  time: 0.2114  data: 0.0004  max mem: 41183
Test:  [ 700/7958]  eta: 0:25:41  loss: 2.3578 (1.8309)  acc1: 37.5000 (58.4344)  acc5: 75.0000 (81.8563)  time: 0.2116  data: 0.0004  max mem: 41183
Test:  [ 800/7958]  eta: 0:25:19  loss: 1.6519 (1.8740)  acc1: 62.5000 (57.3658)  acc5: 87.5000 (81.1642)  time: 0.2117  data: 0.0003  max mem: 41183
Test:  [ 900/7958]  eta: 0:24:57  loss: 2.3451 (1.9250)  acc1: 43.7500 (55.8754)  acc5: 81.2500 (80.6188)  time: 0.2116  data: 0.0003  max mem: 41183
Test:  [1000/7958]  eta: 0:24:36  loss: 2.0056 (1.9975)  acc1: 43.7500 (54.1271)  acc5: 81.2500 (79.4768)  time: 0.2120  data: 0.0003  max mem: 41183
Test:  [1100/7958]  eta: 0:24:14  loss: 2.3963 (2.0289)  acc1: 37.5000 (53.3663)  acc5: 75.0000 (79.1780)  time: 0.2115  data: 0.0003  max mem: 41183
Test:  [1200/7958]  eta: 0:23:53  loss: 2.7648 (2.0429)  acc1: 31.2500 (53.0131)  acc5: 75.0000 (79.1060)  time: 0.2115  data: 0.0003  max mem: 41183
Test:  [1300/7958]  eta: 0:23:31  loss: 2.4700 (2.0585)  acc1: 43.7500 (52.6710)  acc5: 68.7500 (78.8768)  time: 0.2115  data: 0.0003  max mem: 41183
Test:  [1400/7958]  eta: 0:23:10  loss: 2.6779 (2.0545)  acc1: 31.2500 (52.5830)  acc5: 75.0000 (78.8856)  time: 0.2114  data: 0.0003  max mem: 41183
Test:  [1500/7958]  eta: 0:22:48  loss: 1.8920 (2.0556)  acc1: 50.0000 (52.4442)  acc5: 87.5000 (78.9848)  time: 0.2115  data: 0.0003  max mem: 41183
Test:  [1600/7958]  eta: 0:22:27  loss: 1.1682 (2.0432)  acc1: 68.7500 (52.5960)  acc5: 93.7500 (79.2630)  time: 0.2119  data: 0.0005  max mem: 41183
Test:  [1700/7958]  eta: 0:22:06  loss: 0.6835 (2.0123)  acc1: 81.2500 (53.0938)  acc5: 93.7500 (79.7252)  time: 0.2120  data: 0.0003  max mem: 41183
Test:  [1800/7958]  eta: 0:21:45  loss: 1.0594 (1.9904)  acc1: 75.0000 (53.6022)  acc5: 93.7500 (80.0285)  time: 0.2120  data: 0.0003  max mem: 41183
Test:  [1900/7958]  eta: 0:21:23  loss: 2.6423 (1.9943)  acc1: 37.5000 (53.5080)  acc5: 75.0000 (80.0598)  time: 0.2117  data: 0.0003  max mem: 41183
Test:  [2000/7958]  eta: 0:21:02  loss: 1.4236 (1.9669)  acc1: 62.5000 (54.2604)  acc5: 93.7500 (80.4129)  time: 0.2116  data: 0.0003  max mem: 41183
Test:  [2100/7958]  eta: 0:20:41  loss: 1.4449 (1.9447)  acc1: 68.7500 (54.7061)  acc5: 87.5000 (80.7026)  time: 0.2114  data: 0.0003  max mem: 41183
Test:  [2200/7958]  eta: 0:20:19  loss: 2.4102 (1.9394)  acc1: 25.0000 (54.7223)  acc5: 81.2500 (80.8184)  time: 0.2116  data: 0.0004  max mem: 41183
Test:  [2300/7958]  eta: 0:19:58  loss: 2.4398 (1.9315)  acc1: 43.7500 (54.7479)  acc5: 68.7500 (80.9920)  time: 0.2112  data: 0.0003  max mem: 41183
Test:  [2400/7958]  eta: 0:19:37  loss: 1.8063 (1.9358)  acc1: 56.2500 (54.7402)  acc5: 87.5000 (80.8700)  time: 0.2118  data: 0.0003  max mem: 41183
Test:  [2500/7958]  eta: 0:19:16  loss: 3.4594 (1.9525)  acc1: 6.2500 (54.3708)  acc5: 75.0000 (80.6602)  time: 0.2119  data: 0.0003  max mem: 41183
Test:  [2600/7958]  eta: 0:18:55  loss: 2.1658 (1.9498)  acc1: 50.0000 (54.4814)  acc5: 81.2500 (80.6805)  time: 0.2120  data: 0.0003  max mem: 41183
Test:  [2700/7958]  eta: 0:18:33  loss: 1.4676 (1.9331)  acc1: 68.7500 (54.8940)  acc5: 87.5000 (80.9029)  time: 0.2117  data: 0.0003  max mem: 41183
Test:  [2800/7958]  eta: 0:18:12  loss: 2.3572 (1.9292)  acc1: 43.7500 (54.9759)  acc5: 75.0000 (80.9912)  time: 0.2118  data: 0.0003  max mem: 41183
Test:  [2900/7958]  eta: 0:17:51  loss: 0.7599 (1.9357)  acc1: 75.0000 (54.8712)  acc5: 93.7500 (80.8385)  time: 0.2113  data: 0.0003  max mem: 41183
Test:  [3000/7958]  eta: 0:17:30  loss: 2.0711 (1.9381)  acc1: 56.2500 (54.9067)  acc5: 87.5000 (80.7960)  time: 0.2113  data: 0.0003  max mem: 41183
Test:  [3100/7958]  eta: 0:17:08  loss: 2.2724 (1.9388)  acc1: 50.0000 (54.9016)  acc5: 75.0000 (80.7643)  time: 0.2114  data: 0.0003  max mem: 41183
Test:  [3200/7958]  eta: 0:16:47  loss: 2.3618 (1.9357)  acc1: 50.0000 (55.0277)  acc5: 75.0000 (80.8263)  time: 0.2116  data: 0.0003  max mem: 41183
Test:  [3300/7958]  eta: 0:16:26  loss: 2.0344 (1.9512)  acc1: 56.2500 (54.8073)  acc5: 81.2500 (80.5760)  time: 0.2115  data: 0.0003  max mem: 41183
Test:  [3400/7958]  eta: 0:16:05  loss: 2.3115 (1.9469)  acc1: 43.7500 (54.9526)  acc5: 75.0000 (80.6142)  time: 0.2119  data: 0.0003  max mem: 41183
Test:  [3500/7958]  eta: 0:15:44  loss: 1.7240 (1.9444)  acc1: 50.0000 (55.0664)  acc5: 87.5000 (80.6609)  time: 0.2118  data: 0.0003  max mem: 41183
Test:  [3600/7958]  eta: 0:15:22  loss: 2.3378 (1.9479)  acc1: 50.0000 (54.9813)  acc5: 81.2500 (80.6096)  time: 0.2118  data: 0.0003  max mem: 41183
Test:  [3700/7958]  eta: 0:15:01  loss: 2.6003 (1.9447)  acc1: 37.5000 (55.0240)  acc5: 68.7500 (80.6691)  time: 0.2115  data: 0.0003  max mem: 41183
Test:  [3800/7958]  eta: 0:14:40  loss: 2.2858 (1.9508)  acc1: 37.5000 (54.9148)  acc5: 75.0000 (80.5923)  time: 0.2114  data: 0.0003  max mem: 41183
Test:  [3900/7958]  eta: 0:14:19  loss: 1.9407 (1.9545)  acc1: 56.2500 (54.8866)  acc5: 81.2500 (80.5611)  time: 0.2114  data: 0.0003  max mem: 41183
Test:  [4000/7958]  eta: 0:13:58  loss: 2.4791 (1.9597)  acc1: 37.5000 (54.7332)  acc5: 81.2500 (80.4736)  time: 0.2114  data: 0.0003  max mem: 41183
Test:  [4100/7958]  eta: 0:13:36  loss: 1.4750 (1.9587)  acc1: 62.5000 (54.8510)  acc5: 87.5000 (80.4697)  time: 0.2111  data: 0.0003  max mem: 41183
Test:  [4200/7958]  eta: 0:13:15  loss: 2.2824 (1.9590)  acc1: 50.0000 (54.9274)  acc5: 75.0000 (80.4630)  time: 0.2117  data: 0.0003  max mem: 41183
Test:  [4300/7958]  eta: 0:12:54  loss: 2.3280 (1.9593)  acc1: 43.7500 (54.9523)  acc5: 81.2500 (80.4391)  time: 0.2121  data: 0.0003  max mem: 41183
Test:  [4400/7958]  eta: 0:12:33  loss: 1.5042 (1.9627)  acc1: 68.7500 (54.9335)  acc5: 87.5000 (80.3425)  time: 0.2116  data: 0.0003  max mem: 41183
Test:  [4500/7958]  eta: 0:12:12  loss: 2.1302 (1.9609)  acc1: 50.0000 (55.0044)  acc5: 68.7500 (80.3738)  time: 0.2118  data: 0.0003  max mem: 41183
Test:  [4600/7958]  eta: 0:11:50  loss: 2.1774 (1.9630)  acc1: 56.2500 (55.0696)  acc5: 75.0000 (80.3236)  time: 0.2113  data: 0.0003  max mem: 41183
Test:  [4700/7958]  eta: 0:11:29  loss: 1.7356 (1.9727)  acc1: 68.7500 (54.8713)  acc5: 75.0000 (80.1452)  time: 0.2113  data: 0.0003  max mem: 41183
Test:  [4800/7958]  eta: 0:11:08  loss: 1.9431 (1.9754)  acc1: 56.2500 (54.8141)  acc5: 81.2500 (80.1135)  time: 0.2114  data: 0.0003  max mem: 41183
Test:  [4900/7958]  eta: 0:10:47  loss: 2.0186 (1.9761)  acc1: 50.0000 (54.8459)  acc5: 75.0000 (80.0576)  time: 0.2113  data: 0.0003  max mem: 41183
Test:  [5000/7958]  eta: 0:10:26  loss: 1.8618 (1.9785)  acc1: 37.5000 (54.7478)  acc5: 81.2500 (80.0677)  time: 0.2115  data: 0.0003  max mem: 41183
Test:  [5100/7958]  eta: 0:10:05  loss: 3.0601 (1.9806)  acc1: 37.5000 (54.6253)  acc5: 62.5000 (80.0664)  time: 0.2116  data: 0.0003  max mem: 41183
Test:  [5200/7958]  eta: 0:09:43  loss: 0.8577 (1.9736)  acc1: 81.2500 (54.7791)  acc5: 93.7500 (80.1348)  time: 0.2120  data: 0.0003  max mem: 41183
Test:  [5300/7958]  eta: 0:09:22  loss: 2.3185 (1.9727)  acc1: 50.0000 (54.8328)  acc5: 62.5000 (80.1512)  time: 0.2117  data: 0.0003  max mem: 41183
Test:  [5400/7958]  eta: 0:09:01  loss: 2.3416 (1.9682)  acc1: 50.0000 (54.9667)  acc5: 75.0000 (80.2108)  time: 0.2117  data: 0.0003  max mem: 41183
Test:  [5500/7958]  eta: 0:08:40  loss: 1.1455 (1.9689)  acc1: 62.5000 (55.0343)  acc5: 87.5000 (80.1741)  time: 0.2113  data: 0.0003  max mem: 41183
Test:  [5600/7958]  eta: 0:08:19  loss: 2.2154 (1.9738)  acc1: 43.7500 (54.9958)  acc5: 68.7500 (80.0839)  time: 0.2113  data: 0.0003  max mem: 41183
Test:  [5700/7958]  eta: 0:07:58  loss: 1.4279 (1.9751)  acc1: 62.5000 (54.9597)  acc5: 87.5000 (80.0890)  time: 0.2116  data: 0.0003  max mem: 41183
Test:  [5800/7958]  eta: 0:07:36  loss: 2.3792 (1.9775)  acc1: 37.5000 (54.9000)  acc5: 75.0000 (80.0455)  time: 0.2111  data: 0.0003  max mem: 41183
Test:  [5900/7958]  eta: 0:07:15  loss: 2.2064 (1.9805)  acc1: 56.2500 (54.8403)  acc5: 75.0000 (79.9960)  time: 0.2118  data: 0.0003  max mem: 41183
Test:  [6000/7958]  eta: 0:06:54  loss: 2.1231 (1.9857)  acc1: 50.0000 (54.7544)  acc5: 81.2500 (79.9211)  time: 0.2118  data: 0.0003  max mem: 41183
Test:  [6100/7958]  eta: 0:06:33  loss: 2.0808 (1.9869)  acc1: 50.0000 (54.7554)  acc5: 81.2500 (79.9019)  time: 0.2122  data: 0.0003  max mem: 41183
Test:  [6200/7958]  eta: 0:06:12  loss: 1.3782 (1.9859)  acc1: 62.5000 (54.8440)  acc5: 87.5000 (79.8924)  time: 0.2119  data: 0.0003  max mem: 41183
Test:  [6300/7958]  eta: 0:05:50  loss: 1.4871 (1.9830)  acc1: 68.7500 (54.9585)  acc5: 81.2500 (79.9000)  time: 0.2116  data: 0.0004  max mem: 41183
Test:  [6400/7958]  eta: 0:05:29  loss: 0.8689 (1.9822)  acc1: 81.2500 (54.9738)  acc5: 93.7500 (79.9133)  time: 0.2112  data: 0.0003  max mem: 41183
Test:  [6500/7958]  eta: 0:05:08  loss: 1.0775 (1.9794)  acc1: 75.0000 (55.0742)  acc5: 87.5000 (79.9483)  time: 0.2112  data: 0.0003  max mem: 41183
Test:  [6600/7958]  eta: 0:04:47  loss: 2.1987 (1.9835)  acc1: 56.2500 (54.9992)  acc5: 68.7500 (79.8440)  time: 0.2113  data: 0.0003  max mem: 41183
Test:  [6700/7958]  eta: 0:04:26  loss: 1.4203 (1.9843)  acc1: 68.7500 (54.9918)  acc5: 93.7500 (79.8323)  time: 0.2114  data: 0.0003  max mem: 41183
Test:  [6800/7958]  eta: 0:04:05  loss: 1.9667 (1.9822)  acc1: 37.5000 (55.0379)  acc5: 81.2500 (79.8715)  time: 0.2119  data: 0.0003  max mem: 41183
Test:  [6900/7958]  eta: 0:03:43  loss: 2.4004 (1.9805)  acc1: 43.7500 (55.0364)  acc5: 68.7500 (79.9024)  time: 0.2120  data: 0.0003  max mem: 41183
Test:  [7000/7958]  eta: 0:03:22  loss: 1.1115 (1.9806)  acc1: 75.0000 (55.0850)  acc5: 87.5000 (79.8868)  time: 0.2120  data: 0.0003  max mem: 41183
Test:  [7100/7958]  eta: 0:03:01  loss: 0.8011 (1.9831)  acc1: 87.5000 (55.0389)  acc5: 93.7500 (79.8417)  time: 0.2117  data: 0.0003  max mem: 41183
Test:  [7200/7958]  eta: 0:02:40  loss: 2.5190 (1.9890)  acc1: 37.5000 (54.9212)  acc5: 75.0000 (79.7693)  time: 0.2116  data: 0.0003  max mem: 41183
Test:  [7300/7958]  eta: 0:02:19  loss: 2.4410 (1.9818)  acc1: 37.5000 (55.0969)  acc5: 75.0000 (79.8538)  time: 0.2113  data: 0.0003  max mem: 41183
Test:  [7400/7958]  eta: 0:01:58  loss: 2.4336 (1.9863)  acc1: 37.5000 (55.0010)  acc5: 75.0000 (79.7882)  time: 0.2114  data: 0.0003  max mem: 41183
Test:  [7500/7958]  eta: 0:01:36  loss: 1.8532 (1.9879)  acc1: 50.0000 (54.9302)  acc5: 81.2500 (79.7477)  time: 0.2113  data: 0.0003  max mem: 41183
Test:  [7600/7958]  eta: 0:01:15  loss: 1.4738 (1.9862)  acc1: 75.0000 (54.9714)  acc5: 81.2500 (79.7494)  time: 0.2110  data: 0.0003  max mem: 41183
Test:  [7700/7958]  eta: 0:00:54  loss: 1.9336 (1.9874)  acc1: 50.0000 (54.9539)  acc5: 81.2500 (79.7340)  time: 0.2118  data: 0.0003  max mem: 41183
Test:  [7800/7958]  eta: 0:00:33  loss: 0.9682 (1.9858)  acc1: 75.0000 (54.9345)  acc5: 93.7500 (79.7919)  time: 0.2119  data: 0.0003  max mem: 41183
Test:  [7900/7958]  eta: 0:00:12  loss: 1.0891 (1.9824)  acc1: 75.0000 (55.0508)  acc5: 93.7500 (79.8182)  time: 0.2119  data: 0.0003  max mem: 41183
Test: Total time: 0:28:04
 * Acc@1 = 55.097857501884896, Acc@5 = 79.82062075898467, loss = 1.9814537002120591
Namespace(model='QKFormer_10_768', dataset='es-imagenet', num_classes=1000, data_path='/model/es-imagenet', device='cuda', batch_size=16, workers=4, print_freq=3072, output_dir='./logs4', resume='', sync_bn=False, test_only=False, amp=True, world_size=1, dist_url='env://', tb=True, T=8, opt='adamw', opt_eps=1e-08, opt_betas=None, weight_decay=0.01, momentum=0.9, connect_f='ADD', T_train=None, sched='cosine', lr=0.0005, lr_noise=None, lr_noise_pct=0.67, lr_noise_std=1.0, lr_cycle_mul=1.0, lr_cycle_limit=1, warmup_lr=1e-05, min_lr=1e-06, epochs=100, epoch_repeats=0.0, start_epoch=0, decay_epochs=20, warmup_epochs=20, cooldown_epochs=10, patience_epochs=10, decay_rate=0.1, smoothing=0.1, mixup=0.5, cutmix=0.0, cutmix_minmax=None, mixup_prob=0.5, mixup_switch_prob=0.5, mixup_mode='batch', mixup_off_epoch=0, grad_clip=5.0, distributed=False)
Training time 11 days, 21:38:29 max_test_acc1 57.53408519728575 test_acc5_at_max_test_acc1 81.82567856245288
./logs4/QKFormer_10_768_b16_T8_wd0.01_adamw_cnf_ADD/lr0.0005
Epoch: [35]  [    0/71874]  eta: 20:40:39  lr: 0.00036377062968501693  img/s: 42.146502239561485  loss: 4.0103 (4.0103)  acc1: 37.5000 (37.5000)  acc5: 56.2500 (56.2500)  time: 1.0357  data: 0.6560  max mem: 41183
Epoch: [35]  [ 3072/71874]  eta: 7:08:32  lr: 0.00036377062968501693  img/s: 43.07903413000832  loss: 3.4552 (3.2737)  acc1: 37.5000 (49.2617)  acc5: 68.7500 (73.0414)  time: 0.3724  data: 0.0002  max mem: 41183
Epoch: [35]  [ 6144/71874]  eta: 6:49:08  lr: 0.00036377062968501693  img/s: 42.5719068870471  loss: 2.9465 (3.2677)  acc1: 50.0000 (49.1955)  acc5: 75.0000 (73.1530)  time: 0.3733  data: 0.0002  max mem: 41183
Epoch: [35]  [ 9216/71874]  eta: 6:29:55  lr: 0.00036377062968501693  img/s: 42.862192938699835  loss: 3.0055 (3.2710)  acc1: 50.0000 (49.0853)  acc5: 75.0000 (72.9732)  time: 0.3732  data: 0.0002  max mem: 41183
Epoch: [35]  [12288/71874]  eta: 6:10:47  lr: 0.00036377062968501693  img/s: 42.92991832878183  loss: 3.4709 (3.2734)  acc1: 43.7500 (49.0108)  acc5: 75.0000 (72.8955)  time: 0.3724  data: 0.0002  max mem: 41183
Epoch: [35]  [15360/71874]  eta: 5:51:40  lr: 0.00036377062968501693  img/s: 42.70812944645229  loss: 2.9484 (3.2774)  acc1: 56.2500 (48.9576)  acc5: 81.2500 (72.8261)  time: 0.3719  data: 0.0002  max mem: 41183
Epoch: [35]  [18432/71874]  eta: 5:32:32  lr: 0.00036377062968501693  img/s: 43.05087350937596  loss: 3.1247 (3.2845)  acc1: 43.7500 (48.8153)  acc5: 68.7500 (72.7079)  time: 0.3772  data: 0.0002  max mem: 41183
Epoch: [35]  [21504/71874]  eta: 5:13:31  lr: 0.00036377062968501693  img/s: 43.0730341297476  loss: 3.0336 (3.2882)  acc1: 43.7500 (48.7177)  acc5: 75.0000 (72.6354)  time: 0.3719  data: 0.0002  max mem: 41183
Epoch: [35]  [24576/71874]  eta: 4:54:20  lr: 0.00036377062968501693  img/s: 42.896111159761475  loss: 3.3232 (3.2889)  acc1: 43.7500 (48.6405)  acc5: 68.7500 (72.6246)  time: 0.3768  data: 0.0002  max mem: 41183
Epoch: [35]  [27648/71874]  eta: 4:35:09  lr: 0.00036377062968501693  img/s: 43.29271752684794  loss: 3.1032 (3.2923)  acc1: 50.0000 (48.5440)  acc5: 75.0000 (72.5639)  time: 0.3722  data: 0.0002  max mem: 41183
Epoch: [35]  [30720/71874]  eta: 4:15:59  lr: 0.00036377062968501693  img/s: 42.752941026572124  loss: 3.1411 (3.2946)  acc1: 50.0000 (48.4904)  acc5: 68.7500 (72.5121)  time: 0.3714  data: 0.0002  max mem: 41183
Epoch: [35]  [33792/71874]  eta: 3:56:49  lr: 0.00036377062968501693  img/s: 43.159129394044825  loss: 3.0963 (3.2979)  acc1: 50.0000 (48.4031)  acc5: 75.0000 (72.4451)  time: 0.3717  data: 0.0002  max mem: 41183
Epoch: [35]  [36864/71874]  eta: 3:37:41  lr: 0.00036377062968501693  img/s: 43.25789062162596  loss: 3.1937 (3.3031)  acc1: 50.0000 (48.3058)  acc5: 75.0000 (72.3605)  time: 0.3711  data: 0.0002  max mem: 41183
Epoch: [35]  [39936/71874]  eta: 3:18:34  lr: 0.00036377062968501693  img/s: 43.24016383988948  loss: 3.1408 (3.3065)  acc1: 50.0000 (48.2281)  acc5: 75.0000 (72.2907)  time: 0.3724  data: 0.0002  max mem: 41183
Epoch: [35]  [43008/71874]  eta: 2:59:27  lr: 0.00036377062968501693  img/s: 43.2781436838056  loss: 2.8055 (3.3087)  acc1: 50.0000 (48.1716)  acc5: 81.2500 (72.2501)  time: 0.3718  data: 0.0002  max mem: 41183
Epoch: [35]  [46080/71874]  eta: 2:40:21  lr: 0.00036377062968501693  img/s: 43.13740695506846  loss: 2.8296 (3.3115)  acc1: 50.0000 (48.0991)  acc5: 75.0000 (72.1958)  time: 0.3726  data: 0.0002  max mem: 41183
Epoch: [35]  [49152/71874]  eta: 2:21:15  lr: 0.00036377062968501693  img/s: 42.66319472699162  loss: 2.9360 (3.3115)  acc1: 43.7500 (48.0860)  acc5: 75.0000 (72.1865)  time: 0.3711  data: 0.0001  max mem: 41183
Epoch: [35]  [52224/71874]  eta: 2:02:09  lr: 0.00036377062968501693  img/s: 43.10930845357593  loss: 3.0743 (3.3149)  acc1: 50.0000 (48.0227)  acc5: 75.0000 (72.1316)  time: 0.3719  data: 0.0002  max mem: 41183
Epoch: [35]  [55296/71874]  eta: 1:43:03  lr: 0.00036377062968501693  img/s: 42.67274392104996  loss: 3.3385 (3.3160)  acc1: 43.7500 (47.9852)  acc5: 68.7500 (72.1155)  time: 0.3721  data: 0.0002  max mem: 41183
Epoch: [35]  [58368/71874]  eta: 1:23:57  lr: 0.00036377062968501693  img/s: 43.29017616968024  loss: 2.8106 (3.3186)  acc1: 56.2500 (47.9360)  acc5: 75.0000 (72.0700)  time: 0.3717  data: 0.0002  max mem: 41183
Epoch: [35]  [61440/71874]  eta: 1:04:51  lr: 0.00036377062968501693  img/s: 42.77992222859693  loss: 3.3166 (3.3193)  acc1: 43.7500 (47.9024)  acc5: 68.7500 (72.0435)  time: 0.3714  data: 0.0002  max mem: 41183
Epoch: [35]  [64512/71874]  eta: 0:45:45  lr: 0.00036377062968501693  img/s: 42.945110471463515  loss: 3.2294 (3.3209)  acc1: 50.0000 (47.8844)  acc5: 75.0000 (72.0084)  time: 0.3727  data: 0.0002  max mem: 41183
Epoch: [35]  [67584/71874]  eta: 0:26:39  lr: 0.00036377062968501693  img/s: 42.66384567263924  loss: 3.3464 (3.3223)  acc1: 43.7500 (47.8532)  acc5: 75.0000 (71.9845)  time: 0.3712  data: 0.0002  max mem: 41183
Epoch: [35]  [70656/71874]  eta: 0:07:34  lr: 0.00036377062968501693  img/s: 43.09959057585907  loss: 3.0524 (3.3241)  acc1: 43.7500 (47.8165)  acc5: 68.7500 (71.9420)  time: 0.3721  data: 0.0002  max mem: 41183
Epoch: [35] Total time: 7:26:43
Test:  [   0/7958]  eta: 2:17:26  loss: 0.6623 (0.6623)  acc1: 87.5000 (87.5000)  acc5: 100.0000 (100.0000)  time: 1.0363  data: 0.8251  max mem: 41183
Test:  [ 100/7958]  eta: 0:28:47  loss: 1.4850 (1.3205)  acc1: 62.5000 (69.9876)  acc5: 87.5000 (88.3663)  time: 0.2120  data: 0.0003  max mem: 41183
Test:  [ 200/7958]  eta: 0:27:54  loss: 2.2308 (1.5921)  acc1: 43.7500 (63.5883)  acc5: 81.2500 (85.1679)  time: 0.2119  data: 0.0003  max mem: 41183
Test:  [ 300/7958]  eta: 0:27:21  loss: 0.9179 (1.5240)  acc1: 75.0000 (64.7425)  acc5: 93.7500 (85.8804)  time: 0.2119  data: 0.0003  max mem: 41183
Test:  [ 400/7958]  eta: 0:26:54  loss: 0.6558 (1.4421)  acc1: 81.2500 (66.5524)  acc5: 93.7500 (87.3286)  time: 0.2114  data: 0.0003  max mem: 41183
Test:  [ 500/7958]  eta: 0:26:30  loss: 1.4041 (1.4061)  acc1: 62.5000 (67.3528)  acc5: 93.7500 (87.9117)  time: 0.2114  data: 0.0003  max mem: 41183
Test:  [ 600/7958]  eta: 0:26:07  loss: 1.9679 (1.5080)  acc1: 18.7500 (64.8295)  acc5: 87.5000 (86.7097)  time: 0.2113  data: 0.0003  max mem: 41183
Test:  [ 700/7958]  eta: 0:25:44  loss: 2.4295 (1.6325)  acc1: 43.7500 (62.1345)  acc5: 68.7500 (84.8698)  time: 0.2115  data: 0.0003  max mem: 41183
Test:  [ 800/7958]  eta: 0:25:22  loss: 1.6881 (1.7180)  acc1: 56.2500 (60.1670)  acc5: 81.2500 (83.5362)  time: 0.2113  data: 0.0003  max mem: 41183
Test:  [ 900/7958]  eta: 0:25:00  loss: 2.4437 (1.7669)  acc1: 37.5000 (58.7403)  acc5: 81.2500 (82.9842)  time: 0.2116  data: 0.0003  max mem: 41183
Test:  [1000/7958]  eta: 0:24:38  loss: 2.7353 (1.8360)  acc1: 18.7500 (56.9555)  acc5: 68.7500 (82.0117)  time: 0.2122  data: 0.0003  max mem: 41183
Test:  [1100/7958]  eta: 0:24:16  loss: 1.9080 (1.8758)  acc1: 56.2500 (55.9151)  acc5: 81.2500 (81.5338)  time: 0.2118  data: 0.0003  max mem: 41183
Test:  [1200/7958]  eta: 0:23:54  loss: 2.3193 (1.8919)  acc1: 31.2500 (55.2612)  acc5: 75.0000 (81.3853)  time: 0.2121  data: 0.0003  max mem: 41183
Test:  [1300/7958]  eta: 0:23:33  loss: 1.7284 (1.9038)  acc1: 56.2500 (54.6070)  acc5: 87.5000 (81.3749)  time: 0.2112  data: 0.0003  max mem: 41183
Test:  [1400/7958]  eta: 0:23:11  loss: 2.4972 (1.9101)  acc1: 37.5000 (54.3630)  acc5: 75.0000 (81.3214)  time: 0.2115  data: 0.0003  max mem: 41183
Test:  [1500/7958]  eta: 0:22:50  loss: 2.4589 (1.9255)  acc1: 37.5000 (53.8100)  acc5: 75.0000 (81.1667)  time: 0.2115  data: 0.0003  max mem: 41183
Test:  [1600/7958]  eta: 0:22:28  loss: 1.8909 (1.9199)  acc1: 50.0000 (53.8023)  acc5: 81.2500 (81.3515)  time: 0.2114  data: 0.0003  max mem: 41183
Test:  [1700/7958]  eta: 0:22:07  loss: 0.9890 (1.9077)  acc1: 75.0000 (54.1703)  acc5: 87.5000 (81.6174)  time: 0.2115  data: 0.0003  max mem: 41183
Test:  [1800/7958]  eta: 0:21:45  loss: 1.1604 (1.8860)  acc1: 68.7500 (54.8306)  acc5: 87.5000 (81.8087)  time: 0.2118  data: 0.0003  max mem: 41183
Test:  [1900/7958]  eta: 0:21:24  loss: 2.1148 (1.8879)  acc1: 50.0000 (54.8494)  acc5: 81.2500 (81.8155)  time: 0.2118  data: 0.0003  max mem: 41183
Test:  [2000/7958]  eta: 0:21:03  loss: 0.4928 (1.8570)  acc1: 87.5000 (55.7565)  acc5: 100.0000 (82.1933)  time: 0.2119  data: 0.0003  max mem: 41183
Test:  [2100/7958]  eta: 0:20:41  loss: 1.3181 (1.8411)  acc1: 62.5000 (56.0507)  acc5: 93.7500 (82.4280)  time: 0.2117  data: 0.0003  max mem: 41183
Test:  [2200/7958]  eta: 0:20:20  loss: 1.8506 (1.8305)  acc1: 62.5000 (56.2500)  acc5: 81.2500 (82.6017)  time: 0.2112  data: 0.0003  max mem: 41183
Test:  [2300/7958]  eta: 0:19:59  loss: 1.7603 (1.8283)  acc1: 37.5000 (56.2256)  acc5: 87.5000 (82.6679)  time: 0.2112  data: 0.0003  max mem: 41183
Test:  [2400/7958]  eta: 0:19:37  loss: 1.0127 (1.8158)  acc1: 75.0000 (56.5337)  acc5: 93.7500 (82.7520)  time: 0.2114  data: 0.0003  max mem: 41183
Test:  [2500/7958]  eta: 0:19:16  loss: 2.3049 (1.8403)  acc1: 31.2500 (56.0551)  acc5: 75.0000 (82.3296)  time: 0.2114  data: 0.0003  max mem: 41183
Test:  [2600/7958]  eta: 0:18:55  loss: 2.5480 (1.8330)  acc1: 37.5000 (56.1443)  acc5: 81.2500 (82.4539)  time: 0.2116  data: 0.0003  max mem: 41183
Test:  [2700/7958]  eta: 0:18:34  loss: 1.4429 (1.8213)  acc1: 68.7500 (56.4421)  acc5: 87.5000 (82.5736)  time: 0.2118  data: 0.0003  max mem: 41183
Test:  [2800/7958]  eta: 0:18:12  loss: 2.2820 (1.8153)  acc1: 50.0000 (56.6695)  acc5: 75.0000 (82.6803)  time: 0.2117  data: 0.0003  max mem: 41183
Test:  [2900/7958]  eta: 0:17:51  loss: 1.6733 (1.8285)  acc1: 43.7500 (56.4891)  acc5: 81.2500 (82.4263)  time: 0.2121  data: 0.0003  max mem: 41183
Test:  [3000/7958]  eta: 0:17:30  loss: 1.3489 (1.8338)  acc1: 68.7500 (56.4708)  acc5: 87.5000 (82.3330)  time: 0.2114  data: 0.0003  max mem: 41183
Test:  [3100/7958]  eta: 0:17:09  loss: 1.5427 (1.8407)  acc1: 68.7500 (56.3770)  acc5: 81.2500 (82.2658)  time: 0.2114  data: 0.0003  max mem: 41183
Test:  [3200/7958]  eta: 0:16:47  loss: 2.1195 (1.8334)  acc1: 43.7500 (56.5702)  acc5: 75.0000 (82.3122)  time: 0.2113  data: 0.0003  max mem: 41183
Test:  [3300/7958]  eta: 0:16:26  loss: 2.0779 (1.8530)  acc1: 50.0000 (56.2822)  acc5: 75.0000 (81.9846)  time: 0.2113  data: 0.0003  max mem: 41183
Test:  [3400/7958]  eta: 0:16:05  loss: 1.4958 (1.8528)  acc1: 68.7500 (56.3897)  acc5: 87.5000 (82.0090)  time: 0.2112  data: 0.0003  max mem: 41183
Test:  [3500/7958]  eta: 0:15:44  loss: 1.5114 (1.8585)  acc1: 56.2500 (56.2768)  acc5: 81.2500 (81.9623)  time: 0.2118  data: 0.0003  max mem: 41183
Test:  [3600/7958]  eta: 0:15:23  loss: 2.5385 (1.8624)  acc1: 37.5000 (56.2101)  acc5: 68.7500 (81.8592)  time: 0.2119  data: 0.0003  max mem: 41183
Test:  [3700/7958]  eta: 0:15:01  loss: 2.2333 (1.8654)  acc1: 43.7500 (56.1554)  acc5: 75.0000 (81.8596)  time: 0.2120  data: 0.0003  max mem: 41183
Test:  [3800/7958]  eta: 0:14:40  loss: 2.3784 (1.8727)  acc1: 43.7500 (56.0609)  acc5: 75.0000 (81.7828)  time: 0.2117  data: 0.0003  max mem: 41183
Test:  [3900/7958]  eta: 0:14:19  loss: 1.8118 (1.8683)  acc1: 56.2500 (56.2404)  acc5: 81.2500 (81.8540)  time: 0.2113  data: 0.0003  max mem: 41183
Test:  [4000/7958]  eta: 0:13:58  loss: 2.7873 (1.8677)  acc1: 37.5000 (56.2922)  acc5: 75.0000 (81.8670)  time: 0.2111  data: 0.0003  max mem: 41183
Test:  [4100/7958]  eta: 0:13:37  loss: 1.2811 (1.8656)  acc1: 68.7500 (56.3841)  acc5: 87.5000 (81.8977)  time: 0.2113  data: 0.0003  max mem: 41183
Test:  [4200/7958]  eta: 0:13:15  loss: 1.4769 (1.8595)  acc1: 62.5000 (56.5892)  acc5: 87.5000 (81.9671)  time: 0.2114  data: 0.0003  max mem: 41183
Test:  [4300/7958]  eta: 0:12:54  loss: 2.4376 (1.8569)  acc1: 37.5000 (56.6540)  acc5: 81.2500 (81.9519)  time: 0.2114  data: 0.0003  max mem: 41183
Test:  [4400/7958]  eta: 0:12:33  loss: 1.7593 (1.8631)  acc1: 56.2500 (56.5511)  acc5: 87.5000 (81.8394)  time: 0.2120  data: 0.0003  max mem: 41183
Test:  [4500/7958]  eta: 0:12:12  loss: 1.6644 (1.8682)  acc1: 62.5000 (56.4402)  acc5: 81.2500 (81.7971)  time: 0.2117  data: 0.0003  max mem: 41183
Test:  [4600/7958]  eta: 0:11:51  loss: 1.9315 (1.8666)  acc1: 56.2500 (56.4836)  acc5: 75.0000 (81.7947)  time: 0.2119  data: 0.0003  max mem: 41183
Test:  [4700/7958]  eta: 0:11:29  loss: 2.2503 (1.8715)  acc1: 56.2500 (56.3896)  acc5: 75.0000 (81.7140)  time: 0.2115  data: 0.0003  max mem: 41183
Test:  [4800/7958]  eta: 0:11:08  loss: 1.7525 (1.8752)  acc1: 56.2500 (56.2799)  acc5: 81.2500 (81.6900)  time: 0.2113  data: 0.0003  max mem: 41183
Test:  [4900/7958]  eta: 0:10:47  loss: 2.0133 (1.8801)  acc1: 56.2500 (56.2653)  acc5: 68.7500 (81.5828)  time: 0.2112  data: 0.0003  max mem: 41183
Test:  [5000/7958]  eta: 0:10:26  loss: 1.2528 (1.8800)  acc1: 62.5000 (56.2288)  acc5: 93.7500 (81.6274)  time: 0.2113  data: 0.0003  max mem: 41183
Test:  [5100/7958]  eta: 0:10:05  loss: 2.5502 (1.8804)  acc1: 50.0000 (56.1348)  acc5: 68.7500 (81.6347)  time: 0.2113  data: 0.0003  max mem: 41183
Test:  [5200/7958]  eta: 0:09:43  loss: 1.1081 (1.8761)  acc1: 81.2500 (56.2572)  acc5: 93.7500 (81.6958)  time: 0.2116  data: 0.0003  max mem: 41183
Test:  [5300/7958]  eta: 0:09:22  loss: 2.3003 (1.8781)  acc1: 43.7500 (56.2653)  acc5: 68.7500 (81.6638)  time: 0.2117  data: 0.0003  max mem: 41183
Test:  [5400/7958]  eta: 0:09:01  loss: 1.7157 (1.8805)  acc1: 62.5000 (56.3067)  acc5: 81.2500 (81.6157)  time: 0.2118  data: 0.0003  max mem: 41183
Test:  [5500/7958]  eta: 0:08:40  loss: 1.5275 (1.8827)  acc1: 62.5000 (56.3295)  acc5: 87.5000 (81.5693)  time: 0.2116  data: 0.0003  max mem: 41183
Test:  [5600/7958]  eta: 0:08:19  loss: 2.5514 (1.8849)  acc1: 37.5000 (56.3091)  acc5: 75.0000 (81.5200)  time: 0.2113  data: 0.0003  max mem: 41183
Test:  [5700/7958]  eta: 0:07:58  loss: 2.1446 (1.8877)  acc1: 43.7500 (56.2423)  acc5: 75.0000 (81.4879)  time: 0.2112  data: 0.0003  max mem: 41183
Test:  [5800/7958]  eta: 0:07:36  loss: 2.4506 (1.8909)  acc1: 37.5000 (56.1250)  acc5: 75.0000 (81.4515)  time: 0.2113  data: 0.0003  max mem: 41183
Test:  [5900/7958]  eta: 0:07:15  loss: 2.2265 (1.8930)  acc1: 43.7500 (56.1504)  acc5: 75.0000 (81.4173)  time: 0.2112  data: 0.0003  max mem: 41183
Test:  [6000/7958]  eta: 0:06:54  loss: 2.0168 (1.8992)  acc1: 43.7500 (56.0636)  acc5: 81.2500 (81.3073)  time: 0.2114  data: 0.0003  max mem: 41183
Test:  [6100/7958]  eta: 0:06:33  loss: 2.0936 (1.8996)  acc1: 43.7500 (56.1035)  acc5: 81.2500 (81.2869)  time: 0.2120  data: 0.0003  max mem: 41183
Test:  [6200/7958]  eta: 0:06:12  loss: 1.4847 (1.8994)  acc1: 56.2500 (56.1774)  acc5: 87.5000 (81.2591)  time: 0.2119  data: 0.0003  max mem: 41183
Test:  [6300/7958]  eta: 0:05:50  loss: 1.3191 (1.8964)  acc1: 68.7500 (56.2817)  acc5: 87.5000 (81.2728)  time: 0.2118  data: 0.0003  max mem: 41183
Test:  [6400/7958]  eta: 0:05:29  loss: 0.9090 (1.8927)  acc1: 81.2500 (56.3828)  acc5: 93.7500 (81.3193)  time: 0.2118  data: 0.0003  max mem: 41183
Test:  [6500/7958]  eta: 0:05:08  loss: 1.0717 (1.8913)  acc1: 75.0000 (56.4548)  acc5: 93.7500 (81.3308)  time: 0.2112  data: 0.0003  max mem: 41183
Test:  [6600/7958]  eta: 0:04:47  loss: 2.4008 (1.8955)  acc1: 50.0000 (56.3759)  acc5: 75.0000 (81.2415)  time: 0.2113  data: 0.0003  max mem: 41183
Test:  [6700/7958]  eta: 0:04:26  loss: 0.6471 (1.8950)  acc1: 81.2500 (56.3750)  acc5: 93.7500 (81.2304)  time: 0.2111  data: 0.0003  max mem: 41183
Test:  [6800/7958]  eta: 0:04:05  loss: 2.2659 (1.8950)  acc1: 50.0000 (56.4099)  acc5: 75.0000 (81.2408)  time: 0.2112  data: 0.0003  max mem: 41183
Test:  [6900/7958]  eta: 0:03:43  loss: 2.5398 (1.8928)  acc1: 25.0000 (56.4683)  acc5: 75.0000 (81.2708)  time: 0.2116  data: 0.0003  max mem: 41183
Test:  [7000/7958]  eta: 0:03:22  loss: 1.4377 (1.8966)  acc1: 56.2500 (56.4205)  acc5: 87.5000 (81.2018)  time: 0.2117  data: 0.0003  max mem: 41183
Test:  [7100/7958]  eta: 0:03:01  loss: 0.6159 (1.8996)  acc1: 87.5000 (56.3477)  acc5: 93.7500 (81.1400)  time: 0.2119  data: 0.0003  max mem: 41183
Test:  [7200/7958]  eta: 0:02:40  loss: 2.4582 (1.9051)  acc1: 43.7500 (56.2370)  acc5: 75.0000 (81.0686)  time: 0.2121  data: 0.0003  max mem: 41183
Test:  [7300/7958]  eta: 0:02:19  loss: 1.9427 (1.9001)  acc1: 50.0000 (56.3698)  acc5: 81.2500 (81.1421)  time: 0.2116  data: 0.0003  max mem: 41183
Test:  [7400/7958]  eta: 0:01:58  loss: 2.6282 (1.9061)  acc1: 37.5000 (56.2517)  acc5: 68.7500 (81.0423)  time: 0.2112  data: 0.0003  max mem: 41183
Test:  [7500/7958]  eta: 0:01:36  loss: 1.3433 (1.9075)  acc1: 62.5000 (56.2267)  acc5: 87.5000 (81.0025)  time: 0.2114  data: 0.0003  max mem: 41183
Test:  [7600/7958]  eta: 0:01:15  loss: 1.0462 (1.9098)  acc1: 81.2500 (56.2196)  acc5: 87.5000 (80.9400)  time: 0.2115  data: 0.0003  max mem: 41183
Test:  [7700/7958]  eta: 0:00:54  loss: 1.9314 (1.9113)  acc1: 56.2500 (56.1697)  acc5: 81.2500 (80.9213)  time: 0.2114  data: 0.0003  max mem: 41183
Test:  [7800/7958]  eta: 0:00:33  loss: 1.1615 (1.9118)  acc1: 68.7500 (56.1218)  acc5: 93.7500 (80.9472)  time: 0.2113  data: 0.0003  max mem: 41183
Test:  [7900/7958]  eta: 0:00:12  loss: 1.6270 (1.9097)  acc1: 68.7500 (56.2081)  acc5: 87.5000 (80.9644)  time: 0.2121  data: 0.0003  max mem: 41183
Test: Total time: 0:28:04
 * Acc@1 = 56.25392686604675, Acc@5 = 80.97354863030912, loss = 1.9085205631809494
Namespace(model='QKFormer_10_768', dataset='es-imagenet', num_classes=1000, data_path='/model/es-imagenet', device='cuda', batch_size=16, workers=4, print_freq=3072, output_dir='./logs4', resume='', sync_bn=False, test_only=False, amp=True, world_size=1, dist_url='env://', tb=True, T=8, opt='adamw', opt_eps=1e-08, opt_betas=None, weight_decay=0.01, momentum=0.9, connect_f='ADD', T_train=None, sched='cosine', lr=0.0005, lr_noise=None, lr_noise_pct=0.67, lr_noise_std=1.0, lr_cycle_mul=1.0, lr_cycle_limit=1, warmup_lr=1e-05, min_lr=1e-06, epochs=100, epoch_repeats=0.0, start_epoch=0, decay_epochs=20, warmup_epochs=20, cooldown_epochs=10, patience_epochs=10, decay_rate=0.1, smoothing=0.1, mixup=0.5, cutmix=0.0, cutmix_minmax=None, mixup_prob=0.5, mixup_switch_prob=0.5, mixup_mode='batch', mixup_off_epoch=0, grad_clip=5.0, distributed=False)
Training time 12 days, 5:33:17 max_test_acc1 57.53408519728575 test_acc5_at_max_test_acc1 81.82567856245288
./logs4/QKFormer_10_768_b16_T8_wd0.01_adamw_cnf_ADD/lr0.0005
Epoch: [36]  [    0/71874]  eta: 21:03:51  lr: 0.00035673193324548566  img/s: 42.59214427880905  loss: 2.1860 (2.1860)  acc1: 50.0000 (50.0000)  acc5: 93.7500 (93.7500)  time: 1.0551  data: 0.6794  max mem: 41183
Epoch: [36]  [ 3072/71874]  eta: 7:06:58  lr: 0.00035673193324548566  img/s: 43.2645000741395  loss: 3.0797 (3.2760)  acc1: 50.0000 (48.9526)  acc5: 75.0000 (72.9316)  time: 0.3707  data: 0.0002  max mem: 41183
Epoch: [36]  [ 6144/71874]  eta: 6:47:57  lr: 0.00035673193324548566  img/s: 43.14603227874184  loss: 3.4814 (3.2725)  acc1: 43.7500 (49.0287)  acc5: 75.0000 (73.0085)  time: 0.3725  data: 0.0002  max mem: 41183
Epoch: [36]  [ 9216/71874]  eta: 6:28:51  lr: 0.00035673193324548566  img/s: 43.17904002058937  loss: 3.2877 (3.2777)  acc1: 43.7500 (48.9401)  acc5: 75.0000 (73.0308)  time: 0.3712  data: 0.0002  max mem: 41183
Epoch: [36]  [12288/71874]  eta: 6:09:48  lr: 0.00035673193324548566  img/s: 43.18993337658192  loss: 3.1697 (3.2797)  acc1: 50.0000 (48.8750)  acc5: 75.0000 (72.9596)  time: 0.3704  data: 0.0002  max mem: 41183
Epoch: [36]  [15360/71874]  eta: 5:50:47  lr: 0.00035673193324548566  img/s: 43.11634349742364  loss: 3.2702 (3.2846)  acc1: 43.7500 (48.7871)  acc5: 68.7500 (72.8415)  time: 0.3721  data: 0.0002  max mem: 41183
Epoch: [36]  [18432/71874]  eta: 5:31:45  lr: 0.00035673193324548566  img/s: 43.110665428977974  loss: 3.2255 (3.2876)  acc1: 50.0000 (48.7261)  acc5: 68.7500 (72.7720)  time: 0.3710  data: 0.0002  max mem: 41183
Epoch: [36]  [21504/71874]  eta: 5:12:46  lr: 0.00035673193324548566  img/s: 42.89871614900956  loss: 3.0643 (3.2896)  acc1: 43.7500 (48.6733)  acc5: 75.0000 (72.7159)  time: 0.3722  data: 0.0002  max mem: 41183
Epoch: [36]  [24576/71874]  eta: 4:53:47  lr: 0.00035673193324548566  img/s: 42.828191650945925  loss: 3.1441 (3.2928)  acc1: 50.0000 (48.6240)  acc5: 75.0000 (72.6635)  time: 0.3726  data: 0.0002  max mem: 41183
Epoch: [36]  [27648/71874]  eta: 4:34:48  lr: 0.00035673193324548566  img/s: 42.818900612018844  loss: 3.2154 (3.2956)  acc1: 50.0000 (48.5716)  acc5: 68.7500 (72.5878)  time: 0.3732  data: 0.0002  max mem: 41183
Epoch: [36]  [30720/71874]  eta: 4:15:47  lr: 0.00035673193324548566  img/s: 42.74104196666894  loss: 3.2297 (3.2978)  acc1: 50.0000 (48.5049)  acc5: 75.0000 (72.5353)  time: 0.3732  data: 0.0002  max mem: 41183
Epoch: [36]  [33792/71874]  eta: 3:56:46  lr: 0.00035673193324548566  img/s: 42.14618460981933  loss: 3.2734 (3.2993)  acc1: 43.7500 (48.4843)  acc5: 68.7500 (72.5048)  time: 0.3772  data: 0.0002  max mem: 41183
Epoch: [36]  [36864/71874]  eta: 3:37:40  lr: 0.00035673193324548566  img/s: 43.18782096990509  loss: 3.4513 (3.3010)  acc1: 50.0000 (48.4442)  acc5: 68.7500 (72.4476)  time: 0.3730  data: 0.0002  max mem: 41183
Epoch: [36]  [39936/71874]  eta: 3:18:36  lr: 0.00035673193324548566  img/s: 43.059878691126926  loss: 3.2670 (3.3046)  acc1: 50.0000 (48.3541)  acc5: 75.0000 (72.3655)  time: 0.3782  data: 0.0002  max mem: 41183
Epoch: [36]  [43008/71874]  eta: 2:59:30  lr: 0.00035673193324548566  img/s: 42.95580361229155  loss: 3.0679 (3.3064)  acc1: 50.0000 (48.3153)  acc5: 68.7500 (72.3192)  time: 0.3725  data: 0.0002  max mem: 41183
Epoch: [36]  [46080/71874]  eta: 2:40:25  lr: 0.00035673193324548566  img/s: 42.50619393692179  loss: 3.5891 (3.3070)  acc1: 37.5000 (48.2723)  acc5: 68.7500 (72.2879)  time: 0.3719  data: 0.0002  max mem: 41183
Epoch: [36]  [49152/71874]  eta: 2:21:20  lr: 0.00035673193324548566  img/s: 43.1988856030888  loss: 3.1408 (3.3087)  acc1: 50.0000 (48.2368)  acc5: 75.0000 (72.2631)  time: 0.3722  data: 0.0002  max mem: 41183
Epoch: [36]  [52224/71874]  eta: 2:02:14  lr: 0.00035673193324548566  img/s: 43.119640233085164  loss: 3.1141 (3.3109)  acc1: 43.7500 (48.1692)  acc5: 75.0000 (72.2112)  time: 0.3721  data: 0.0002  max mem: 41183
Epoch: [36]  [55296/71874]  eta: 1:43:08  lr: 0.00035673193324548566  img/s: 43.001191827905174  loss: 2.8379 (3.3123)  acc1: 56.2500 (48.1334)  acc5: 75.0000 (72.1730)  time: 0.3727  data: 0.0002  max mem: 41183
Epoch: [36]  [58368/71874]  eta: 1:24:01  lr: 0.00035673193324548566  img/s: 42.85836065113113  loss: 3.2380 (3.3132)  acc1: 43.7500 (48.1138)  acc5: 75.0000 (72.1518)  time: 0.3728  data: 0.0002  max mem: 41183
Epoch: [36]  [61440/71874]  eta: 1:04:54  lr: 0.00035673193324548566  img/s: 42.8515463469891  loss: 3.1398 (3.3150)  acc1: 43.7500 (48.0669)  acc5: 75.0000 (72.1308)  time: 0.3725  data: 0.0002  max mem: 41183
Epoch: [36]  [64512/71874]  eta: 0:45:48  lr: 0.00035673193324548566  img/s: 43.072094188987705  loss: 3.0436 (3.3170)  acc1: 50.0000 (48.0232)  acc5: 75.0000 (72.1009)  time: 0.3723  data: 0.0002  max mem: 41183
Epoch: [36]  [67584/71874]  eta: 0:26:41  lr: 0.00035673193324548566  img/s: 42.965511766257514  loss: 3.4318 (3.3205)  acc1: 43.7500 (47.9679)  acc5: 68.7500 (72.0505)  time: 0.3775  data: 0.0002  max mem: 41183
Epoch: [36]  [70656/71874]  eta: 0:07:34  lr: 0.00035673193324548566  img/s: 43.1482515693023  loss: 3.3141 (3.3229)  acc1: 43.7500 (47.9108)  acc5: 75.0000 (71.9971)  time: 0.3718  data: 0.0002  max mem: 41183
Epoch: [36] Total time: 7:27:06
Test:  [   0/7958]  eta: 1:40:31  loss: 0.7441 (0.7441)  acc1: 87.5000 (87.5000)  acc5: 93.7500 (93.7500)  time: 0.7580  data: 0.5486  max mem: 41183
Test:  [ 100/7958]  eta: 0:28:24  loss: 1.1720 (1.2710)  acc1: 68.7500 (72.4010)  acc5: 87.5000 (88.1188)  time: 0.2118  data: 0.0003  max mem: 41183
Test:  [ 200/7958]  eta: 0:27:42  loss: 1.8660 (1.4923)  acc1: 50.0000 (66.1381)  acc5: 81.2500 (85.2923)  time: 0.2120  data: 0.0003  max mem: 41183
Test:  [ 300/7958]  eta: 0:27:13  loss: 1.2995 (1.4855)  acc1: 68.7500 (65.5316)  acc5: 87.5000 (85.7143)  time: 0.2115  data: 0.0003  max mem: 41183
Test:  [ 400/7958]  eta: 0:26:49  loss: 0.6516 (1.3792)  acc1: 81.2500 (67.5187)  acc5: 93.7500 (87.1883)  time: 0.2113  data: 0.0003  max mem: 41183
Test:  [ 500/7958]  eta: 0:26:25  loss: 1.3346 (1.3928)  acc1: 56.2500 (67.3777)  acc5: 87.5000 (87.2255)  time: 0.2113  data: 0.0003  max mem: 41183
Test:  [ 600/7958]  eta: 0:26:03  loss: 2.0783 (1.4999)  acc1: 43.7500 (64.7879)  acc5: 75.0000 (85.7737)  time: 0.2113  data: 0.0003  max mem: 41183
Test:  [ 700/7958]  eta: 0:25:40  loss: 2.1804 (1.6075)  acc1: 43.7500 (61.7154)  acc5: 75.0000 (84.4508)  time: 0.2112  data: 0.0003  max mem: 41183
Test:  [ 800/7958]  eta: 0:25:19  loss: 1.3172 (1.6228)  acc1: 62.5000 (61.2360)  acc5: 87.5000 (84.3321)  time: 0.2116  data: 0.0003  max mem: 41183
Test:  [ 900/7958]  eta: 0:24:57  loss: 2.0499 (1.6610)  acc1: 56.2500 (60.1901)  acc5: 81.2500 (83.9623)  time: 0.2116  data: 0.0003  max mem: 41183
Test:  [1000/7958]  eta: 0:24:35  loss: 2.2018 (1.7169)  acc1: 56.2500 (58.6663)  acc5: 75.0000 (83.2355)  time: 0.2121  data: 0.0003  max mem: 41183
Test:  [1100/7958]  eta: 0:24:14  loss: 1.5309 (1.7518)  acc1: 68.7500 (58.1857)  acc5: 87.5000 (82.7713)  time: 0.2121  data: 0.0003  max mem: 41183
Test:  [1200/7958]  eta: 0:23:52  loss: 2.9460 (1.7933)  acc1: 31.2500 (57.1139)  acc5: 68.7500 (82.3532)  time: 0.2117  data: 0.0003  max mem: 41183
Test:  [1300/7958]  eta: 0:23:31  loss: 1.8230 (1.8080)  acc1: 62.5000 (56.6728)  acc5: 81.2500 (82.1916)  time: 0.2113  data: 0.0003  max mem: 41183
Test:  [1400/7958]  eta: 0:23:10  loss: 2.8020 (1.8227)  acc1: 18.7500 (56.2901)  acc5: 75.0000 (82.0173)  time: 0.2113  data: 0.0003  max mem: 41183
Test:  [1500/7958]  eta: 0:22:48  loss: 1.9723 (1.8307)  acc1: 43.7500 (55.9211)  acc5: 81.2500 (81.9912)  time: 0.2115  data: 0.0003  max mem: 41183
Test:  [1600/7958]  eta: 0:22:27  loss: 1.1687 (1.8110)  acc1: 62.5000 (56.2266)  acc5: 93.7500 (82.3821)  time: 0.2111  data: 0.0003  max mem: 41183
Test:  [1700/7958]  eta: 0:22:06  loss: 0.6101 (1.7837)  acc1: 81.2500 (56.6689)  acc5: 100.0000 (82.8447)  time: 0.2119  data: 0.0003  max mem: 41183
Test:  [1800/7958]  eta: 0:21:44  loss: 0.8438 (1.7502)  acc1: 81.2500 (57.6104)  acc5: 93.7500 (83.1934)  time: 0.2116  data: 0.0003  max mem: 41183
Test:  [1900/7958]  eta: 0:21:23  loss: 2.4085 (1.7595)  acc1: 31.2500 (57.3350)  acc5: 75.0000 (83.1635)  time: 0.2118  data: 0.0003  max mem: 41183
Test:  [2000/7958]  eta: 0:21:02  loss: 0.7349 (1.7339)  acc1: 75.0000 (58.0335)  acc5: 100.0000 (83.4395)  time: 0.2117  data: 0.0003  max mem: 41183
Test:  [2100/7958]  eta: 0:20:40  loss: 1.3675 (1.7201)  acc1: 62.5000 (58.4484)  acc5: 93.7500 (83.6030)  time: 0.2115  data: 0.0003  max mem: 41183
Test:  [2200/7958]  eta: 0:20:19  loss: 1.3576 (1.7138)  acc1: 68.7500 (58.5728)  acc5: 87.5000 (83.7432)  time: 0.2114  data: 0.0003  max mem: 41183
Test:  [2300/7958]  eta: 0:19:58  loss: 2.2971 (1.7105)  acc1: 37.5000 (58.5072)  acc5: 75.0000 (83.8576)  time: 0.2112  data: 0.0003  max mem: 41183
Test:  [2400/7958]  eta: 0:19:37  loss: 1.2176 (1.7125)  acc1: 68.7500 (58.5199)  acc5: 87.5000 (83.7906)  time: 0.2115  data: 0.0003  max mem: 41183
Test:  [2500/7958]  eta: 0:19:15  loss: 1.6264 (1.7174)  acc1: 43.7500 (58.2442)  acc5: 87.5000 (83.7665)  time: 0.2113  data: 0.0003  max mem: 41183
Test:  [2600/7958]  eta: 0:18:54  loss: 1.7012 (1.7076)  acc1: 56.2500 (58.4511)  acc5: 87.5000 (83.8932)  time: 0.2119  data: 0.0003  max mem: 41183
Test:  [2700/7958]  eta: 0:18:33  loss: 1.2198 (1.6932)  acc1: 75.0000 (58.7884)  acc5: 87.5000 (84.0499)  time: 0.2115  data: 0.0003  max mem: 41183
Test:  [2800/7958]  eta: 0:18:12  loss: 1.9417 (1.6896)  acc1: 56.2500 (58.8674)  acc5: 75.0000 (84.1106)  time: 0.2119  data: 0.0003  max mem: 41183
Test:  [2900/7958]  eta: 0:17:51  loss: 0.7659 (1.6955)  acc1: 81.2500 (58.8008)  acc5: 87.5000 (83.9904)  time: 0.2116  data: 0.0003  max mem: 41183
Test:  [3000/7958]  eta: 0:17:29  loss: 1.6772 (1.7063)  acc1: 56.2500 (58.6159)  acc5: 87.5000 (83.8366)  time: 0.2113  data: 0.0003  max mem: 41183
Test:  [3100/7958]  eta: 0:17:08  loss: 1.3736 (1.7057)  acc1: 62.5000 (58.6867)  acc5: 81.2500 (83.8520)  time: 0.2112  data: 0.0003  max mem: 41183
Test:  [3200/7958]  eta: 0:16:47  loss: 2.3518 (1.7051)  acc1: 50.0000 (58.7609)  acc5: 75.0000 (83.8273)  time: 0.2115  data: 0.0003  max mem: 41183
Test:  [3300/7958]  eta: 0:16:26  loss: 1.6504 (1.7246)  acc1: 62.5000 (58.4861)  acc5: 81.2500 (83.5296)  time: 0.2111  data: 0.0003  max mem: 41183
Test:  [3400/7958]  eta: 0:16:05  loss: 1.5829 (1.7242)  acc1: 62.5000 (58.6243)  acc5: 87.5000 (83.4975)  time: 0.2115  data: 0.0003  max mem: 41183
Test:  [3500/7958]  eta: 0:15:43  loss: 1.1201 (1.7193)  acc1: 75.0000 (58.7707)  acc5: 87.5000 (83.5779)  time: 0.2119  data: 0.0003  max mem: 41183
Test:  [3600/7958]  eta: 0:15:22  loss: 2.1050 (1.7236)  acc1: 43.7500 (58.6261)  acc5: 81.2500 (83.5046)  time: 0.2118  data: 0.0003  max mem: 41183
Test:  [3700/7958]  eta: 0:15:01  loss: 1.9148 (1.7223)  acc1: 50.0000 (58.6970)  acc5: 81.2500 (83.5061)  time: 0.2119  data: 0.0003  max mem: 41183
Test:  [3800/7958]  eta: 0:14:40  loss: 2.2478 (1.7304)  acc1: 50.0000 (58.5553)  acc5: 81.2500 (83.4123)  time: 0.2113  data: 0.0003  max mem: 41183
Test:  [3900/7958]  eta: 0:14:19  loss: 1.7174 (1.7260)  acc1: 56.2500 (58.6997)  acc5: 87.5000 (83.4994)  time: 0.2112  data: 0.0003  max mem: 41183
Test:  [4000/7958]  eta: 0:13:57  loss: 1.6661 (1.7266)  acc1: 56.2500 (58.7228)  acc5: 87.5000 (83.4635)  time: 0.2113  data: 0.0003  max mem: 41183
Test:  [4100/7958]  eta: 0:13:36  loss: 1.2907 (1.7251)  acc1: 68.7500 (58.7585)  acc5: 87.5000 (83.4644)  time: 0.2113  data: 0.0003  max mem: 41183
Test:  [4200/7958]  eta: 0:13:15  loss: 1.5178 (1.7242)  acc1: 62.5000 (58.8342)  acc5: 81.2500 (83.4519)  time: 0.2115  data: 0.0003  max mem: 41183
Test:  [4300/7958]  eta: 0:12:54  loss: 1.7133 (1.7217)  acc1: 50.0000 (58.8962)  acc5: 81.2500 (83.4791)  time: 0.2117  data: 0.0003  max mem: 41183
Test:  [4400/7958]  eta: 0:12:33  loss: 1.6107 (1.7347)  acc1: 50.0000 (58.6628)  acc5: 87.5000 (83.2708)  time: 0.2122  data: 0.0003  max mem: 41183
Test:  [4500/7958]  eta: 0:12:11  loss: 1.5891 (1.7394)  acc1: 62.5000 (58.5773)  acc5: 81.2500 (83.2162)  time: 0.2118  data: 0.0003  max mem: 41183
Test:  [4600/7958]  eta: 0:11:50  loss: 2.0833 (1.7421)  acc1: 50.0000 (58.5742)  acc5: 75.0000 (83.1558)  time: 0.2117  data: 0.0003  max mem: 41183
Test:  [4700/7958]  eta: 0:11:29  loss: 1.5462 (1.7522)  acc1: 62.5000 (58.3254)  acc5: 81.2500 (82.9917)  time: 0.2112  data: 0.0003  max mem: 41183
Test:  [4800/7958]  eta: 0:11:08  loss: 1.3114 (1.7553)  acc1: 62.5000 (58.2327)  acc5: 87.5000 (82.9671)  time: 0.2113  data: 0.0003  max mem: 41183
Test:  [4900/7958]  eta: 0:10:47  loss: 1.8252 (1.7568)  acc1: 62.5000 (58.2751)  acc5: 75.0000 (82.9193)  time: 0.2115  data: 0.0003  max mem: 41183
Test:  [5000/7958]  eta: 0:10:26  loss: 2.4428 (1.7588)  acc1: 37.5000 (58.2184)  acc5: 81.2500 (82.8959)  time: 0.2115  data: 0.0003  max mem: 41183
Test:  [5100/7958]  eta: 0:10:04  loss: 2.3410 (1.7595)  acc1: 37.5000 (58.1467)  acc5: 81.2500 (82.8992)  time: 0.2114  data: 0.0003  max mem: 41183
Test:  [5200/7958]  eta: 0:09:43  loss: 0.7032 (1.7606)  acc1: 87.5000 (58.2088)  acc5: 93.7500 (82.8362)  time: 0.2118  data: 0.0003  max mem: 41183
Test:  [5300/7958]  eta: 0:09:22  loss: 1.9555 (1.7613)  acc1: 50.0000 (58.2166)  acc5: 81.2500 (82.8287)  time: 0.2119  data: 0.0003  max mem: 41183
Test:  [5400/7958]  eta: 0:09:01  loss: 1.8025 (1.7611)  acc1: 56.2500 (58.2566)  acc5: 81.2500 (82.8284)  time: 0.2120  data: 0.0003  max mem: 41183
Test:  [5500/7958]  eta: 0:08:40  loss: 1.0623 (1.7630)  acc1: 75.0000 (58.2883)  acc5: 93.7500 (82.7634)  time: 0.2116  data: 0.0003  max mem: 41183
Test:  [5600/7958]  eta: 0:08:19  loss: 2.5075 (1.7672)  acc1: 37.5000 (58.2474)  acc5: 68.7500 (82.6951)  time: 0.2111  data: 0.0003  max mem: 41183
Test:  [5700/7958]  eta: 0:07:57  loss: 2.1753 (1.7719)  acc1: 50.0000 (58.1499)  acc5: 75.0000 (82.6291)  time: 0.2116  data: 0.0003  max mem: 41183
Test:  [5800/7958]  eta: 0:07:36  loss: 2.5598 (1.7738)  acc1: 31.2500 (58.1150)  acc5: 75.0000 (82.6043)  time: 0.2111  data: 0.0003  max mem: 41183
Test:  [5900/7958]  eta: 0:07:15  loss: 1.3435 (1.7707)  acc1: 68.7500 (58.2380)  acc5: 87.5000 (82.6068)  time: 0.2114  data: 0.0003  max mem: 41183
Test:  [6000/7958]  eta: 0:06:54  loss: 1.9919 (1.7732)  acc1: 56.2500 (58.2351)  acc5: 75.0000 (82.5758)  time: 0.2113  data: 0.0003  max mem: 41183
Test:  [6100/7958]  eta: 0:06:33  loss: 1.5080 (1.7727)  acc1: 62.5000 (58.2999)  acc5: 87.5000 (82.5520)  time: 0.2121  data: 0.0003  max mem: 41183
Test:  [6200/7958]  eta: 0:06:12  loss: 1.3306 (1.7721)  acc1: 62.5000 (58.3535)  acc5: 87.5000 (82.5381)  time: 0.2121  data: 0.0003  max mem: 41183
Test:  [6300/7958]  eta: 0:05:50  loss: 1.4960 (1.7684)  acc1: 56.2500 (58.4461)  acc5: 87.5000 (82.5901)  time: 0.2116  data: 0.0002  max mem: 41183
Test:  [6400/7958]  eta: 0:05:29  loss: 0.6010 (1.7703)  acc1: 81.2500 (58.4049)  acc5: 93.7500 (82.5496)  time: 0.2115  data: 0.0003  max mem: 41183
Test:  [6500/7958]  eta: 0:05:08  loss: 1.4377 (1.7713)  acc1: 68.7500 (58.4045)  acc5: 87.5000 (82.5335)  time: 0.2110  data: 0.0003  max mem: 41183
Test:  [6600/7958]  eta: 0:04:47  loss: 2.0761 (1.7782)  acc1: 50.0000 (58.2639)  acc5: 75.0000 (82.4108)  time: 0.2114  data: 0.0003  max mem: 41183
Test:  [6700/7958]  eta: 0:04:26  loss: 1.4374 (1.7776)  acc1: 68.7500 (58.2721)  acc5: 87.5000 (82.4308)  time: 0.2113  data: 0.0003  max mem: 41183
Test:  [6800/7958]  eta: 0:04:05  loss: 1.5981 (1.7729)  acc1: 62.5000 (58.4041)  acc5: 81.2500 (82.4915)  time: 0.2113  data: 0.0003  max mem: 41183
Test:  [6900/7958]  eta: 0:03:43  loss: 1.8603 (1.7695)  acc1: 43.7500 (58.4607)  acc5: 81.2500 (82.5351)  time: 0.2119  data: 0.0003  max mem: 41183
Test:  [7000/7958]  eta: 0:03:22  loss: 1.0647 (1.7682)  acc1: 75.0000 (58.5336)  acc5: 93.7500 (82.5302)  time: 0.2117  data: 0.0003  max mem: 41183
Test:  [7100/7958]  eta: 0:03:01  loss: 0.6436 (1.7697)  acc1: 75.0000 (58.5138)  acc5: 93.7500 (82.5130)  time: 0.2118  data: 0.0003  max mem: 41183
Test:  [7200/7958]  eta: 0:02:40  loss: 2.8212 (1.7790)  acc1: 31.2500 (58.3131)  acc5: 62.5000 (82.3792)  time: 0.2119  data: 0.0003  max mem: 41183
Test:  [7300/7958]  eta: 0:02:19  loss: 2.3587 (1.7744)  acc1: 37.5000 (58.4329)  acc5: 75.0000 (82.4219)  time: 0.2113  data: 0.0003  max mem: 41183
Test:  [7400/7958]  eta: 0:01:58  loss: 1.9552 (1.7783)  acc1: 50.0000 (58.3730)  acc5: 81.2500 (82.3537)  time: 0.2114  data: 0.0003  max mem: 41183
Test:  [7500/7958]  eta: 0:01:36  loss: 1.8561 (1.7796)  acc1: 50.0000 (58.3214)  acc5: 87.5000 (82.3140)  time: 0.2116  data: 0.0003  max mem: 41183
Test:  [7600/7958]  eta: 0:01:15  loss: 1.1889 (1.7804)  acc1: 75.0000 (58.3361)  acc5: 87.5000 (82.2729)  time: 0.2113  data: 0.0003  max mem: 41183
Test:  [7700/7958]  eta: 0:00:54  loss: 1.7046 (1.7847)  acc1: 56.2500 (58.2465)  acc5: 87.5000 (82.1866)  time: 0.2115  data: 0.0003  max mem: 41183
Test:  [7800/7958]  eta: 0:00:33  loss: 0.6484 (1.7841)  acc1: 87.5000 (58.2273)  acc5: 93.7500 (82.2178)  time: 0.2117  data: 0.0003  max mem: 41183
Test:  [7900/7958]  eta: 0:00:12  loss: 0.7033 (1.7810)  acc1: 87.5000 (58.3289)  acc5: 93.7500 (82.2348)  time: 0.2120  data: 0.0003  max mem: 41183
Test: Total time: 0:28:04
 * Acc@1 = 58.31945840663483, Acc@5 = 82.21051143503392, loss = 1.7829126765112178
Namespace(model='QKFormer_10_768', dataset='es-imagenet', num_classes=1000, data_path='/model/es-imagenet', device='cuda', batch_size=16, workers=4, print_freq=3072, output_dir='./logs4', resume='', sync_bn=False, test_only=False, amp=True, world_size=1, dist_url='env://', tb=True, T=8, opt='adamw', opt_eps=1e-08, opt_betas=None, weight_decay=0.01, momentum=0.9, connect_f='ADD', T_train=None, sched='cosine', lr=0.0005, lr_noise=None, lr_noise_pct=0.67, lr_noise_std=1.0, lr_cycle_mul=1.0, lr_cycle_limit=1, warmup_lr=1e-05, min_lr=1e-06, epochs=100, epoch_repeats=0.0, start_epoch=0, decay_epochs=20, warmup_epochs=20, cooldown_epochs=10, patience_epochs=10, decay_rate=0.1, smoothing=0.1, mixup=0.5, cutmix=0.0, cutmix_minmax=None, mixup_prob=0.5, mixup_switch_prob=0.5, mixup_mode='batch', mixup_off_epoch=0, grad_clip=5.0, distributed=False)
Training time 12 days, 13:28:32 max_test_acc1 58.31945840663483 test_acc5_at_max_test_acc1 82.21051143503392
./logs4/QKFormer_10_768_b16_T8_wd0.01_adamw_cnf_ADD/lr0.0005
Epoch: [37]  [    0/71874]  eta: 19:05:26  lr: 0.00034958839871337776  img/s: 42.67597316665405  loss: 4.8881 (4.8881)  acc1: 25.0000 (25.0000)  acc5: 43.7500 (43.7500)  time: 0.9562  data: 0.5813  max mem: 41183
Epoch: [37]  [ 3072/71874]  eta: 7:08:11  lr: 0.00034958839871337776  img/s: 43.03811801404358  loss: 3.4283 (3.2395)  acc1: 43.7500 (49.4102)  acc5: 68.7500 (73.5600)  time: 0.3728  data: 0.0002  max mem: 41183
Epoch: [37]  [ 6144/71874]  eta: 6:48:39  lr: 0.00034958839871337776  img/s: 42.92618375225077  loss: 2.8253 (3.2476)  acc1: 50.0000 (49.3226)  acc5: 75.0000 (73.3991)  time: 0.3748  data: 0.0002  max mem: 41183
Epoch: [37]  [ 9216/71874]  eta: 6:29:34  lr: 0.00034958839871337776  img/s: 42.960285869021085  loss: 3.2082 (3.2523)  acc1: 50.0000 (49.2616)  acc5: 81.2500 (73.3129)  time: 0.3724  data: 0.0002  max mem: 41183
Epoch: [37]  [12288/71874]  eta: 6:10:31  lr: 0.00034958839871337776  img/s: 43.04214815446691  loss: 3.1149 (3.2537)  acc1: 43.7500 (49.2641)  acc5: 68.7500 (73.2444)  time: 0.3776  data: 0.0002  max mem: 41183
Epoch: [37]  [15360/71874]  eta: 5:51:24  lr: 0.00034958839871337776  img/s: 42.9335711534746  loss: 3.1580 (3.2582)  acc1: 50.0000 (49.1810)  acc5: 68.7500 (73.1955)  time: 0.3713  data: 0.0002  max mem: 41183
Epoch: [37]  [18432/71874]  eta: 5:32:15  lr: 0.00034958839871337776  img/s: 43.06142597268431  loss: 3.1968 (3.2628)  acc1: 50.0000 (49.0666)  acc5: 68.7500 (73.1077)  time: 0.3726  data: 0.0002  max mem: 41183
Epoch: [37]  [21504/71874]  eta: 5:13:09  lr: 0.00034958839871337776  img/s: 42.811306816369495  loss: 2.9264 (3.2636)  acc1: 43.7500 (49.0392)  acc5: 75.0000 (73.1176)  time: 0.3775  data: 0.0002  max mem: 41183
Epoch: [37]  [24576/71874]  eta: 4:54:01  lr: 0.00034958839871337776  img/s: 43.14323075043877  loss: 3.1450 (3.2680)  acc1: 50.0000 (48.9698)  acc5: 75.0000 (73.0353)  time: 0.3722  data: 0.0002  max mem: 41183
Epoch: [37]  [27648/71874]  eta: 4:34:54  lr: 0.00034958839871337776  img/s: 42.626610990496346  loss: 3.0312 (3.2699)  acc1: 43.7500 (48.9423)  acc5: 75.0000 (73.0011)  time: 0.3769  data: 0.0002  max mem: 41183
Epoch: [37]  [30720/71874]  eta: 4:15:48  lr: 0.00034958839871337776  img/s: 43.10850538592433  loss: 3.0290 (3.2730)  acc1: 43.7500 (48.8790)  acc5: 75.0000 (72.9556)  time: 0.3725  data: 0.0002  max mem: 41183
Epoch: [37]  [33792/71874]  eta: 3:56:43  lr: 0.00034958839871337776  img/s: 43.01213345972487  loss: 3.5073 (3.2745)  acc1: 43.7500 (48.8418)  acc5: 68.7500 (72.9241)  time: 0.3781  data: 0.0002  max mem: 41183
Epoch: [37]  [36864/71874]  eta: 3:37:37  lr: 0.00034958839871337776  img/s: 42.88618767865553  loss: 3.3565 (3.2766)  acc1: 43.7500 (48.7927)  acc5: 75.0000 (72.8913)  time: 0.3721  data: 0.0001  max mem: 41183
Epoch: [37]  [39936/71874]  eta: 3:18:31  lr: 0.00034958839871337776  img/s: 43.13873796967445  loss: 2.9714 (3.2794)  acc1: 50.0000 (48.7303)  acc5: 75.0000 (72.8410)  time: 0.3764  data: 0.0002  max mem: 41183
Epoch: [37]  [43008/71874]  eta: 2:59:26  lr: 0.00034958839871337776  img/s: 43.197912355224034  loss: 3.1481 (3.2806)  acc1: 43.7500 (48.6618)  acc5: 68.7500 (72.7976)  time: 0.3715  data: 0.0002  max mem: 41183
Epoch: [37]  [46080/71874]  eta: 2:40:20  lr: 0.00034958839871337776  img/s: 43.25278850182076  loss: 2.7452 (3.2835)  acc1: 50.0000 (48.6209)  acc5: 81.2500 (72.7373)  time: 0.3708  data: 0.0002  max mem: 41183
Epoch: [37]  [49152/71874]  eta: 2:21:14  lr: 0.00034958839871337776  img/s: 42.42278871184508  loss: 2.9193 (3.2857)  acc1: 56.2500 (48.5684)  acc5: 75.0000 (72.6819)  time: 0.3729  data: 0.0002  max mem: 41183
Epoch: [37]  [52224/71874]  eta: 2:02:08  lr: 0.00034958839871337776  img/s: 43.06452086941623  loss: 3.2625 (3.2868)  acc1: 50.0000 (48.5361)  acc5: 68.7500 (72.6520)  time: 0.3722  data: 0.0001  max mem: 41183
Epoch: [37]  [55296/71874]  eta: 1:43:02  lr: 0.00034958839871337776  img/s: 42.99637045802705  loss: 3.3098 (3.2895)  acc1: 37.5000 (48.4895)  acc5: 68.7500 (72.6104)  time: 0.3712  data: 0.0002  max mem: 41183
Epoch: [37]  [58368/71874]  eta: 1:23:57  lr: 0.00034958839871337776  img/s: 43.1421213348505  loss: 2.9263 (3.2900)  acc1: 50.0000 (48.4610)  acc5: 75.0000 (72.5959)  time: 0.3723  data: 0.0002  max mem: 41183
Epoch: [37]  [61440/71874]  eta: 1:04:51  lr: 0.00034958839871337776  img/s: 42.855295314446714  loss: 3.0112 (3.2926)  acc1: 43.7500 (48.4087)  acc5: 75.0000 (72.5471)  time: 0.3778  data: 0.0002  max mem: 41183
Epoch: [37]  [64512/71874]  eta: 0:45:45  lr: 0.00034958839871337776  img/s: 43.1398194795235  loss: 3.1663 (3.2953)  acc1: 43.7500 (48.3662)  acc5: 68.7500 (72.4828)  time: 0.3717  data: 0.0002  max mem: 41183
Epoch: [37]  [67584/71874]  eta: 0:26:39  lr: 0.00034958839871337776  img/s: 43.04841569398223  loss: 3.4746 (3.2964)  acc1: 43.7500 (48.3425)  acc5: 68.7500 (72.4569)  time: 0.3764  data: 0.0002  max mem: 41183
Epoch: [37]  [70656/71874]  eta: 0:07:34  lr: 0.00034958839871337776  img/s: 42.88758546028086  loss: 3.0304 (3.2974)  acc1: 50.0000 (48.3159)  acc5: 75.0000 (72.4337)  time: 0.3718  data: 0.0002  max mem: 41183
Epoch: [37] Total time: 7:26:43
Test:  [   0/7958]  eta: 1:42:11  loss: 1.1058 (1.1058)  acc1: 75.0000 (75.0000)  acc5: 87.5000 (87.5000)  time: 0.7705  data: 0.5612  max mem: 41183
Test:  [ 100/7958]  eta: 0:28:27  loss: 1.3883 (1.4734)  acc1: 62.5000 (64.7277)  acc5: 87.5000 (86.4480)  time: 0.2119  data: 0.0003  max mem: 41183
Test:  [ 200/7958]  eta: 0:27:43  loss: 1.7455 (1.6428)  acc1: 56.2500 (61.8159)  acc5: 87.5000 (83.5199)  time: 0.2113  data: 0.0003  max mem: 41183
Test:  [ 300/7958]  eta: 0:27:14  loss: 1.1562 (1.6337)  acc1: 68.7500 (61.8563)  acc5: 93.7500 (83.9078)  time: 0.2114  data: 0.0003  max mem: 41183
Test:  [ 400/7958]  eta: 0:26:49  loss: 0.6573 (1.5315)  acc1: 81.2500 (64.1521)  acc5: 100.0000 (85.6608)  time: 0.2111  data: 0.0003  max mem: 41183
Test:  [ 500/7958]  eta: 0:26:26  loss: 1.3917 (1.5030)  acc1: 68.7500 (65.0574)  acc5: 87.5000 (85.9780)  time: 0.2113  data: 0.0003  max mem: 41183
Test:  [ 600/7958]  eta: 0:26:03  loss: 2.4789 (1.5828)  acc1: 31.2500 (63.0512)  acc5: 75.0000 (84.9730)  time: 0.2114  data: 0.0003  max mem: 41183
Test:  [ 700/7958]  eta: 0:25:41  loss: 1.9723 (1.6920)  acc1: 43.7500 (60.3513)  acc5: 75.0000 (83.7197)  time: 0.2120  data: 0.0003  max mem: 41183
Test:  [ 800/7958]  eta: 0:25:19  loss: 1.7951 (1.7493)  acc1: 56.2500 (59.0434)  acc5: 87.5000 (82.9744)  time: 0.2115  data: 0.0003  max mem: 41183
Test:  [ 900/7958]  eta: 0:24:57  loss: 2.5755 (1.8023)  acc1: 37.5000 (57.9009)  acc5: 75.0000 (82.2489)  time: 0.2117  data: 0.0004  max mem: 41183
Test:  [1000/7958]  eta: 0:24:35  loss: 2.4628 (1.8638)  acc1: 43.7500 (56.5435)  acc5: 68.7500 (81.4123)  time: 0.2114  data: 0.0004  max mem: 41183
Test:  [1100/7958]  eta: 0:24:13  loss: 1.8175 (1.8970)  acc1: 50.0000 (55.9037)  acc5: 81.2500 (81.0286)  time: 0.2114  data: 0.0003  max mem: 41183
Test:  [1200/7958]  eta: 0:23:52  loss: 2.6144 (1.9306)  acc1: 31.2500 (54.9854)  acc5: 68.7500 (80.5371)  time: 0.2114  data: 0.0003  max mem: 41183
Test:  [1300/7958]  eta: 0:23:31  loss: 1.9495 (1.9409)  acc1: 56.2500 (54.6455)  acc5: 81.2500 (80.5150)  time: 0.2116  data: 0.0003  max mem: 41183
Test:  [1400/7958]  eta: 0:23:09  loss: 2.0554 (1.9477)  acc1: 37.5000 (54.4299)  acc5: 81.2500 (80.4202)  time: 0.2115  data: 0.0003  max mem: 41183
Test:  [1500/7958]  eta: 0:22:48  loss: 1.8943 (1.9547)  acc1: 43.7500 (54.1889)  acc5: 75.0000 (80.3756)  time: 0.2117  data: 0.0003  max mem: 41183
Test:  [1600/7958]  eta: 0:22:27  loss: 1.0181 (1.9511)  acc1: 68.7500 (54.3098)  acc5: 93.7500 (80.4302)  time: 0.2120  data: 0.0003  max mem: 41183
Test:  [1700/7958]  eta: 0:22:06  loss: 0.8541 (1.9227)  acc1: 81.2500 (54.8611)  acc5: 93.7500 (80.8275)  time: 0.2120  data: 0.0003  max mem: 41183
Test:  [1800/7958]  eta: 0:21:44  loss: 1.0159 (1.8983)  acc1: 68.7500 (55.5212)  acc5: 93.7500 (81.1355)  time: 0.2118  data: 0.0003  max mem: 41183
Test:  [1900/7958]  eta: 0:21:23  loss: 1.5419 (1.8938)  acc1: 56.2500 (55.5694)  acc5: 87.5000 (81.2796)  time: 0.2113  data: 0.0003  max mem: 41183
Test:  [2000/7958]  eta: 0:21:02  loss: 0.4913 (1.8684)  acc1: 87.5000 (56.2625)  acc5: 93.7500 (81.5467)  time: 0.2115  data: 0.0003  max mem: 41183
Test:  [2100/7958]  eta: 0:20:40  loss: 1.3621 (1.8530)  acc1: 68.7500 (56.6099)  acc5: 93.7500 (81.7468)  time: 0.2115  data: 0.0003  max mem: 41183
Test:  [2200/7958]  eta: 0:20:19  loss: 1.6152 (1.8474)  acc1: 62.5000 (56.7838)  acc5: 87.5000 (81.8350)  time: 0.2115  data: 0.0003  max mem: 41183
Test:  [2300/7958]  eta: 0:19:58  loss: 2.0427 (1.8381)  acc1: 43.7500 (56.9182)  acc5: 81.2500 (82.0187)  time: 0.2114  data: 0.0003  max mem: 41183
Test:  [2400/7958]  eta: 0:19:37  loss: 1.7484 (1.8464)  acc1: 50.0000 (56.6821)  acc5: 81.2500 (81.8956)  time: 0.2121  data: 0.0003  max mem: 41183
Test:  [2500/7958]  eta: 0:19:16  loss: 2.5113 (1.8647)  acc1: 18.7500 (56.2375)  acc5: 75.0000 (81.6473)  time: 0.2121  data: 0.0003  max mem: 41183
Test:  [2600/7958]  eta: 0:18:54  loss: 1.8813 (1.8567)  acc1: 56.2500 (56.3557)  acc5: 81.2500 (81.7090)  time: 0.2117  data: 0.0003  max mem: 41183
Test:  [2700/7958]  eta: 0:18:33  loss: 1.1066 (1.8398)  acc1: 81.2500 (56.7452)  acc5: 87.5000 (81.9025)  time: 0.2119  data: 0.0003  max mem: 41183
Test:  [2800/7958]  eta: 0:18:12  loss: 1.9169 (1.8320)  acc1: 56.2500 (56.9127)  acc5: 81.2500 (82.0220)  time: 0.2114  data: 0.0003  max mem: 41183
Test:  [2900/7958]  eta: 0:17:51  loss: 1.2199 (1.8357)  acc1: 68.7500 (56.9243)  acc5: 87.5000 (81.9286)  time: 0.2115  data: 0.0003  max mem: 41183
Test:  [3000/7958]  eta: 0:17:30  loss: 1.2105 (1.8345)  acc1: 68.7500 (56.9102)  acc5: 93.7500 (81.9435)  time: 0.2112  data: 0.0003  max mem: 41183
Test:  [3100/7958]  eta: 0:17:08  loss: 2.3121 (1.8420)  acc1: 50.0000 (56.7821)  acc5: 75.0000 (81.8204)  time: 0.2115  data: 0.0003  max mem: 41183
Test:  [3200/7958]  eta: 0:16:47  loss: 2.3559 (1.8427)  acc1: 43.7500 (56.8221)  acc5: 75.0000 (81.8104)  time: 0.2114  data: 0.0003  max mem: 41183
Test:  [3300/7958]  eta: 0:16:26  loss: 1.8283 (1.8607)  acc1: 56.2500 (56.4658)  acc5: 81.2500 (81.5170)  time: 0.2120  data: 0.0003  max mem: 41183
Test:  [3400/7958]  eta: 0:16:05  loss: 1.7433 (1.8582)  acc1: 50.0000 (56.5606)  acc5: 81.2500 (81.5459)  time: 0.2116  data: 0.0003  max mem: 41183
Test:  [3500/7958]  eta: 0:15:43  loss: 1.1608 (1.8531)  acc1: 68.7500 (56.6499)  acc5: 87.5000 (81.6570)  time: 0.2121  data: 0.0003  max mem: 41183
Test:  [3600/7958]  eta: 0:15:22  loss: 1.8336 (1.8519)  acc1: 56.2500 (56.7082)  acc5: 81.2500 (81.6735)  time: 0.2114  data: 0.0003  max mem: 41183
Test:  [3700/7958]  eta: 0:15:01  loss: 2.6299 (1.8497)  acc1: 31.2500 (56.7448)  acc5: 68.7500 (81.7279)  time: 0.2113  data: 0.0003  max mem: 41183
Test:  [3800/7958]  eta: 0:14:40  loss: 2.3799 (1.8574)  acc1: 37.5000 (56.6265)  acc5: 81.2500 (81.6512)  time: 0.2114  data: 0.0003  max mem: 41183
Test:  [3900/7958]  eta: 0:14:19  loss: 1.5387 (1.8538)  acc1: 62.5000 (56.7771)  acc5: 87.5000 (81.7018)  time: 0.2113  data: 0.0003  max mem: 41183
Test:  [4000/7958]  eta: 0:13:58  loss: 1.9095 (1.8554)  acc1: 56.2500 (56.7561)  acc5: 81.2500 (81.6780)  time: 0.2113  data: 0.0003  max mem: 41183
Test:  [4100/7958]  eta: 0:13:36  loss: 1.2647 (1.8518)  acc1: 68.7500 (56.8931)  acc5: 87.5000 (81.6920)  time: 0.2119  data: 0.0003  max mem: 41183
Test:  [4200/7958]  eta: 0:13:15  loss: 2.2142 (1.8480)  acc1: 50.0000 (56.9983)  acc5: 75.0000 (81.7439)  time: 0.2120  data: 0.0003  max mem: 41183
Test:  [4300/7958]  eta: 0:12:54  loss: 2.1802 (1.8451)  acc1: 50.0000 (57.0580)  acc5: 75.0000 (81.8095)  time: 0.2121  data: 0.0003  max mem: 41183
Test:  [4400/7958]  eta: 0:12:33  loss: 1.8441 (1.8556)  acc1: 50.0000 (56.9217)  acc5: 87.5000 (81.6221)  time: 0.2119  data: 0.0003  max mem: 41183
Test:  [4500/7958]  eta: 0:12:12  loss: 1.7874 (1.8573)  acc1: 56.2500 (56.8554)  acc5: 75.0000 (81.6083)  time: 0.2115  data: 0.0003  max mem: 41183
Test:  [4600/7958]  eta: 0:11:50  loss: 2.6200 (1.8607)  acc1: 43.7500 (56.8504)  acc5: 68.7500 (81.5244)  time: 0.2111  data: 0.0003  max mem: 41183
Test:  [4700/7958]  eta: 0:11:29  loss: 1.6109 (1.8718)  acc1: 62.5000 (56.5983)  acc5: 81.2500 (81.3324)  time: 0.2112  data: 0.0003  max mem: 41183
Test:  [4800/7958]  eta: 0:11:08  loss: 1.3122 (1.8709)  acc1: 68.7500 (56.5715)  acc5: 87.5000 (81.3646)  time: 0.2114  data: 0.0003  max mem: 41183
Test:  [4900/7958]  eta: 0:10:47  loss: 2.0398 (1.8771)  acc1: 50.0000 (56.5063)  acc5: 75.0000 (81.2258)  time: 0.2113  data: 0.0003  max mem: 41183
Test:  [5000/7958]  eta: 0:10:26  loss: 1.8036 (1.8773)  acc1: 50.0000 (56.4062)  acc5: 87.5000 (81.2562)  time: 0.2119  data: 0.0003  max mem: 41183
Test:  [5100/7958]  eta: 0:10:05  loss: 2.4087 (1.8774)  acc1: 50.0000 (56.3799)  acc5: 75.0000 (81.2610)  time: 0.2118  data: 0.0003  max mem: 41183
Test:  [5200/7958]  eta: 0:09:43  loss: 0.5821 (1.8719)  acc1: 87.5000 (56.4831)  acc5: 100.0000 (81.3233)  time: 0.2120  data: 0.0003  max mem: 41183
Test:  [5300/7958]  eta: 0:09:22  loss: 2.0733 (1.8734)  acc1: 50.0000 (56.4870)  acc5: 75.0000 (81.3019)  time: 0.2117  data: 0.0003  max mem: 41183
Test:  [5400/7958]  eta: 0:09:01  loss: 2.0466 (1.8747)  acc1: 62.5000 (56.5127)  acc5: 81.2500 (81.2801)  time: 0.2114  data: 0.0003  max mem: 41183
Test:  [5500/7958]  eta: 0:08:40  loss: 1.2097 (1.8738)  acc1: 68.7500 (56.5818)  acc5: 87.5000 (81.2659)  time: 0.2113  data: 0.0003  max mem: 41183
Test:  [5600/7958]  eta: 0:08:19  loss: 2.0843 (1.8778)  acc1: 50.0000 (56.5680)  acc5: 81.2500 (81.1931)  time: 0.2112  data: 0.0003  max mem: 41183
Test:  [5700/7958]  eta: 0:07:57  loss: 1.9067 (1.8829)  acc1: 56.2500 (56.4682)  acc5: 75.0000 (81.1239)  time: 0.2115  data: 0.0003  max mem: 41183
Test:  [5800/7958]  eta: 0:07:36  loss: 2.2311 (1.8819)  acc1: 37.5000 (56.4612)  acc5: 81.2500 (81.1401)  time: 0.2116  data: 0.0003  max mem: 41183
Test:  [5900/7958]  eta: 0:07:15  loss: 1.9773 (1.8815)  acc1: 43.7500 (56.5042)  acc5: 81.2500 (81.1293)  time: 0.2120  data: 0.0003  max mem: 41183
Test:  [6000/7958]  eta: 0:06:54  loss: 1.8516 (1.8861)  acc1: 43.7500 (56.4198)  acc5: 81.2500 (81.0490)  time: 0.2117  data: 0.0003  max mem: 41183
Test:  [6100/7958]  eta: 0:06:33  loss: 1.8971 (1.8848)  acc1: 56.2500 (56.5041)  acc5: 81.2500 (81.0513)  time: 0.2123  data: 0.0003  max mem: 41183
Test:  [6200/7958]  eta: 0:06:12  loss: 2.2125 (1.8858)  acc1: 50.0000 (56.5393)  acc5: 81.2500 (81.0202)  time: 0.2118  data: 0.0003  max mem: 41183
Test:  [6300/7958]  eta: 0:05:50  loss: 1.5690 (1.8785)  acc1: 56.2500 (56.7112)  acc5: 87.5000 (81.1101)  time: 0.2114  data: 0.0003  max mem: 41183
Test:  [6400/7958]  eta: 0:05:29  loss: 0.6733 (1.8792)  acc1: 87.5000 (56.7333)  acc5: 93.7500 (81.0957)  time: 0.2115  data: 0.0003  max mem: 41183
Test:  [6500/7958]  eta: 0:05:08  loss: 1.0091 (1.8748)  acc1: 75.0000 (56.8595)  acc5: 93.7500 (81.1462)  time: 0.2114  data: 0.0003  max mem: 41183
Test:  [6600/7958]  eta: 0:04:47  loss: 2.9253 (1.8838)  acc1: 37.5000 (56.6903)  acc5: 68.7500 (80.9953)  time: 0.2111  data: 0.0003  max mem: 41183
Test:  [6700/7958]  eta: 0:04:26  loss: 1.0878 (1.8822)  acc1: 75.0000 (56.7182)  acc5: 93.7500 (81.0178)  time: 0.2117  data: 0.0003  max mem: 41183
Test:  [6800/7958]  eta: 0:04:05  loss: 1.9296 (1.8833)  acc1: 50.0000 (56.7132)  acc5: 81.2500 (81.0129)  time: 0.2121  data: 0.0003  max mem: 41183
Test:  [6900/7958]  eta: 0:03:43  loss: 1.4662 (1.8784)  acc1: 62.5000 (56.8568)  acc5: 81.2500 (81.0734)  time: 0.2120  data: 0.0003  max mem: 41183
Test:  [7000/7958]  eta: 0:03:22  loss: 1.2822 (1.8786)  acc1: 75.0000 (56.9044)  acc5: 87.5000 (81.0482)  time: 0.2118  data: 0.0003  max mem: 41183
Test:  [7100/7958]  eta: 0:03:01  loss: 0.8721 (1.8819)  acc1: 75.0000 (56.8344)  acc5: 87.5000 (81.0000)  time: 0.2113  data: 0.0003  max mem: 41183
Test:  [7200/7958]  eta: 0:02:40  loss: 2.4318 (1.8877)  acc1: 43.7500 (56.7126)  acc5: 81.2500 (80.9306)  time: 0.2114  data: 0.0003  max mem: 41183
Test:  [7300/7958]  eta: 0:02:19  loss: 1.7718 (1.8815)  acc1: 50.0000 (56.8681)  acc5: 87.5000 (81.0112)  time: 0.2114  data: 0.0003  max mem: 41183
Test:  [7400/7958]  eta: 0:01:58  loss: 2.3139 (1.8863)  acc1: 37.5000 (56.7558)  acc5: 75.0000 (80.9181)  time: 0.2113  data: 0.0003  max mem: 41183
Test:  [7500/7958]  eta: 0:01:36  loss: 2.1411 (1.8870)  acc1: 37.5000 (56.7091)  acc5: 81.2500 (80.8875)  time: 0.2115  data: 0.0003  max mem: 41183
Test:  [7600/7958]  eta: 0:01:15  loss: 1.0743 (1.8879)  acc1: 81.2500 (56.7294)  acc5: 81.2500 (80.8380)  time: 0.2119  data: 0.0003  max mem: 41183
Test:  [7700/7958]  eta: 0:00:54  loss: 1.5018 (1.8885)  acc1: 62.5000 (56.6745)  acc5: 81.2500 (80.8328)  time: 0.2118  data: 0.0003  max mem: 41183
Test:  [7800/7958]  eta: 0:00:33  loss: 1.0744 (1.8882)  acc1: 81.2500 (56.6282)  acc5: 93.7500 (80.8686)  time: 0.2118  data: 0.0003  max mem: 41183
Test:  [7900/7958]  eta: 0:00:12  loss: 1.4827 (1.8855)  acc1: 68.7500 (56.7151)  acc5: 87.5000 (80.8940)  time: 0.2117  data: 0.0003  max mem: 41183
Test: Total time: 0:28:04
 * Acc@1 = 56.76049258607691, Acc@5 = 80.88951369690876, loss = 1.8853186909816213
Namespace(model='QKFormer_10_768', dataset='es-imagenet', num_classes=1000, data_path='/model/es-imagenet', device='cuda', batch_size=16, workers=4, print_freq=3072, output_dir='./logs4', resume='', sync_bn=False, test_only=False, amp=True, world_size=1, dist_url='env://', tb=True, T=8, opt='adamw', opt_eps=1e-08, opt_betas=None, weight_decay=0.01, momentum=0.9, connect_f='ADD', T_train=None, sched='cosine', lr=0.0005, lr_noise=None, lr_noise_pct=0.67, lr_noise_std=1.0, lr_cycle_mul=1.0, lr_cycle_limit=1, warmup_lr=1e-05, min_lr=1e-06, epochs=100, epoch_repeats=0.0, start_epoch=0, decay_epochs=20, warmup_epochs=20, cooldown_epochs=10, patience_epochs=10, decay_rate=0.1, smoothing=0.1, mixup=0.5, cutmix=0.0, cutmix_minmax=None, mixup_prob=0.5, mixup_switch_prob=0.5, mixup_mode='batch', mixup_off_epoch=0, grad_clip=5.0, distributed=False)
Training time 12 days, 21:23:20 max_test_acc1 58.31945840663483 test_acc5_at_max_test_acc1 82.21051143503392
./logs4/QKFormer_10_768_b16_T8_wd0.01_adamw_cnf_ADD/lr0.0005
Epoch: [38]  [    0/71874]  eta: 21:18:41  lr: 0.0003423470758948272  img/s: 41.00061523347408  loss: 2.6525 (2.6525)  acc1: 56.2500 (56.2500)  acc5: 81.2500 (81.2500)  time: 1.0675  data: 0.6772  max mem: 41183
Epoch: [38]  [ 3072/71874]  eta: 7:08:13  lr: 0.0003423470758948272  img/s: 43.002486894304106  loss: 3.0684 (3.2032)  acc1: 56.2500 (50.3315)  acc5: 75.0000 (74.0400)  time: 0.3728  data: 0.0002  max mem: 41183
Epoch: [38]  [ 6144/71874]  eta: 6:48:50  lr: 0.0003423470758948272  img/s: 42.59214427880905  loss: 3.0584 (3.2163)  acc1: 56.2500 (50.0905)  acc5: 75.0000 (73.8171)  time: 0.3765  data: 0.0001  max mem: 41183
Epoch: [38]  [ 9216/71874]  eta: 6:29:27  lr: 0.0003423470758948272  img/s: 43.42688228404289  loss: 2.7878 (3.2213)  acc1: 56.2500 (49.9342)  acc5: 81.2500 (73.7170)  time: 0.3710  data: 0.0002  max mem: 41183
Epoch: [38]  [12288/71874]  eta: 6:10:20  lr: 0.0003423470758948272  img/s: 43.20094347153234  loss: 2.9239 (3.2259)  acc1: 56.2500 (49.7844)  acc5: 75.0000 (73.6599)  time: 0.3718  data: 0.0002  max mem: 41183
Epoch: [38]  [15360/71874]  eta: 5:51:14  lr: 0.0003423470758948272  img/s: 43.03019795123803  loss: 3.1494 (3.2324)  acc1: 56.2500 (49.6835)  acc5: 81.2500 (73.5300)  time: 0.3721  data: 0.0002  max mem: 41183
Epoch: [38]  [18432/71874]  eta: 5:32:06  lr: 0.0003423470758948272  img/s: 43.03047386260024  loss: 2.9676 (3.2379)  acc1: 50.0000 (49.6002)  acc5: 75.0000 (73.4535)  time: 0.3709  data: 0.0001  max mem: 41183
Epoch: [38]  [21504/71874]  eta: 5:12:57  lr: 0.0003423470758948272  img/s: 43.020377811340495  loss: 3.0265 (3.2446)  acc1: 43.7500 (49.4650)  acc5: 75.0000 (73.3411)  time: 0.3716  data: 0.0002  max mem: 41183
Epoch: [38]  [24576/71874]  eta: 4:53:54  lr: 0.0003423470758948272  img/s: 42.46584766709148  loss: 2.7076 (3.2489)  acc1: 56.2500 (49.3630)  acc5: 75.0000 (73.2519)  time: 0.3714  data: 0.0002  max mem: 41183
Epoch: [38]  [27648/71874]  eta: 4:34:47  lr: 0.0003423470758948272  img/s: 43.24626623292932  loss: 2.7869 (3.2524)  acc1: 56.2500 (49.2579)  acc5: 81.2500 (73.1941)  time: 0.3724  data: 0.0002  max mem: 41183
Epoch: [38]  [30720/71874]  eta: 4:15:41  lr: 0.0003423470758948272  img/s: 42.88103585876303  loss: 3.4716 (3.2568)  acc1: 37.5000 (49.1606)  acc5: 68.7500 (73.1177)  time: 0.3716  data: 0.0002  max mem: 41183
Epoch: [38]  [33792/71874]  eta: 3:56:35  lr: 0.0003423470758948272  img/s: 43.18195734494996  loss: 2.9137 (3.2576)  acc1: 50.0000 (49.1463)  acc5: 75.0000 (73.1000)  time: 0.3719  data: 0.0002  max mem: 41183
Epoch: [38]  [36864/71874]  eta: 3:37:30  lr: 0.0003423470758948272  img/s: 42.94079623860156  loss: 3.0916 (3.2581)  acc1: 50.0000 (49.1177)  acc5: 75.0000 (73.0874)  time: 0.3722  data: 0.0002  max mem: 41183
Epoch: [38]  [39936/71874]  eta: 3:18:24  lr: 0.0003423470758948272  img/s: 43.21827627578506  loss: 3.3314 (3.2617)  acc1: 43.7500 (49.0391)  acc5: 68.7500 (73.0180)  time: 0.3720  data: 0.0002  max mem: 41183
Epoch: [38]  [43008/71874]  eta: 2:59:19  lr: 0.0003423470758948272  img/s: 43.19702256698034  loss: 2.9164 (3.2657)  acc1: 50.0000 (48.9549)  acc5: 75.0000 (72.9464)  time: 0.3720  data: 0.0001  max mem: 41183
Epoch: [38]  [46080/71874]  eta: 2:40:13  lr: 0.0003423470758948272  img/s: 43.09582642189415  loss: 2.7298 (3.2675)  acc1: 56.2500 (48.9353)  acc5: 75.0000 (72.9139)  time: 0.3764  data: 0.0002  max mem: 41183
Epoch: [38]  [49152/71874]  eta: 2:21:08  lr: 0.0003423470758948272  img/s: 43.15355104885931  loss: 3.0507 (3.2687)  acc1: 50.0000 (48.8927)  acc5: 75.0000 (72.8900)  time: 0.3730  data: 0.0002  max mem: 41183
Epoch: [38]  [52224/71874]  eta: 2:02:03  lr: 0.0003423470758948272  img/s: 43.20870395516675  loss: 3.1005 (3.2704)  acc1: 43.7500 (48.8651)  acc5: 68.7500 (72.8656)  time: 0.3775  data: 0.0002  max mem: 41183
Epoch: [38]  [55296/71874]  eta: 1:42:59  lr: 0.0003423470758948272  img/s: 42.8913681497919  loss: 2.9554 (3.2721)  acc1: 50.0000 (48.8266)  acc5: 81.2500 (72.8334)  time: 0.3725  data: 0.0002  max mem: 41183
Epoch: [38]  [58368/71874]  eta: 1:23:55  lr: 0.0003423470758948272  img/s: 43.117313073228715  loss: 2.8894 (3.2758)  acc1: 56.2500 (48.7466)  acc5: 75.0000 (72.7816)  time: 0.3721  data: 0.0002  max mem: 41183
Epoch: [38]  [61440/71874]  eta: 1:04:50  lr: 0.0003423470758948272  img/s: 42.939367511797165  loss: 3.0648 (3.2788)  acc1: 50.0000 (48.6906)  acc5: 75.0000 (72.7261)  time: 0.3723  data: 0.0002  max mem: 41183
Epoch: [38]  [64512/71874]  eta: 0:45:44  lr: 0.0003423470758948272  img/s: 42.54127670364501  loss: 3.3264 (3.2808)  acc1: 43.7500 (48.6463)  acc5: 68.7500 (72.6755)  time: 0.3724  data: 0.0002  max mem: 41183
Epoch: [38]  [67584/71874]  eta: 0:26:39  lr: 0.0003423470758948272  img/s: 43.13862704865343  loss: 2.6999 (3.2831)  acc1: 56.2500 (48.6022)  acc5: 81.2500 (72.6297)  time: 0.3722  data: 0.0002  max mem: 41183
Epoch: [38]  [70656/71874]  eta: 0:07:34  lr: 0.0003423470758948272  img/s: 43.24269932831243  loss: 3.0999 (3.2840)  acc1: 50.0000 (48.5760)  acc5: 81.2500 (72.6050)  time: 0.3711  data: 0.0002  max mem: 41183
Epoch: [38] Total time: 7:26:55
Test:  [   0/7958]  eta: 2:01:45  loss: 0.3142 (0.3142)  acc1: 93.7500 (93.7500)  acc5: 100.0000 (100.0000)  time: 0.9180  data: 0.7089  max mem: 41183
Test:  [ 100/7958]  eta: 0:28:38  loss: 1.2261 (1.2895)  acc1: 68.7500 (71.0396)  acc5: 93.7500 (88.9233)  time: 0.2119  data: 0.0004  max mem: 41183
Test:  [ 200/7958]  eta: 0:27:49  loss: 1.6777 (1.4719)  acc1: 43.7500 (65.7338)  acc5: 87.5000 (86.7537)  time: 0.2114  data: 0.0003  max mem: 41183
Test:  [ 300/7958]  eta: 0:27:18  loss: 1.3051 (1.4620)  acc1: 68.7500 (65.6354)  acc5: 87.5000 (86.6279)  time: 0.2115  data: 0.0003  max mem: 41183
Test:  [ 400/7958]  eta: 0:26:52  loss: 1.2336 (1.4176)  acc1: 62.5000 (66.3965)  acc5: 93.7500 (87.7494)  time: 0.2112  data: 0.0003  max mem: 41183
Test:  [ 500/7958]  eta: 0:26:28  loss: 1.8685 (1.4239)  acc1: 50.0000 (66.2675)  acc5: 75.0000 (87.4376)  time: 0.2115  data: 0.0003  max mem: 41183
Test:  [ 600/7958]  eta: 0:26:05  loss: 2.0803 (1.5037)  acc1: 37.5000 (63.9559)  acc5: 81.2500 (86.6681)  time: 0.2118  data: 0.0003  max mem: 41183
Test:  [ 700/7958]  eta: 0:25:43  loss: 2.1760 (1.6192)  acc1: 43.7500 (61.0467)  acc5: 75.0000 (85.0481)  time: 0.2121  data: 0.0003  max mem: 41183
Test:  [ 800/7958]  eta: 0:25:21  loss: 1.0691 (1.6413)  acc1: 62.5000 (60.2372)  acc5: 93.7500 (84.7222)  time: 0.2120  data: 0.0004  max mem: 41183
Test:  [ 900/7958]  eta: 0:24:59  loss: 1.7626 (1.6863)  acc1: 50.0000 (59.0386)  acc5: 81.2500 (84.1357)  time: 0.2120  data: 0.0003  max mem: 41183
Test:  [1000/7958]  eta: 0:24:37  loss: 1.7133 (1.7311)  acc1: 56.2500 (57.9108)  acc5: 87.5000 (83.5602)  time: 0.2114  data: 0.0003  max mem: 41183
Test:  [1100/7958]  eta: 0:24:15  loss: 1.9029 (1.7685)  acc1: 56.2500 (57.1299)  acc5: 81.2500 (83.0836)  time: 0.2115  data: 0.0003  max mem: 41183
Test:  [1200/7958]  eta: 0:23:54  loss: 2.0477 (1.8091)  acc1: 50.0000 (56.1928)  acc5: 81.2500 (82.5354)  time: 0.2113  data: 0.0003  max mem: 41183
Test:  [1300/7958]  eta: 0:23:32  loss: 1.9640 (1.8157)  acc1: 50.0000 (55.9570)  acc5: 81.2500 (82.5135)  time: 0.2114  data: 0.0003  max mem: 41183
Test:  [1400/7958]  eta: 0:23:11  loss: 2.9306 (1.8203)  acc1: 25.0000 (55.7860)  acc5: 68.7500 (82.4322)  time: 0.2115  data: 0.0003  max mem: 41183
Test:  [1500/7958]  eta: 0:22:49  loss: 1.6810 (1.8314)  acc1: 56.2500 (55.6046)  acc5: 87.5000 (82.3076)  time: 0.2119  data: 0.0003  max mem: 41183
Test:  [1600/7958]  eta: 0:22:28  loss: 1.6287 (1.8361)  acc1: 43.7500 (55.5551)  acc5: 81.2500 (82.2416)  time: 0.2118  data: 0.0003  max mem: 41183
Test:  [1700/7958]  eta: 0:22:07  loss: 0.6511 (1.8193)  acc1: 81.2500 (56.0479)  acc5: 93.7500 (82.6058)  time: 0.2119  data: 0.0003  max mem: 41183
Test:  [1800/7958]  eta: 0:21:46  loss: 1.0898 (1.7922)  acc1: 68.7500 (56.8365)  acc5: 93.7500 (82.8637)  time: 0.2116  data: 0.0003  max mem: 41183
Test:  [1900/7958]  eta: 0:21:24  loss: 1.5165 (1.7778)  acc1: 56.2500 (57.0950)  acc5: 87.5000 (83.0977)  time: 0.2114  data: 0.0003  max mem: 41183
Test:  [2000/7958]  eta: 0:21:03  loss: 0.4840 (1.7494)  acc1: 87.5000 (57.8586)  acc5: 100.0000 (83.3583)  time: 0.2116  data: 0.0003  max mem: 41183
Test:  [2100/7958]  eta: 0:20:42  loss: 1.2019 (1.7289)  acc1: 68.7500 (58.3859)  acc5: 93.7500 (83.6268)  time: 0.2115  data: 0.0003  max mem: 41183
Test:  [2200/7958]  eta: 0:20:20  loss: 1.4652 (1.7242)  acc1: 62.5000 (58.5387)  acc5: 81.2500 (83.6807)  time: 0.2114  data: 0.0003  max mem: 41183
Test:  [2300/7958]  eta: 0:19:59  loss: 2.3604 (1.7249)  acc1: 43.7500 (58.4800)  acc5: 75.0000 (83.6729)  time: 0.2116  data: 0.0003  max mem: 41183
Test:  [2400/7958]  eta: 0:19:38  loss: 1.4779 (1.7202)  acc1: 62.5000 (58.6526)  acc5: 93.7500 (83.7255)  time: 0.2122  data: 0.0003  max mem: 41183
Test:  [2500/7958]  eta: 0:19:17  loss: 2.6660 (1.7327)  acc1: 31.2500 (58.2642)  acc5: 75.0000 (83.5791)  time: 0.2121  data: 0.0003  max mem: 41183
Test:  [2600/7958]  eta: 0:18:55  loss: 1.2557 (1.7139)  acc1: 62.5000 (58.5904)  acc5: 87.5000 (83.7995)  time: 0.2120  data: 0.0003  max mem: 41183
Test:  [2700/7958]  eta: 0:18:34  loss: 0.8675 (1.6958)  acc1: 75.0000 (58.9967)  acc5: 93.7500 (84.0244)  time: 0.2117  data: 0.0004  max mem: 41183
Test:  [2800/7958]  eta: 0:18:13  loss: 1.1257 (1.6819)  acc1: 68.7500 (59.2489)  acc5: 87.5000 (84.2110)  time: 0.2114  data: 0.0003  max mem: 41183
Test:  [2900/7958]  eta: 0:17:52  loss: 0.7872 (1.6914)  acc1: 75.0000 (59.1779)  acc5: 93.7500 (84.0249)  time: 0.2115  data: 0.0003  max mem: 41183
Test:  [3000/7958]  eta: 0:17:30  loss: 1.6615 (1.6925)  acc1: 50.0000 (59.1574)  acc5: 93.7500 (83.9949)  time: 0.2113  data: 0.0003  max mem: 41183
Test:  [3100/7958]  eta: 0:17:09  loss: 1.6216 (1.6970)  acc1: 68.7500 (59.0455)  acc5: 81.2500 (83.9225)  time: 0.2117  data: 0.0003  max mem: 41183
Test:  [3200/7958]  eta: 0:16:48  loss: 1.7854 (1.6974)  acc1: 62.5000 (59.0148)  acc5: 81.2500 (83.8839)  time: 0.2121  data: 0.0003  max mem: 41183
Test:  [3300/7958]  eta: 0:16:27  loss: 1.6529 (1.7093)  acc1: 50.0000 (58.8515)  acc5: 81.2500 (83.7133)  time: 0.2123  data: 0.0003  max mem: 41183
Test:  [3400/7958]  eta: 0:16:05  loss: 2.1044 (1.7102)  acc1: 50.0000 (58.9257)  acc5: 81.2500 (83.6372)  time: 0.2117  data: 0.0003  max mem: 41183
Test:  [3500/7958]  eta: 0:15:44  loss: 1.6175 (1.7138)  acc1: 56.2500 (58.8153)  acc5: 81.2500 (83.6297)  time: 0.2120  data: 0.0003  max mem: 41183
Test:  [3600/7958]  eta: 0:15:23  loss: 1.4431 (1.7137)  acc1: 62.5000 (58.8552)  acc5: 87.5000 (83.6295)  time: 0.2113  data: 0.0003  max mem: 41183
Test:  [3700/7958]  eta: 0:15:03  loss: 1.6376 (1.7105)  acc1: 56.2500 (58.9351)  acc5: 81.2500 (83.6480)  time: 0.2234  data: 0.0122  max mem: 41183
Test:  [3800/7958]  eta: 0:14:44  loss: 1.7448 (1.7153)  acc1: 50.0000 (58.7954)  acc5: 87.5000 (83.6014)  time: 0.2485  data: 0.0376  max mem: 41183
Test:  [3900/7958]  eta: 0:14:25  loss: 1.3421 (1.7086)  acc1: 62.5000 (59.0041)  acc5: 87.5000 (83.7029)  time: 0.2113  data: 0.0003  max mem: 41183
Test:  [4000/7958]  eta: 0:14:04  loss: 1.5019 (1.7123)  acc1: 56.2500 (58.9462)  acc5: 87.5000 (83.6432)  time: 0.2114  data: 0.0003  max mem: 41183
Test:  [4100/7958]  eta: 0:13:42  loss: 0.8185 (1.7108)  acc1: 81.2500 (59.0161)  acc5: 93.7500 (83.6519)  time: 0.2115  data: 0.0003  max mem: 41183
Test:  [4200/7958]  eta: 0:13:21  loss: 1.8743 (1.7074)  acc1: 62.5000 (59.1749)  acc5: 81.2500 (83.6572)  time: 0.2115  data: 0.0003  max mem: 41183
Test:  [4300/7958]  eta: 0:12:59  loss: 2.0890 (1.7031)  acc1: 43.7500 (59.3103)  acc5: 81.2500 (83.6797)  time: 0.2116  data: 0.0003  max mem: 41183
Test:  [4400/7958]  eta: 0:12:38  loss: 0.9643 (1.7129)  acc1: 62.5000 (59.1939)  acc5: 93.7500 (83.4768)  time: 0.2118  data: 0.0003  max mem: 41183
Test:  [4500/7958]  eta: 0:12:17  loss: 1.6517 (1.7150)  acc1: 62.5000 (59.1313)  acc5: 81.2500 (83.4634)  time: 0.2121  data: 0.0003  max mem: 41183
Test:  [4600/7958]  eta: 0:11:55  loss: 1.7839 (1.7092)  acc1: 50.0000 (59.3105)  acc5: 81.2500 (83.5090)  time: 0.2118  data: 0.0003  max mem: 41183
Test:  [4700/7958]  eta: 0:11:34  loss: 1.8634 (1.7150)  acc1: 62.5000 (59.1523)  acc5: 75.0000 (83.4051)  time: 0.2118  data: 0.0003  max mem: 41183
Test:  [4800/7958]  eta: 0:11:12  loss: 1.5264 (1.7192)  acc1: 56.2500 (59.0372)  acc5: 87.5000 (83.3811)  time: 0.2113  data: 0.0003  max mem: 41183
Test:  [4900/7958]  eta: 0:10:51  loss: 1.9491 (1.7195)  acc1: 50.0000 (59.0785)  acc5: 75.0000 (83.3503)  time: 0.2112  data: 0.0003  max mem: 41183
Test:  [5000/7958]  eta: 0:10:30  loss: 2.3307 (1.7192)  acc1: 37.5000 (59.0582)  acc5: 81.2500 (83.3883)  time: 0.2114  data: 0.0003  max mem: 41183
Test:  [5100/7958]  eta: 0:10:08  loss: 2.5904 (1.7197)  acc1: 50.0000 (59.0166)  acc5: 75.0000 (83.3844)  time: 0.2113  data: 0.0003  max mem: 41183
Test:  [5200/7958]  eta: 0:09:47  loss: 0.6047 (1.7160)  acc1: 81.2500 (59.1148)  acc5: 93.7500 (83.3986)  time: 0.2116  data: 0.0003  max mem: 41183
Test:  [5300/7958]  eta: 0:09:25  loss: 2.1047 (1.7203)  acc1: 43.7500 (59.0242)  acc5: 75.0000 (83.3215)  time: 0.2118  data: 0.0003  max mem: 41183
Test:  [5400/7958]  eta: 0:09:04  loss: 1.6800 (1.7190)  acc1: 62.5000 (59.1025)  acc5: 81.2500 (83.3376)  time: 0.2121  data: 0.0003  max mem: 41183
Test:  [5500/7958]  eta: 0:08:43  loss: 1.3224 (1.7206)  acc1: 68.7500 (59.1211)  acc5: 87.5000 (83.2860)  time: 0.2119  data: 0.0003  max mem: 41183
Test:  [5600/7958]  eta: 0:08:21  loss: 2.2752 (1.7260)  acc1: 37.5000 (59.0531)  acc5: 75.0000 (83.1883)  time: 0.2116  data: 0.0003  max mem: 41183
Test:  [5700/7958]  eta: 0:08:00  loss: 2.0197 (1.7233)  acc1: 56.2500 (59.1113)  acc5: 81.2500 (83.2310)  time: 0.2115  data: 0.0003  max mem: 41183
Test:  [5800/7958]  eta: 0:07:39  loss: 1.9718 (1.7250)  acc1: 56.2500 (59.0469)  acc5: 81.2500 (83.1926)  time: 0.2114  data: 0.0003  max mem: 41183
Test:  [5900/7958]  eta: 0:07:17  loss: 1.4405 (1.7208)  acc1: 68.7500 (59.1330)  acc5: 87.5000 (83.2338)  time: 0.2114  data: 0.0003  max mem: 41183
Test:  [6000/7958]  eta: 0:06:56  loss: 1.7680 (1.7254)  acc1: 56.2500 (59.1016)  acc5: 81.2500 (83.1518)  time: 0.2113  data: 0.0003  max mem: 41183
Test:  [6100/7958]  eta: 0:06:35  loss: 1.2077 (1.7284)  acc1: 68.7500 (59.0743)  acc5: 87.5000 (83.0868)  time: 0.2121  data: 0.0004  max mem: 41183
Test:  [6200/7958]  eta: 0:06:13  loss: 1.4895 (1.7292)  acc1: 62.5000 (59.1074)  acc5: 87.5000 (83.0642)  time: 0.2121  data: 0.0003  max mem: 41183
Test:  [6300/7958]  eta: 0:05:52  loss: 1.7480 (1.7253)  acc1: 56.2500 (59.1960)  acc5: 87.5000 (83.1049)  time: 0.2118  data: 0.0003  max mem: 41183
Test:  [6400/7958]  eta: 0:05:31  loss: 0.6436 (1.7267)  acc1: 81.2500 (59.1704)  acc5: 93.7500 (83.0876)  time: 0.2119  data: 0.0003  max mem: 41183
Test:  [6500/7958]  eta: 0:05:10  loss: 0.6609 (1.7218)  acc1: 81.2500 (59.3140)  acc5: 93.7500 (83.1391)  time: 0.2112  data: 0.0003  max mem: 41183
Test:  [6600/7958]  eta: 0:04:48  loss: 2.6000 (1.7297)  acc1: 31.2500 (59.1605)  acc5: 68.7500 (83.0168)  time: 0.2112  data: 0.0003  max mem: 41183
Test:  [6700/7958]  eta: 0:04:27  loss: 1.7702 (1.7286)  acc1: 62.5000 (59.1600)  acc5: 87.5000 (83.0268)  time: 0.2115  data: 0.0003  max mem: 41183
Test:  [6800/7958]  eta: 0:04:06  loss: 1.5650 (1.7297)  acc1: 50.0000 (59.1393)  acc5: 81.2500 (83.0099)  time: 0.2112  data: 0.0003  max mem: 41183
Test:  [6900/7958]  eta: 0:03:44  loss: 1.2584 (1.7243)  acc1: 68.7500 (59.2840)  acc5: 87.5000 (83.0650)  time: 0.2115  data: 0.0003  max mem: 41183
Test:  [7000/7958]  eta: 0:03:23  loss: 0.7435 (1.7207)  acc1: 81.2500 (59.3924)  acc5: 93.7500 (83.0828)  time: 0.2121  data: 0.0003  max mem: 41183
Test:  [7100/7958]  eta: 0:03:02  loss: 0.3937 (1.7199)  acc1: 87.5000 (59.4177)  acc5: 93.7500 (83.0895)  time: 0.2119  data: 0.0003  max mem: 41183
Test:  [7200/7958]  eta: 0:02:41  loss: 2.3837 (1.7264)  acc1: 37.5000 (59.2591)  acc5: 75.0000 (83.0154)  time: 0.2121  data: 0.0003  max mem: 41183
Test:  [7300/7958]  eta: 0:02:19  loss: 1.8588 (1.7216)  acc1: 37.5000 (59.3917)  acc5: 87.5000 (83.0657)  time: 0.2118  data: 0.0003  max mem: 41183
Test:  [7400/7958]  eta: 0:01:58  loss: 2.4631 (1.7263)  acc1: 43.7500 (59.3062)  acc5: 68.7500 (82.9905)  time: 0.2114  data: 0.0003  max mem: 41183
Test:  [7500/7958]  eta: 0:01:37  loss: 1.7749 (1.7312)  acc1: 43.7500 (59.1988)  acc5: 87.5000 (82.9131)  time: 0.2115  data: 0.0003  max mem: 41183
Test:  [7600/7958]  eta: 0:01:16  loss: 1.1199 (1.7331)  acc1: 75.0000 (59.1855)  acc5: 87.5000 (82.8682)  time: 0.2115  data: 0.0003  max mem: 41183
Test:  [7700/7958]  eta: 0:00:54  loss: 2.6527 (1.7374)  acc1: 37.5000 (59.0784)  acc5: 68.7500 (82.8091)  time: 0.2116  data: 0.0003  max mem: 41183
Test:  [7800/7958]  eta: 0:00:33  loss: 1.3820 (1.7413)  acc1: 62.5000 (58.9668)  acc5: 87.5000 (82.7875)  time: 0.2116  data: 0.0003  max mem: 41183
Test:  [7900/7958]  eta: 0:00:12  loss: 1.1400 (1.7364)  acc1: 75.0000 (59.1017)  acc5: 93.7500 (82.8297)  time: 0.2121  data: 0.0003  max mem: 41183
Test: Total time: 0:28:11
 * Acc@1 = 59.107187735611966, Acc@5 = 82.81603417944207, loss = 1.7375018116008079
Namespace(model='QKFormer_10_768', dataset='es-imagenet', num_classes=1000, data_path='/model/es-imagenet', device='cuda', batch_size=16, workers=4, print_freq=3072, output_dir='./logs4', resume='', sync_bn=False, test_only=False, amp=True, world_size=1, dist_url='env://', tb=True, T=8, opt='adamw', opt_eps=1e-08, opt_betas=None, weight_decay=0.01, momentum=0.9, connect_f='ADD', T_train=None, sched='cosine', lr=0.0005, lr_noise=None, lr_noise_pct=0.67, lr_noise_std=1.0, lr_cycle_mul=1.0, lr_cycle_limit=1, warmup_lr=1e-05, min_lr=1e-06, epochs=100, epoch_repeats=0.0, start_epoch=0, decay_epochs=20, warmup_epochs=20, cooldown_epochs=10, patience_epochs=10, decay_rate=0.1, smoothing=0.1, mixup=0.5, cutmix=0.0, cutmix_minmax=None, mixup_prob=0.5, mixup_switch_prob=0.5, mixup_mode='batch', mixup_off_epoch=0, grad_clip=5.0, distributed=False)
Training time 13 days, 5:18:31 max_test_acc1 59.107187735611966 test_acc5_at_max_test_acc1 82.81603417944207
./logs4/QKFormer_10_768_b16_T8_wd0.01_adamw_cnf_ADD/lr0.0005
Epoch: [39]  [    0/71874]  eta: 21:49:18  lr: 0.00033501511110120026  img/s: 42.54362300805179  loss: 2.7470 (2.7470)  acc1: 62.5000 (62.5000)  acc5: 75.0000 (75.0000)  time: 1.0930  data: 0.7169  max mem: 41183
Epoch: [39]  [ 3072/71874]  eta: 7:08:19  lr: 0.00033501511110120026  img/s: 43.0974039652081  loss: 2.6753 (3.2069)  acc1: 62.5000 (50.2685)  acc5: 81.2500 (74.1905)  time: 0.3757  data: 0.0002  max mem: 41183
Epoch: [39]  [ 6144/71874]  eta: 6:49:00  lr: 0.00033501511110120026  img/s: 43.11288108262639  loss: 2.9661 (3.2026)  acc1: 50.0000 (50.3387)  acc5: 75.0000 (74.1223)  time: 0.3733  data: 0.0002  max mem: 41183
Epoch: [39]  [ 9216/71874]  eta: 6:29:54  lr: 0.00033501511110120026  img/s: 43.031218840952356  loss: 2.7606 (3.2051)  acc1: 56.2500 (50.2319)  acc5: 75.0000 (73.9896)  time: 0.3730  data: 0.0002  max mem: 41183
Epoch: [39]  [12288/71874]  eta: 6:10:51  lr: 0.00033501511110120026  img/s: 42.902939645902514  loss: 3.0548 (3.2089)  acc1: 50.0000 (50.1633)  acc5: 75.0000 (73.9447)  time: 0.3741  data: 0.0002  max mem: 41183
Epoch: [39]  [15360/71874]  eta: 5:51:56  lr: 0.00033501511110120026  img/s: 43.077043161219095  loss: 2.8240 (3.2199)  acc1: 50.0000 (49.9418)  acc5: 81.2500 (73.7985)  time: 0.3785  data: 0.0002  max mem: 41183
Epoch: [39]  [18432/71874]  eta: 5:32:46  lr: 0.00033501511110120026  img/s: 42.95398897681239  loss: 2.6488 (3.2232)  acc1: 56.2500 (49.8315)  acc5: 81.2500 (73.7021)  time: 0.3731  data: 0.0002  max mem: 41183
Epoch: [39]  [21504/71874]  eta: 5:13:39  lr: 0.00033501511110120026  img/s: 43.11614958749527  loss: 3.2257 (3.2273)  acc1: 37.5000 (49.7059)  acc5: 75.0000 (73.5858)  time: 0.3778  data: 0.0002  max mem: 41183
Epoch: [39]  [24576/71874]  eta: 4:54:30  lr: 0.00033501511110120026  img/s: 42.93065982937477  loss: 3.2689 (3.2318)  acc1: 50.0000 (49.6170)  acc5: 68.7500 (73.4978)  time: 0.3724  data: 0.0002  max mem: 41183
Epoch: [39]  [27648/71874]  eta: 4:35:25  lr: 0.00033501511110120026  img/s: 42.92019880107932  loss: 2.9448 (3.2334)  acc1: 50.0000 (49.5825)  acc5: 81.2500 (73.4672)  time: 0.3720  data: 0.0002  max mem: 41183
Epoch: [39]  [30720/71874]  eta: 4:16:16  lr: 0.00033501511110120026  img/s: 43.2420027359358  loss: 2.9560 (3.2363)  acc1: 43.7500 (49.5364)  acc5: 75.0000 (73.4156)  time: 0.3728  data: 0.0002  max mem: 41183
Epoch: [39]  [33792/71874]  eta: 3:57:07  lr: 0.00033501511110120026  img/s: 43.14733608428243  loss: 2.9781 (3.2398)  acc1: 50.0000 (49.4831)  acc5: 75.0000 (73.3525)  time: 0.3732  data: 0.0002  max mem: 41183
Epoch: [39]  [36864/71874]  eta: 3:37:59  lr: 0.00033501511110120026  img/s: 42.76511923264912  loss: 3.0509 (3.2463)  acc1: 50.0000 (49.3754)  acc5: 81.2500 (73.2433)  time: 0.3770  data: 0.0002  max mem: 41183
Epoch: [39]  [39936/71874]  eta: 3:18:50  lr: 0.00033501511110120026  img/s: 42.98874112793707  loss: 3.1140 (3.2483)  acc1: 50.0000 (49.3242)  acc5: 75.0000 (73.2098)  time: 0.3734  data: 0.0002  max mem: 41183
Epoch: [39]  [43008/71874]  eta: 2:59:43  lr: 0.00033501511110120026  img/s: 42.97464638650813  loss: 3.2347 (3.2504)  acc1: 50.0000 (49.2906)  acc5: 68.7500 (73.1707)  time: 0.3784  data: 0.0002  max mem: 41183
Epoch: [39]  [46080/71874]  eta: 2:40:36  lr: 0.00033501511110120026  img/s: 42.69329460271534  loss: 2.7720 (3.2521)  acc1: 50.0000 (49.2456)  acc5: 75.0000 (73.1428)  time: 0.3737  data: 0.0002  max mem: 41183
Epoch: [39]  [49152/71874]  eta: 2:21:28  lr: 0.00033501511110120026  img/s: 42.9788573232768  loss: 3.2727 (3.2533)  acc1: 43.7500 (49.2246)  acc5: 75.0000 (73.1188)  time: 0.3717  data: 0.0002  max mem: 41183
Epoch: [39]  [52224/71874]  eta: 2:02:20  lr: 0.00033501511110120026  img/s: 43.08799576753277  loss: 2.7476 (3.2559)  acc1: 56.2500 (49.1686)  acc5: 81.2500 (73.0734)  time: 0.3722  data: 0.0002  max mem: 41183
Epoch: [39]  [55296/71874]  eta: 1:43:12  lr: 0.00033501511110120026  img/s: 43.12044371565599  loss: 2.9556 (3.2574)  acc1: 50.0000 (49.1338)  acc5: 75.0000 (73.0284)  time: 0.3776  data: 0.0002  max mem: 41183
Epoch: [39]  [58368/71874]  eta: 1:24:04  lr: 0.00033501511110120026  img/s: 42.89600148294454  loss: 2.7073 (3.2590)  acc1: 50.0000 (49.0923)  acc5: 75.0000 (73.0094)  time: 0.3721  data: 0.0002  max mem: 41183
Epoch: [39]  [61440/71874]  eta: 1:04:57  lr: 0.00033501511110120026  img/s: 42.97492158593017  loss: 2.9196 (3.2613)  acc1: 50.0000 (49.0322)  acc5: 75.0000 (72.9642)  time: 0.3769  data: 0.0002  max mem: 41183
Epoch: [39]  [64512/71874]  eta: 0:45:49  lr: 0.00033501511110120026  img/s: 42.922916530751394  loss: 3.2444 (3.2637)  acc1: 50.0000 (48.9799)  acc5: 75.0000 (72.9301)  time: 0.3728  data: 0.0002  max mem: 41183
Epoch: [39]  [67584/71874]  eta: 0:26:42  lr: 0.00033501511110120026  img/s: 43.41148784056698  loss: 2.7103 (3.2645)  acc1: 56.2500 (48.9572)  acc5: 81.2500 (72.8983)  time: 0.3724  data: 0.0002  max mem: 41183
Epoch: [39]  [70656/71874]  eta: 0:07:34  lr: 0.00033501511110120026  img/s: 43.0523372855847  loss: 3.0150 (3.2658)  acc1: 50.0000 (48.9254)  acc5: 75.0000 (72.8624)  time: 0.3721  data: 0.0002  max mem: 41183
Epoch: [39] Total time: 7:27:18
Test:  [   0/7958]  eta: 1:39:30  loss: 0.3816 (0.3816)  acc1: 93.7500 (93.7500)  acc5: 100.0000 (100.0000)  time: 0.7502  data: 0.5412  max mem: 41183
Test:  [ 100/7958]  eta: 0:28:25  loss: 1.2231 (1.0980)  acc1: 75.0000 (77.5371)  acc5: 87.5000 (90.5941)  time: 0.2116  data: 0.0003  max mem: 41183
Test:  [ 200/7958]  eta: 0:27:43  loss: 1.7012 (1.4042)  acc1: 56.2500 (68.2214)  acc5: 87.5000 (87.4378)  time: 0.2113  data: 0.0003  max mem: 41183
Test:  [ 300/7958]  eta: 0:27:14  loss: 1.6516 (1.4848)  acc1: 62.5000 (65.8638)  acc5: 87.5000 (86.6279)  time: 0.2118  data: 0.0004  max mem: 41183
Test:  [ 400/7958]  eta: 0:26:50  loss: 1.0152 (1.4446)  acc1: 68.7500 (67.1291)  acc5: 93.7500 (87.6247)  time: 0.2117  data: 0.0004  max mem: 41183
Test:  [ 500/7958]  eta: 0:26:26  loss: 1.5423 (1.3865)  acc1: 62.5000 (68.3633)  acc5: 87.5000 (88.2735)  time: 0.2119  data: 0.0003  max mem: 41183
Test:  [ 600/7958]  eta: 0:26:03  loss: 2.4500 (1.4832)  acc1: 31.2500 (65.8174)  acc5: 68.7500 (87.0008)  time: 0.2116  data: 0.0003  max mem: 41183
Test:  [ 700/7958]  eta: 0:25:41  loss: 2.2181 (1.5879)  acc1: 37.5000 (62.8299)  acc5: 75.0000 (85.5742)  time: 0.2114  data: 0.0003  max mem: 41183
Test:  [ 800/7958]  eta: 0:25:19  loss: 1.2515 (1.6317)  acc1: 68.7500 (61.7275)  acc5: 87.5000 (84.8081)  time: 0.2110  data: 0.0003  max mem: 41183
Test:  [ 900/7958]  eta: 0:24:57  loss: 1.2512 (1.6806)  acc1: 50.0000 (60.4398)  acc5: 81.2500 (84.1357)  time: 0.2112  data: 0.0003  max mem: 41183
Test:  [1000/7958]  eta: 0:24:35  loss: 1.7434 (1.7400)  acc1: 56.2500 (58.7975)  acc5: 81.2500 (83.3854)  time: 0.2115  data: 0.0003  max mem: 41183
Test:  [1100/7958]  eta: 0:24:14  loss: 1.5865 (1.7496)  acc1: 62.5000 (58.4469)  acc5: 81.2500 (83.3504)  time: 0.2113  data: 0.0003  max mem: 41183
Test:  [1200/7958]  eta: 0:23:52  loss: 2.2137 (1.7660)  acc1: 43.7500 (57.8893)  acc5: 75.0000 (83.1391)  time: 0.2119  data: 0.0003  max mem: 41183
Test:  [1300/7958]  eta: 0:23:31  loss: 1.3549 (1.7823)  acc1: 68.7500 (57.4174)  acc5: 87.5000 (82.9698)  time: 0.2120  data: 0.0003  max mem: 41183
Test:  [1400/7958]  eta: 0:23:10  loss: 2.9736 (1.7910)  acc1: 18.7500 (56.9459)  acc5: 68.7500 (82.9140)  time: 0.2118  data: 0.0003  max mem: 41183
Test:  [1500/7958]  eta: 0:22:48  loss: 1.4056 (1.7976)  acc1: 68.7500 (56.6789)  acc5: 87.5000 (82.8406)  time: 0.2119  data: 0.0003  max mem: 41183
Test:  [1600/7958]  eta: 0:22:27  loss: 1.4783 (1.7925)  acc1: 56.2500 (56.5818)  acc5: 87.5000 (82.9482)  time: 0.2114  data: 0.0003  max mem: 41183
Test:  [1700/7958]  eta: 0:22:06  loss: 0.8370 (1.7625)  acc1: 75.0000 (57.2090)  acc5: 93.7500 (83.4068)  time: 0.2114  data: 0.0003  max mem: 41183
Test:  [1800/7958]  eta: 0:21:44  loss: 1.2417 (1.7412)  acc1: 75.0000 (57.7596)  acc5: 87.5000 (83.6723)  time: 0.2112  data: 0.0003  max mem: 41183
Test:  [1900/7958]  eta: 0:21:23  loss: 2.5796 (1.7599)  acc1: 43.7500 (57.4369)  acc5: 75.0000 (83.4199)  time: 0.2111  data: 0.0002  max mem: 41183
Test:  [2000/7958]  eta: 0:21:02  loss: 0.5885 (1.7290)  acc1: 81.2500 (58.3833)  acc5: 100.0000 (83.7550)  time: 0.2114  data: 0.0003  max mem: 41183
Test:  [2100/7958]  eta: 0:20:40  loss: 0.9184 (1.7051)  acc1: 75.0000 (59.0463)  acc5: 93.7500 (84.0314)  time: 0.2120  data: 0.0003  max mem: 41183
Test:  [2200/7958]  eta: 0:20:19  loss: 1.5132 (1.7009)  acc1: 56.2500 (59.1123)  acc5: 87.5000 (84.1067)  time: 0.2122  data: 0.0003  max mem: 41183
Test:  [2300/7958]  eta: 0:19:58  loss: 2.2035 (1.6899)  acc1: 43.7500 (59.2324)  acc5: 75.0000 (84.3220)  time: 0.2117  data: 0.0003  max mem: 41183
Test:  [2400/7958]  eta: 0:19:37  loss: 1.2800 (1.6809)  acc1: 68.7500 (59.4622)  acc5: 87.5000 (84.4206)  time: 0.2116  data: 0.0003  max mem: 41183
Test:  [2500/7958]  eta: 0:19:15  loss: 2.8724 (1.6874)  acc1: 18.7500 (59.1638)  acc5: 81.2500 (84.3762)  time: 0.2113  data: 0.0003  max mem: 41183
Test:  [2600/7958]  eta: 0:18:54  loss: 1.2426 (1.6789)  acc1: 62.5000 (59.3305)  acc5: 87.5000 (84.4963)  time: 0.2115  data: 0.0003  max mem: 41183
Test:  [2700/7958]  eta: 0:18:33  loss: 1.1353 (1.6661)  acc1: 75.0000 (59.6585)  acc5: 87.5000 (84.6700)  time: 0.2111  data: 0.0003  max mem: 41183
Test:  [2800/7958]  eta: 0:18:12  loss: 2.2775 (1.6613)  acc1: 50.0000 (59.8492)  acc5: 75.0000 (84.6974)  time: 0.2114  data: 0.0002  max mem: 41183
Test:  [2900/7958]  eta: 0:17:51  loss: 1.4596 (1.6727)  acc1: 75.0000 (59.7466)  acc5: 93.7500 (84.4881)  time: 0.2115  data: 0.0003  max mem: 41183
Test:  [3000/7958]  eta: 0:17:29  loss: 1.4110 (1.6795)  acc1: 62.5000 (59.6489)  acc5: 93.7500 (84.3552)  time: 0.2119  data: 0.0003  max mem: 41183
Test:  [3100/7958]  eta: 0:17:08  loss: 1.6556 (1.6783)  acc1: 62.5000 (59.7489)  acc5: 81.2500 (84.3579)  time: 0.2119  data: 0.0003  max mem: 41183
Test:  [3200/7958]  eta: 0:16:47  loss: 1.7557 (1.6768)  acc1: 50.0000 (59.8563)  acc5: 75.0000 (84.3486)  time: 0.2119  data: 0.0003  max mem: 41183
Test:  [3300/7958]  eta: 0:16:26  loss: 1.8067 (1.6972)  acc1: 56.2500 (59.4630)  acc5: 81.2500 (84.0238)  time: 0.2114  data: 0.0003  max mem: 41183
Test:  [3400/7958]  eta: 0:16:05  loss: 1.7590 (1.6955)  acc1: 56.2500 (59.5836)  acc5: 81.2500 (84.0304)  time: 0.2113  data: 0.0003  max mem: 41183
Test:  [3500/7958]  eta: 0:15:43  loss: 1.0797 (1.6935)  acc1: 68.7500 (59.6490)  acc5: 87.5000 (84.0813)  time: 0.2113  data: 0.0003  max mem: 41183
Test:  [3600/7958]  eta: 0:15:22  loss: 1.6738 (1.6991)  acc1: 56.2500 (59.5546)  acc5: 81.2500 (83.9992)  time: 0.2113  data: 0.0003  max mem: 41183
Test:  [3700/7958]  eta: 0:15:01  loss: 1.6006 (1.6970)  acc1: 56.2500 (59.5768)  acc5: 87.5000 (84.0567)  time: 0.2113  data: 0.0003  max mem: 41183
Test:  [3800/7958]  eta: 0:14:40  loss: 1.7826 (1.7046)  acc1: 50.0000 (59.4252)  acc5: 87.5000 (83.9598)  time: 0.2119  data: 0.0003  max mem: 41183
Test:  [3900/7958]  eta: 0:14:19  loss: 1.5463 (1.7022)  acc1: 56.2500 (59.5456)  acc5: 87.5000 (84.0057)  time: 0.2119  data: 0.0003  max mem: 41183
Test:  [4000/7958]  eta: 0:13:57  loss: 2.0807 (1.7090)  acc1: 43.7500 (59.4320)  acc5: 75.0000 (83.9087)  time: 0.2118  data: 0.0003  max mem: 41183
Test:  [4100/7958]  eta: 0:13:36  loss: 1.3846 (1.7112)  acc1: 68.7500 (59.4520)  acc5: 93.7500 (83.8424)  time: 0.2116  data: 0.0003  max mem: 41183
Test:  [4200/7958]  eta: 0:13:15  loss: 1.6356 (1.7113)  acc1: 62.5000 (59.5126)  acc5: 87.5000 (83.8193)  time: 0.2114  data: 0.0003  max mem: 41183
Test:  [4300/7958]  eta: 0:12:54  loss: 2.0864 (1.7107)  acc1: 37.5000 (59.5428)  acc5: 81.2500 (83.8337)  time: 0.2109  data: 0.0003  max mem: 41183
Test:  [4400/7958]  eta: 0:12:33  loss: 1.0057 (1.7190)  acc1: 75.0000 (59.4425)  acc5: 87.5000 (83.6443)  time: 0.2112  data: 0.0003  max mem: 41183
Test:  [4500/7958]  eta: 0:12:11  loss: 1.5302 (1.7207)  acc1: 68.7500 (59.4132)  acc5: 81.2500 (83.6120)  time: 0.2112  data: 0.0003  max mem: 41183
Test:  [4600/7958]  eta: 0:11:50  loss: 1.5285 (1.7138)  acc1: 68.7500 (59.6351)  acc5: 87.5000 (83.6598)  time: 0.2111  data: 0.0003  max mem: 41183
Test:  [4700/7958]  eta: 0:11:29  loss: 1.5453 (1.7210)  acc1: 68.7500 (59.5020)  acc5: 81.2500 (83.5195)  time: 0.2119  data: 0.0003  max mem: 41183
Test:  [4800/7958]  eta: 0:11:08  loss: 0.9870 (1.7276)  acc1: 81.2500 (59.3874)  acc5: 87.5000 (83.4240)  time: 0.2118  data: 0.0003  max mem: 41183
Test:  [4900/7958]  eta: 0:10:47  loss: 2.2844 (1.7336)  acc1: 50.0000 (59.3183)  acc5: 75.0000 (83.2955)  time: 0.2118  data: 0.0003  max mem: 41183
Test:  [5000/7958]  eta: 0:10:26  loss: 2.2385 (1.7358)  acc1: 37.5000 (59.2531)  acc5: 87.5000 (83.2971)  time: 0.2115  data: 0.0003  max mem: 41183
Test:  [5100/7958]  eta: 0:10:04  loss: 2.2291 (1.7342)  acc1: 43.7500 (59.2249)  acc5: 75.0000 (83.3464)  time: 0.2114  data: 0.0003  max mem: 41183
Test:  [5200/7958]  eta: 0:09:43  loss: 0.6329 (1.7346)  acc1: 87.5000 (59.2506)  acc5: 93.7500 (83.3253)  time: 0.2114  data: 0.0003  max mem: 41183
Test:  [5300/7958]  eta: 0:09:22  loss: 1.8529 (1.7382)  acc1: 56.2500 (59.1716)  acc5: 81.2500 (83.2602)  time: 0.2113  data: 0.0003  max mem: 41183
Test:  [5400/7958]  eta: 0:09:01  loss: 1.9851 (1.7388)  acc1: 56.2500 (59.1939)  acc5: 81.2500 (83.2612)  time: 0.2115  data: 0.0003  max mem: 41183
Test:  [5500/7958]  eta: 0:08:40  loss: 1.1695 (1.7410)  acc1: 75.0000 (59.2290)  acc5: 93.7500 (83.1906)  time: 0.2115  data: 0.0003  max mem: 41183
Test:  [5600/7958]  eta: 0:08:19  loss: 2.1588 (1.7451)  acc1: 43.7500 (59.1803)  acc5: 75.0000 (83.1124)  time: 0.2115  data: 0.0003  max mem: 41183
Test:  [5700/7958]  eta: 0:07:57  loss: 2.5087 (1.7480)  acc1: 37.5000 (59.0489)  acc5: 68.7500 (83.0808)  time: 0.2119  data: 0.0003  max mem: 41183
Test:  [5800/7958]  eta: 0:07:36  loss: 1.9912 (1.7527)  acc1: 37.5000 (58.9381)  acc5: 81.2500 (83.0234)  time: 0.2119  data: 0.0003  max mem: 41183
Test:  [5900/7958]  eta: 0:07:15  loss: 1.6925 (1.7558)  acc1: 56.2500 (58.8851)  acc5: 75.0000 (82.9383)  time: 0.2113  data: 0.0003  max mem: 41183
Test:  [6000/7958]  eta: 0:06:54  loss: 1.7780 (1.7596)  acc1: 62.5000 (58.8516)  acc5: 75.0000 (82.8695)  time: 0.2111  data: 0.0003  max mem: 41183
Test:  [6100/7958]  eta: 0:06:33  loss: 1.1459 (1.7605)  acc1: 68.7500 (58.8858)  acc5: 87.5000 (82.8338)  time: 0.2115  data: 0.0003  max mem: 41183
Test:  [6200/7958]  eta: 0:06:12  loss: 1.2531 (1.7608)  acc1: 56.2500 (58.9391)  acc5: 87.5000 (82.8112)  time: 0.2112  data: 0.0003  max mem: 41183
Test:  [6300/7958]  eta: 0:05:50  loss: 1.1008 (1.7568)  acc1: 75.0000 (59.0819)  acc5: 93.7500 (82.8499)  time: 0.2112  data: 0.0003  max mem: 41183
Test:  [6400/7958]  eta: 0:05:29  loss: 0.8329 (1.7581)  acc1: 81.2500 (59.0962)  acc5: 93.7500 (82.8289)  time: 0.2119  data: 0.0003  max mem: 41183
Test:  [6500/7958]  eta: 0:05:08  loss: 0.9259 (1.7558)  acc1: 75.0000 (59.1755)  acc5: 93.7500 (82.8334)  time: 0.2117  data: 0.0003  max mem: 41183
Test:  [6600/7958]  eta: 0:04:47  loss: 2.2238 (1.7614)  acc1: 43.7500 (59.0592)  acc5: 75.0000 (82.7261)  time: 0.2118  data: 0.0003  max mem: 41183
Test:  [6700/7958]  eta: 0:04:26  loss: 1.1378 (1.7610)  acc1: 68.7500 (59.0798)  acc5: 93.7500 (82.7470)  time: 0.2115  data: 0.0003  max mem: 41183
Test:  [6800/7958]  eta: 0:04:05  loss: 1.7401 (1.7637)  acc1: 50.0000 (59.0446)  acc5: 75.0000 (82.7176)  time: 0.2114  data: 0.0003  max mem: 41183
Test:  [6900/7958]  eta: 0:03:43  loss: 2.5046 (1.7618)  acc1: 37.5000 (59.0512)  acc5: 81.2500 (82.7652)  time: 0.2114  data: 0.0003  max mem: 41183
Test:  [7000/7958]  eta: 0:03:22  loss: 0.9109 (1.7583)  acc1: 75.0000 (59.1496)  acc5: 87.5000 (82.7953)  time: 0.2114  data: 0.0003  max mem: 41183
Test:  [7100/7958]  eta: 0:03:01  loss: 0.8724 (1.7620)  acc1: 81.2500 (59.0735)  acc5: 93.7500 (82.7278)  time: 0.2113  data: 0.0003  max mem: 41183
Test:  [7200/7958]  eta: 0:02:40  loss: 1.9420 (1.7686)  acc1: 50.0000 (58.9554)  acc5: 87.5000 (82.6508)  time: 0.2115  data: 0.0003  max mem: 41183
Test:  [7300/7958]  eta: 0:02:19  loss: 2.0050 (1.7632)  acc1: 50.0000 (59.0946)  acc5: 87.5000 (82.7224)  time: 0.2121  data: 0.0003  max mem: 41183
Test:  [7400/7958]  eta: 0:01:58  loss: 2.2523 (1.7660)  acc1: 43.7500 (59.0115)  acc5: 75.0000 (82.6687)  time: 0.2118  data: 0.0003  max mem: 41183
Test:  [7500/7958]  eta: 0:01:36  loss: 1.4412 (1.7649)  acc1: 68.7500 (59.0221)  acc5: 87.5000 (82.6748)  time: 0.2121  data: 0.0003  max mem: 41183
Test:  [7600/7958]  eta: 0:01:15  loss: 1.1415 (1.7660)  acc1: 75.0000 (59.0128)  acc5: 87.5000 (82.6429)  time: 0.2114  data: 0.0003  max mem: 41183
Test:  [7700/7958]  eta: 0:00:54  loss: 1.2445 (1.7687)  acc1: 62.5000 (58.9128)  acc5: 93.7500 (82.6053)  time: 0.2111  data: 0.0003  max mem: 41183
Test:  [7800/7958]  eta: 0:00:33  loss: 1.2889 (1.7711)  acc1: 68.7500 (58.8250)  acc5: 87.5000 (82.6088)  time: 0.2111  data: 0.0003  max mem: 41183
Test:  [7900/7958]  eta: 0:00:12  loss: 1.6035 (1.7678)  acc1: 62.5000 (58.9118)  acc5: 87.5000 (82.6391)  time: 0.2114  data: 0.0003  max mem: 41183
Test: Total time: 0:28:04
 * Acc@1 = 58.90534682080925, Acc@5 = 82.60555415933652, loss = 1.7699841638803706
Namespace(model='QKFormer_10_768', dataset='es-imagenet', num_classes=1000, data_path='/model/es-imagenet', device='cuda', batch_size=16, workers=4, print_freq=3072, output_dir='./logs4', resume='', sync_bn=False, test_only=False, amp=True, world_size=1, dist_url='env://', tb=True, T=8, opt='adamw', opt_eps=1e-08, opt_betas=None, weight_decay=0.01, momentum=0.9, connect_f='ADD', T_train=None, sched='cosine', lr=0.0005, lr_noise=None, lr_noise_pct=0.67, lr_noise_std=1.0, lr_cycle_mul=1.0, lr_cycle_limit=1, warmup_lr=1e-05, min_lr=1e-06, epochs=100, epoch_repeats=0.0, start_epoch=0, decay_epochs=20, warmup_epochs=20, cooldown_epochs=10, patience_epochs=10, decay_rate=0.1, smoothing=0.1, mixup=0.5, cutmix=0.0, cutmix_minmax=None, mixup_prob=0.5, mixup_switch_prob=0.5, mixup_mode='batch', mixup_off_epoch=0, grad_clip=5.0, distributed=False)
Training time 13 days, 13:13:53 max_test_acc1 59.107187735611966 test_acc5_at_max_test_acc1 82.81603417944207
./logs4/QKFormer_10_768_b16_T8_wd0.01_adamw_cnf_ADD/lr0.0005
Epoch: [40]  [    0/71874]  eta: 19:25:51  lr: 0.0003275997400965494  img/s: 42.950580076251214  loss: 3.5241 (3.5241)  acc1: 68.7500 (68.7500)  acc5: 81.2500 (81.2500)  time: 0.9733  data: 0.6007  max mem: 41183
Epoch: [40]  [ 3072/71874]  eta: 7:07:54  lr: 0.0003275997400965494  img/s: 43.05739222156422  loss: 2.8152 (3.1953)  acc1: 50.0000 (50.3010)  acc5: 75.0000 (74.2292)  time: 0.3721  data: 0.0002  max mem: 41183
Epoch: [40]  [ 6144/71874]  eta: 6:48:35  lr: 0.0003275997400965494  img/s: 43.116232691536716  loss: 3.1150 (3.2141)  acc1: 50.0000 (50.1922)  acc5: 75.0000 (73.9056)  time: 0.3721  data: 0.0002  max mem: 41183
Epoch: [40]  [ 9216/71874]  eta: 6:29:31  lr: 0.0003275997400965494  img/s: 43.25669165468832  loss: 2.6726 (3.2196)  acc1: 56.2500 (50.2095)  acc5: 75.0000 (73.7957)  time: 0.3710  data: 0.0002  max mem: 41183
Epoch: [40]  [12288/71874]  eta: 6:10:29  lr: 0.0003275997400965494  img/s: 43.10939153124761  loss: 3.0610 (3.2204)  acc1: 50.0000 (50.1038)  acc5: 75.0000 (73.7733)  time: 0.3805  data: 0.0002  max mem: 41183
Epoch: [40]  [15360/71874]  eta: 5:51:28  lr: 0.0003275997400965494  img/s: 43.09344648738479  loss: 3.0096 (3.2245)  acc1: 50.0000 (49.9243)  acc5: 68.7500 (73.6602)  time: 0.3731  data: 0.0002  max mem: 41183
Epoch: [40]  [18432/71874]  eta: 5:32:23  lr: 0.0003275997400965494  img/s: 43.04170645841765  loss: 2.9243 (3.2248)  acc1: 43.7500 (49.9088)  acc5: 68.7500 (73.6783)  time: 0.3722  data: 0.0002  max mem: 41183
Epoch: [40]  [21504/71874]  eta: 5:13:25  lr: 0.0003275997400965494  img/s: 42.82649710209484  loss: 2.9369 (3.2276)  acc1: 43.7500 (49.8724)  acc5: 75.0000 (73.6114)  time: 0.3782  data: 0.0002  max mem: 41183
Epoch: [40]  [24576/71874]  eta: 4:54:22  lr: 0.0003275997400965494  img/s: 43.09784680514383  loss: 2.8024 (3.2280)  acc1: 50.0000 (49.8568)  acc5: 75.0000 (73.5828)  time: 0.3725  data: 0.0002  max mem: 41183
Epoch: [40]  [27648/71874]  eta: 4:35:17  lr: 0.0003275997400965494  img/s: 43.16257148057652  loss: 3.2448 (3.2278)  acc1: 50.0000 (49.8271)  acc5: 75.0000 (73.5947)  time: 0.3733  data: 0.0002  max mem: 41183
Epoch: [40]  [30720/71874]  eta: 4:16:13  lr: 0.0003275997400965494  img/s: 42.98122461736712  loss: 2.7455 (3.2284)  acc1: 56.2500 (49.7555)  acc5: 81.2500 (73.5614)  time: 0.3737  data: 0.0002  max mem: 41183
Epoch: [40]  [33792/71874]  eta: 3:57:06  lr: 0.0003275997400965494  img/s: 43.13036503649851  loss: 2.8771 (3.2284)  acc1: 50.0000 (49.7202)  acc5: 75.0000 (73.5426)  time: 0.3730  data: 0.0002  max mem: 41183
Epoch: [40]  [36864/71874]  eta: 3:38:01  lr: 0.0003275997400965494  img/s: 43.023080661147276  loss: 3.2899 (3.2305)  acc1: 43.7500 (49.6528)  acc5: 68.7500 (73.4977)  time: 0.3731  data: 0.0002  max mem: 41183
Epoch: [40]  [39936/71874]  eta: 3:18:52  lr: 0.0003275997400965494  img/s: 43.12218931546301  loss: 2.6761 (3.2327)  acc1: 56.2500 (49.6180)  acc5: 75.0000 (73.4677)  time: 0.3729  data: 0.0002  max mem: 41183
Epoch: [40]  [43008/71874]  eta: 2:59:46  lr: 0.0003275997400965494  img/s: 42.851819972057406  loss: 3.2675 (3.2366)  acc1: 43.7500 (49.5422)  acc5: 75.0000 (73.3989)  time: 0.3784  data: 0.0002  max mem: 41183
Epoch: [40]  [46080/71874]  eta: 2:40:38  lr: 0.0003275997400965494  img/s: 43.0587183029278  loss: 3.3210 (3.2372)  acc1: 50.0000 (49.5115)  acc5: 68.7500 (73.3814)  time: 0.3719  data: 0.0002  max mem: 41183
Epoch: [40]  [49152/71874]  eta: 2:21:30  lr: 0.0003275997400965494  img/s: 42.97307781710231  loss: 2.8241 (3.2369)  acc1: 56.2500 (49.5106)  acc5: 81.2500 (73.3921)  time: 0.3774  data: 0.0002  max mem: 41183
Epoch: [40]  [52224/71874]  eta: 2:02:22  lr: 0.0003275997400965494  img/s: 42.95737092086902  loss: 2.8154 (3.2393)  acc1: 50.0000 (49.4676)  acc5: 81.2500 (73.3479)  time: 0.3723  data: 0.0002  max mem: 41183
Epoch: [40]  [55296/71874]  eta: 1:43:14  lr: 0.0003275997400965494  img/s: 43.04891275760185  loss: 3.1037 (3.2418)  acc1: 50.0000 (49.4125)  acc5: 75.0000 (73.3003)  time: 0.3727  data: 0.0002  max mem: 41183
Epoch: [40]  [58368/71874]  eta: 1:24:06  lr: 0.0003275997400965494  img/s: 42.66121488940381  loss: 2.9467 (3.2424)  acc1: 50.0000 (49.3950)  acc5: 75.0000 (73.2882)  time: 0.3733  data: 0.0002  max mem: 41183
Epoch: [40]  [61440/71874]  eta: 1:04:58  lr: 0.0003275997400965494  img/s: 43.279232194979755  loss: 2.7660 (3.2426)  acc1: 56.2500 (49.3881)  acc5: 81.2500 (73.2761)  time: 0.3720  data: 0.0002  max mem: 41183
Epoch: [40]  [64512/71874]  eta: 0:45:50  lr: 0.0003275997400965494  img/s: 42.95742591622936  loss: 3.0484 (3.2460)  acc1: 50.0000 (49.3155)  acc5: 75.0000 (73.2175)  time: 0.3734  data: 0.0002  max mem: 41183
Epoch: [40]  [67584/71874]  eta: 0:26:43  lr: 0.0003275997400965494  img/s: 42.82201539347022  loss: 2.9587 (3.2480)  acc1: 43.7500 (49.2820)  acc5: 68.7500 (73.1753)  time: 0.3737  data: 0.0002  max mem: 41183
Epoch: [40]  [70656/71874]  eta: 0:07:35  lr: 0.0003275997400965494  img/s: 42.96314620264915  loss: 3.3314 (3.2489)  acc1: 37.5000 (49.2529)  acc5: 68.7500 (73.1652)  time: 0.3775  data: 0.0002  max mem: 41183
Epoch: [40] Total time: 7:27:36
Test:  [   0/7958]  eta: 1:52:45  loss: 0.2545 (0.2545)  acc1: 93.7500 (93.7500)  acc5: 100.0000 (100.0000)  time: 0.8502  data: 0.6404  max mem: 41183
Test:  [ 100/7958]  eta: 0:28:33  loss: 1.1824 (1.1247)  acc1: 68.7500 (75.3094)  acc5: 93.7500 (90.1609)  time: 0.2116  data: 0.0004  max mem: 41183
Test:  [ 200/7958]  eta: 0:27:46  loss: 2.0724 (1.4778)  acc1: 43.7500 (65.9826)  acc5: 81.2500 (86.0386)  time: 0.2113  data: 0.0003  max mem: 41183
Test:  [ 300/7958]  eta: 0:27:17  loss: 1.4687 (1.4300)  acc1: 62.5000 (66.6113)  acc5: 87.5000 (86.6487)  time: 0.2120  data: 0.0003  max mem: 41183
Test:  [ 400/7958]  eta: 0:26:51  loss: 0.6938 (1.4173)  acc1: 81.2500 (67.1758)  acc5: 93.7500 (87.2039)  time: 0.2118  data: 0.0003  max mem: 41183
Test:  [ 500/7958]  eta: 0:26:27  loss: 1.2942 (1.4090)  acc1: 62.5000 (67.5524)  acc5: 93.7500 (87.1632)  time: 0.2120  data: 0.0003  max mem: 41183
Test:  [ 600/7958]  eta: 0:26:05  loss: 1.9819 (1.4931)  acc1: 37.5000 (65.0998)  acc5: 81.2500 (86.2105)  time: 0.2116  data: 0.0003  max mem: 41183
Test:  [ 700/7958]  eta: 0:25:42  loss: 2.3939 (1.5808)  acc1: 37.5000 (62.5000)  acc5: 75.0000 (85.1551)  time: 0.2117  data: 0.0003  max mem: 41183
Test:  [ 800/7958]  eta: 0:25:20  loss: 1.8771 (1.6156)  acc1: 43.7500 (61.7353)  acc5: 81.2500 (84.6052)  time: 0.2112  data: 0.0004  max mem: 41183
Test:  [ 900/7958]  eta: 0:24:58  loss: 1.9266 (1.6702)  acc1: 56.2500 (60.2456)  acc5: 81.2500 (84.0178)  time: 0.2113  data: 0.0003  max mem: 41183
Test:  [1000/7958]  eta: 0:24:37  loss: 1.7810 (1.7252)  acc1: 56.2500 (58.7787)  acc5: 81.2500 (83.3604)  time: 0.2116  data: 0.0003  max mem: 41183
Test:  [1100/7958]  eta: 0:24:15  loss: 1.5931 (1.7386)  acc1: 56.2500 (58.3447)  acc5: 81.2500 (83.2822)  time: 0.2119  data: 0.0003  max mem: 41183
Test:  [1200/7958]  eta: 0:23:54  loss: 2.4848 (1.7652)  acc1: 37.5000 (57.4886)  acc5: 75.0000 (82.9309)  time: 0.2123  data: 0.0004  max mem: 41183
Test:  [1300/7958]  eta: 0:23:32  loss: 2.3383 (1.7787)  acc1: 43.7500 (56.9514)  acc5: 75.0000 (82.8593)  time: 0.2121  data: 0.0004  max mem: 41183
Test:  [1400/7958]  eta: 0:23:11  loss: 2.4976 (1.7703)  acc1: 31.2500 (56.9950)  acc5: 75.0000 (82.9943)  time: 0.2119  data: 0.0003  max mem: 41183
Test:  [1500/7958]  eta: 0:22:49  loss: 1.8984 (1.7747)  acc1: 43.7500 (56.7538)  acc5: 81.2500 (82.9447)  time: 0.2114  data: 0.0003  max mem: 41183
Test:  [1600/7958]  eta: 0:22:28  loss: 1.0792 (1.7564)  acc1: 68.7500 (57.0073)  acc5: 93.7500 (83.2839)  time: 0.2115  data: 0.0004  max mem: 41183
Test:  [1700/7958]  eta: 0:22:07  loss: 0.7499 (1.7407)  acc1: 75.0000 (57.3413)  acc5: 93.7500 (83.5391)  time: 0.2116  data: 0.0003  max mem: 41183
Test:  [1800/7958]  eta: 0:21:45  loss: 1.2716 (1.7234)  acc1: 68.7500 (57.7630)  acc5: 87.5000 (83.7243)  time: 0.2113  data: 0.0003  max mem: 41183
Test:  [1900/7958]  eta: 0:21:24  loss: 2.2669 (1.7267)  acc1: 43.7500 (57.6835)  acc5: 81.2500 (83.7783)  time: 0.2117  data: 0.0003  max mem: 41183
Test:  [2000/7958]  eta: 0:21:03  loss: 0.6131 (1.7004)  acc1: 81.2500 (58.3302)  acc5: 100.0000 (84.1236)  time: 0.2121  data: 0.0004  max mem: 41183
Test:  [2100/7958]  eta: 0:20:41  loss: 0.7940 (1.6767)  acc1: 75.0000 (58.9184)  acc5: 93.7500 (84.3884)  time: 0.2120  data: 0.0003  max mem: 41183
Test:  [2200/7958]  eta: 0:20:20  loss: 2.0260 (1.6789)  acc1: 50.0000 (58.8113)  acc5: 87.5000 (84.4105)  time: 0.2121  data: 0.0003  max mem: 41183
Test:  [2300/7958]  eta: 0:19:59  loss: 1.8916 (1.6743)  acc1: 56.2500 (58.8820)  acc5: 81.2500 (84.4959)  time: 0.2116  data: 0.0004  max mem: 41183
Test:  [2400/7958]  eta: 0:19:38  loss: 1.8496 (1.6815)  acc1: 56.2500 (58.7620)  acc5: 87.5000 (84.3997)  time: 0.2116  data: 0.0004  max mem: 41183
Test:  [2500/7958]  eta: 0:19:16  loss: 2.3801 (1.7013)  acc1: 25.0000 (58.2892)  acc5: 75.0000 (84.1388)  time: 0.2115  data: 0.0003  max mem: 41183
Test:  [2600/7958]  eta: 0:18:55  loss: 1.7978 (1.6961)  acc1: 56.2500 (58.3742)  acc5: 87.5000 (84.2104)  time: 0.2115  data: 0.0003  max mem: 41183
Test:  [2700/7958]  eta: 0:18:34  loss: 0.8931 (1.6892)  acc1: 75.0000 (58.6056)  acc5: 93.7500 (84.2720)  time: 0.2116  data: 0.0004  max mem: 41183
Test:  [2800/7958]  eta: 0:18:13  loss: 2.1199 (1.6881)  acc1: 50.0000 (58.7625)  acc5: 81.2500 (84.2869)  time: 0.2121  data: 0.0004  max mem: 41183
Test:  [2900/7958]  eta: 0:17:51  loss: 1.4059 (1.7066)  acc1: 62.5000 (58.5035)  acc5: 87.5000 (84.0077)  time: 0.2121  data: 0.0004  max mem: 41183
Test:  [3000/7958]  eta: 0:17:30  loss: 1.1492 (1.7170)  acc1: 68.7500 (58.3493)  acc5: 93.7500 (83.8595)  time: 0.2122  data: 0.0004  max mem: 41183
Test:  [3100/7958]  eta: 0:17:09  loss: 1.4433 (1.7192)  acc1: 68.7500 (58.3642)  acc5: 87.5000 (83.8076)  time: 0.2118  data: 0.0003  max mem: 41183
Test:  [3200/7958]  eta: 0:16:48  loss: 2.4349 (1.7239)  acc1: 43.7500 (58.3236)  acc5: 75.0000 (83.7375)  time: 0.2116  data: 0.0003  max mem: 41183
Test:  [3300/7958]  eta: 0:16:27  loss: 1.4647 (1.7469)  acc1: 62.5000 (57.8972)  acc5: 81.2500 (83.3876)  time: 0.2113  data: 0.0003  max mem: 41183
Test:  [3400/7958]  eta: 0:16:05  loss: 1.9432 (1.7477)  acc1: 56.2500 (58.0068)  acc5: 81.2500 (83.3725)  time: 0.2115  data: 0.0004  max mem: 41183
Test:  [3500/7958]  eta: 0:15:44  loss: 1.5439 (1.7496)  acc1: 56.2500 (58.0066)  acc5: 87.5000 (83.3548)  time: 0.2115  data: 0.0004  max mem: 41183
Test:  [3600/7958]  eta: 0:15:23  loss: 1.5685 (1.7555)  acc1: 56.2500 (57.8693)  acc5: 81.2500 (83.2720)  time: 0.2115  data: 0.0004  max mem: 41183
Test:  [3700/7958]  eta: 0:15:02  loss: 2.1407 (1.7549)  acc1: 50.0000 (57.9066)  acc5: 75.0000 (83.2951)  time: 0.2121  data: 0.0004  max mem: 41183
Test:  [3800/7958]  eta: 0:14:40  loss: 2.5382 (1.7628)  acc1: 31.2500 (57.7989)  acc5: 68.7500 (83.1886)  time: 0.2119  data: 0.0003  max mem: 41183
Test:  [3900/7958]  eta: 0:14:19  loss: 1.5626 (1.7623)  acc1: 56.2500 (57.8489)  acc5: 87.5000 (83.1934)  time: 0.2120  data: 0.0003  max mem: 41183
Test:  [4000/7958]  eta: 0:13:58  loss: 3.0372 (1.7666)  acc1: 25.0000 (57.7918)  acc5: 62.5000 (83.1089)  time: 0.2115  data: 0.0003  max mem: 41183
Test:  [4100/7958]  eta: 0:13:37  loss: 1.1996 (1.7641)  acc1: 75.0000 (57.9158)  acc5: 87.5000 (83.1367)  time: 0.2115  data: 0.0003  max mem: 41183
Test:  [4200/7958]  eta: 0:13:16  loss: 1.8148 (1.7613)  acc1: 62.5000 (58.0606)  acc5: 81.2500 (83.1424)  time: 0.2116  data: 0.0003  max mem: 41183
Test:  [4300/7958]  eta: 0:12:54  loss: 2.1378 (1.7657)  acc1: 50.0000 (58.0432)  acc5: 81.2500 (83.0592)  time: 0.2116  data: 0.0003  max mem: 41183
Test:  [4400/7958]  eta: 0:12:33  loss: 1.9488 (1.7750)  acc1: 37.5000 (57.8988)  acc5: 87.5000 (82.9016)  time: 0.2113  data: 0.0003  max mem: 41183
Test:  [4500/7958]  eta: 0:12:12  loss: 1.7625 (1.7798)  acc1: 56.2500 (57.7955)  acc5: 75.0000 (82.8580)  time: 0.2117  data: 0.0003  max mem: 41183
Test:  [4600/7958]  eta: 0:11:51  loss: 2.4252 (1.7823)  acc1: 43.7500 (57.8475)  acc5: 68.7500 (82.7660)  time: 0.2118  data: 0.0003  max mem: 41183
Test:  [4700/7958]  eta: 0:11:30  loss: 1.5397 (1.7926)  acc1: 62.5000 (57.6819)  acc5: 81.2500 (82.5862)  time: 0.2119  data: 0.0003  max mem: 41183
Test:  [4800/7958]  eta: 0:11:08  loss: 1.4598 (1.7913)  acc1: 62.5000 (57.7041)  acc5: 87.5000 (82.6143)  time: 0.2119  data: 0.0003  max mem: 41183
Test:  [4900/7958]  eta: 0:10:47  loss: 2.3101 (1.7943)  acc1: 43.7500 (57.6949)  acc5: 75.0000 (82.5265)  time: 0.2114  data: 0.0003  max mem: 41183
Test:  [5000/7958]  eta: 0:10:26  loss: 1.8022 (1.7974)  acc1: 37.5000 (57.5022)  acc5: 87.5000 (82.5260)  time: 0.2114  data: 0.0003  max mem: 41183
Test:  [5100/7958]  eta: 0:10:05  loss: 2.2870 (1.7937)  acc1: 50.0000 (57.5500)  acc5: 68.7500 (82.5880)  time: 0.2111  data: 0.0003  max mem: 41183
Test:  [5200/7958]  eta: 0:09:44  loss: 1.0541 (1.7899)  acc1: 81.2500 (57.6920)  acc5: 93.7500 (82.6307)  time: 0.2112  data: 0.0003  max mem: 41183
Test:  [5300/7958]  eta: 0:09:23  loss: 2.3483 (1.7956)  acc1: 37.5000 (57.6236)  acc5: 75.0000 (82.5564)  time: 0.2117  data: 0.0003  max mem: 41183
Test:  [5400/7958]  eta: 0:09:01  loss: 1.9115 (1.7951)  acc1: 56.2500 (57.7185)  acc5: 81.2500 (82.5518)  time: 0.2117  data: 0.0003  max mem: 41183
Test:  [5500/7958]  eta: 0:08:40  loss: 1.2910 (1.7967)  acc1: 75.0000 (57.7725)  acc5: 87.5000 (82.4873)  time: 0.2118  data: 0.0003  max mem: 41183
Test:  [5600/7958]  eta: 0:08:19  loss: 3.1591 (1.8038)  acc1: 25.0000 (57.7029)  acc5: 62.5000 (82.3614)  time: 0.2121  data: 0.0003  max mem: 41183
Test:  [5700/7958]  eta: 0:07:58  loss: 2.1915 (1.8092)  acc1: 56.2500 (57.6094)  acc5: 75.0000 (82.3079)  time: 0.2117  data: 0.0003  max mem: 41183
Test:  [5800/7958]  eta: 0:07:37  loss: 2.9973 (1.8161)  acc1: 31.2500 (57.5030)  acc5: 68.7500 (82.2035)  time: 0.2114  data: 0.0003  max mem: 41183
Test:  [5900/7958]  eta: 0:07:15  loss: 1.7372 (1.8178)  acc1: 56.2500 (57.5019)  acc5: 81.2500 (82.1683)  time: 0.2115  data: 0.0003  max mem: 41183
Test:  [6000/7958]  eta: 0:06:54  loss: 2.0068 (1.8221)  acc1: 50.0000 (57.4529)  acc5: 81.2500 (82.1030)  time: 0.2114  data: 0.0003  max mem: 41183
Test:  [6100/7958]  eta: 0:06:33  loss: 1.8900 (1.8260)  acc1: 50.0000 (57.4117)  acc5: 81.2500 (82.0337)  time: 0.2115  data: 0.0003  max mem: 41183
Test:  [6200/7958]  eta: 0:06:12  loss: 1.5124 (1.8269)  acc1: 56.2500 (57.4464)  acc5: 87.5000 (82.0029)  time: 0.2118  data: 0.0003  max mem: 41183
Test:  [6300/7958]  eta: 0:05:51  loss: 1.2198 (1.8216)  acc1: 62.5000 (57.5990)  acc5: 93.7500 (82.0842)  time: 0.2116  data: 0.0003  max mem: 41183
Test:  [6400/7958]  eta: 0:05:29  loss: 1.0858 (1.8263)  acc1: 68.7500 (57.5330)  acc5: 87.5000 (82.0204)  time: 0.2120  data: 0.0003  max mem: 41183
Test:  [6500/7958]  eta: 0:05:08  loss: 1.0265 (1.8236)  acc1: 68.7500 (57.6084)  acc5: 87.5000 (82.0460)  time: 0.2119  data: 0.0003  max mem: 41183
Test:  [6600/7958]  eta: 0:04:47  loss: 2.7148 (1.8313)  acc1: 50.0000 (57.4903)  acc5: 62.5000 (81.8995)  time: 0.2113  data: 0.0003  max mem: 41183
Test:  [6700/7958]  eta: 0:04:26  loss: 0.8379 (1.8302)  acc1: 75.0000 (57.4970)  acc5: 93.7500 (81.9178)  time: 0.2115  data: 0.0003  max mem: 41183
Test:  [6800/7958]  eta: 0:04:05  loss: 1.6613 (1.8313)  acc1: 56.2500 (57.5072)  acc5: 81.2500 (81.9236)  time: 0.2113  data: 0.0003  max mem: 41183
Test:  [6900/7958]  eta: 0:03:44  loss: 1.5316 (1.8272)  acc1: 37.5000 (57.6339)  acc5: 81.2500 (81.9791)  time: 0.2113  data: 0.0003  max mem: 41183
Test:  [7000/7958]  eta: 0:03:22  loss: 0.7990 (1.8229)  acc1: 81.2500 (57.7525)  acc5: 93.7500 (82.0026)  time: 0.2116  data: 0.0003  max mem: 41183
Test:  [7100/7958]  eta: 0:03:01  loss: 0.7136 (1.8291)  acc1: 87.5000 (57.6565)  acc5: 93.7500 (81.9119)  time: 0.2119  data: 0.0003  max mem: 41183
Test:  [7200/7958]  eta: 0:02:40  loss: 2.2354 (1.8327)  acc1: 37.5000 (57.5762)  acc5: 81.2500 (81.8758)  time: 0.2120  data: 0.0003  max mem: 41183
Test:  [7300/7958]  eta: 0:02:19  loss: 1.6346 (1.8260)  acc1: 50.0000 (57.7301)  acc5: 93.7500 (81.9657)  time: 0.2121  data: 0.0003  max mem: 41183
Test:  [7400/7958]  eta: 0:01:58  loss: 1.8145 (1.8277)  acc1: 50.0000 (57.6915)  acc5: 81.2500 (81.9416)  time: 0.2115  data: 0.0003  max mem: 41183
Test:  [7500/7958]  eta: 0:01:36  loss: 1.4670 (1.8274)  acc1: 62.5000 (57.6840)  acc5: 87.5000 (81.9341)  time: 0.2114  data: 0.0003  max mem: 41183
Test:  [7600/7958]  eta: 0:01:15  loss: 1.4483 (1.8290)  acc1: 68.7500 (57.6668)  acc5: 81.2500 (81.8922)  time: 0.2115  data: 0.0003  max mem: 41183
Test:  [7700/7958]  eta: 0:00:54  loss: 1.9273 (1.8340)  acc1: 50.0000 (57.5226)  acc5: 81.2500 (81.8205)  time: 0.2113  data: 0.0003  max mem: 41183
Test:  [7800/7958]  eta: 0:00:33  loss: 1.0676 (1.8318)  acc1: 68.7500 (57.5119)  acc5: 93.7500 (81.8966)  time: 0.2110  data: 0.0003  max mem: 41183
Test:  [7900/7958]  eta: 0:00:12  loss: 1.1308 (1.8278)  acc1: 68.7500 (57.6375)  acc5: 93.7500 (81.9279)  time: 0.2120  data: 0.0003  max mem: 41183
Test: Total time: 0:28:05
 * Acc@1 = 57.70843804976125, Acc@5 = 81.95683588841418, loss = 1.8254026095873224
Namespace(model='QKFormer_10_768', dataset='es-imagenet', num_classes=1000, data_path='/model/es-imagenet', device='cuda', batch_size=16, workers=4, print_freq=3072, output_dir='./logs4', resume='', sync_bn=False, test_only=False, amp=True, world_size=1, dist_url='env://', tb=True, T=8, opt='adamw', opt_eps=1e-08, opt_betas=None, weight_decay=0.01, momentum=0.9, connect_f='ADD', T_train=None, sched='cosine', lr=0.0005, lr_noise=None, lr_noise_pct=0.67, lr_noise_std=1.0, lr_cycle_mul=1.0, lr_cycle_limit=1, warmup_lr=1e-05, min_lr=1e-06, epochs=100, epoch_repeats=0.0, start_epoch=0, decay_epochs=20, warmup_epochs=20, cooldown_epochs=10, patience_epochs=10, decay_rate=0.1, smoothing=0.1, mixup=0.5, cutmix=0.0, cutmix_minmax=None, mixup_prob=0.5, mixup_switch_prob=0.5, mixup_mode='batch', mixup_off_epoch=0, grad_clip=5.0, distributed=False)
Training time 13 days, 21:09:35 max_test_acc1 59.107187735611966 test_acc5_at_max_test_acc1 82.81603417944207
./logs4/QKFormer_10_768_b16_T8_wd0.01_adamw_cnf_ADD/lr0.0005
Epoch: [41]  [    0/71874]  eta: 21:01:38  lr: 0.0003201082809567877  img/s: 42.52036019048633  loss: 2.7555 (2.7555)  acc1: 62.5000 (62.5000)  acc5: 75.0000 (75.0000)  time: 1.0532  data: 0.6769  max mem: 41183
Epoch: [41]  [ 3072/71874]  eta: 7:08:13  lr: 0.0003201082809567877  img/s: 42.92788619919618  loss: 3.0096 (3.1684)  acc1: 37.5000 (50.8623)  acc5: 75.0000 (74.7417)  time: 0.3711  data: 0.0002  max mem: 41183
Epoch: [41]  [ 6144/71874]  eta: 6:48:50  lr: 0.0003201082809567877  img/s: 43.04891275760185  loss: 2.6008 (3.1697)  acc1: 56.2500 (50.9571)  acc5: 81.2500 (74.6501)  time: 0.3723  data: 0.0002  max mem: 41183
Epoch: [41]  [ 9216/71874]  eta: 6:29:43  lr: 0.0003201082809567877  img/s: 37.16231696100023  loss: 3.0919 (3.1855)  acc1: 50.0000 (50.5777)  acc5: 75.0000 (74.3612)  time: 0.3753  data: 0.0002  max mem: 41183
Epoch: [41]  [12288/71874]  eta: 6:10:34  lr: 0.0003201082809567877  img/s: 43.07508002498153  loss: 2.6222 (3.1828)  acc1: 56.2500 (50.5945)  acc5: 81.2500 (74.3958)  time: 0.3709  data: 0.0002  max mem: 41183
Epoch: [41]  [15360/71874]  eta: 5:51:20  lr: 0.0003201082809567877  img/s: 42.853078692381075  loss: 3.0531 (3.1821)  acc1: 50.0000 (50.5631)  acc5: 75.0000 (74.4320)  time: 0.3762  data: 0.0002  max mem: 41183
Epoch: [41]  [18432/71874]  eta: 5:32:12  lr: 0.0003201082809567877  img/s: 43.211959181360655  loss: 2.7073 (3.1856)  acc1: 43.7500 (50.4879)  acc5: 81.2500 (74.3734)  time: 0.3723  data: 0.0002  max mem: 41183
Epoch: [41]  [21504/71874]  eta: 5:13:04  lr: 0.0003201082809567877  img/s: 43.021536133958165  loss: 3.2237 (3.1924)  acc1: 43.7500 (50.3639)  acc5: 75.0000 (74.2606)  time: 0.3730  data: 0.0002  max mem: 41183
Epoch: [41]  [24576/71874]  eta: 4:53:58  lr: 0.0003201082809567877  img/s: 43.312919356962325  loss: 3.1912 (3.1949)  acc1: 43.7500 (50.3362)  acc5: 75.0000 (74.2137)  time: 0.3714  data: 0.0002  max mem: 41183
Epoch: [41]  [27648/71874]  eta: 4:34:51  lr: 0.0003201082809567877  img/s: 42.88051526498064  loss: 2.9674 (3.1976)  acc1: 43.7500 (50.2785)  acc5: 68.7500 (74.1349)  time: 0.3725  data: 0.0002  max mem: 41183
Epoch: [41]  [30720/71874]  eta: 4:15:44  lr: 0.0003201082809567877  img/s: 43.425617730324355  loss: 2.9365 (3.2007)  acc1: 50.0000 (50.2146)  acc5: 75.0000 (74.0603)  time: 0.3714  data: 0.0002  max mem: 41183
Epoch: [41]  [33792/71874]  eta: 3:56:38  lr: 0.0003201082809567877  img/s: 43.070490855308044  loss: 2.9936 (3.2057)  acc1: 50.0000 (50.1015)  acc5: 75.0000 (73.9828)  time: 0.3724  data: 0.0002  max mem: 41183
Epoch: [41]  [36864/71874]  eta: 3:37:31  lr: 0.0003201082809567877  img/s: 43.1506375613015  loss: 2.7379 (3.2084)  acc1: 50.0000 (50.0517)  acc5: 81.2500 (73.9562)  time: 0.3713  data: 0.0002  max mem: 41183
Epoch: [41]  [39936/71874]  eta: 3:18:25  lr: 0.0003201082809567877  img/s: 42.93148374896524  loss: 2.8534 (3.2115)  acc1: 56.2500 (49.9872)  acc5: 75.0000 (73.8862)  time: 0.3710  data: 0.0002  max mem: 41183
Epoch: [41]  [43008/71874]  eta: 2:59:20  lr: 0.0003201082809567877  img/s: 43.134440197273825  loss: 3.0595 (3.2136)  acc1: 43.7500 (49.9307)  acc5: 68.7500 (73.8408)  time: 0.3727  data: 0.0002  max mem: 41183
Epoch: [41]  [46080/71874]  eta: 2:40:14  lr: 0.0003201082809567877  img/s: 42.94972793565176  loss: 3.1463 (3.2163)  acc1: 50.0000 (49.8792)  acc5: 75.0000 (73.7812)  time: 0.3711  data: 0.0002  max mem: 41183
Epoch: [41]  [49152/71874]  eta: 2:21:09  lr: 0.0003201082809567877  img/s: 43.205115428047556  loss: 2.8169 (3.2186)  acc1: 50.0000 (49.8380)  acc5: 75.0000 (73.7363)  time: 0.3742  data: 0.0002  max mem: 41183
Epoch: [41]  [52224/71874]  eta: 2:02:04  lr: 0.0003201082809567877  img/s: 42.831499140611086  loss: 3.5031 (3.2201)  acc1: 43.7500 (49.8103)  acc5: 68.7500 (73.6933)  time: 0.3718  data: 0.0002  max mem: 41183
Epoch: [41]  [55296/71874]  eta: 1:42:59  lr: 0.0003201082809567877  img/s: 43.05145348426937  loss: 2.9183 (3.2219)  acc1: 50.0000 (49.7640)  acc5: 75.0000 (73.6544)  time: 0.3757  data: 0.0002  max mem: 41183
Epoch: [41]  [58368/71874]  eta: 1:23:54  lr: 0.0003201082809567877  img/s: 42.71568668013104  loss: 2.9898 (3.2234)  acc1: 50.0000 (49.7184)  acc5: 75.0000 (73.6159)  time: 0.3723  data: 0.0002  max mem: 41183
Epoch: [41]  [61440/71874]  eta: 1:04:49  lr: 0.0003201082809567877  img/s: 43.193102374083956  loss: 2.9679 (3.2257)  acc1: 50.0000 (49.6807)  acc5: 75.0000 (73.5717)  time: 0.3718  data: 0.0002  max mem: 41183
Epoch: [41]  [64512/71874]  eta: 0:45:44  lr: 0.0003201082809567877  img/s: 43.31532359566517  loss: 3.0980 (3.2289)  acc1: 50.0000 (49.6247)  acc5: 68.7500 (73.5035)  time: 0.3713  data: 0.0002  max mem: 41183
Epoch: [41]  [67584/71874]  eta: 0:26:38  lr: 0.0003201082809567877  img/s: 42.62845222623254  loss: 3.2802 (3.2312)  acc1: 43.7500 (49.5732)  acc5: 68.7500 (73.4614)  time: 0.3721  data: 0.0002  max mem: 41183
Epoch: [41]  [70656/71874]  eta: 0:07:33  lr: 0.0003201082809567877  img/s: 43.04767012007495  loss: 2.7756 (3.2336)  acc1: 50.0000 (49.5189)  acc5: 75.0000 (73.4136)  time: 0.3723  data: 0.0002  max mem: 41183
Epoch: [41] Total time: 7:26:27
Test:  [   0/7958]  eta: 2:03:57  loss: 0.3464 (0.3464)  acc1: 93.7500 (93.7500)  acc5: 100.0000 (100.0000)  time: 0.9346  data: 0.7240  max mem: 41183
Test:  [ 100/7958]  eta: 0:28:38  loss: 1.5351 (1.2448)  acc1: 62.5000 (72.5248)  acc5: 87.5000 (88.8614)  time: 0.2117  data: 0.0003  max mem: 41183
Test:  [ 200/7958]  eta: 0:27:49  loss: 1.5117 (1.4054)  acc1: 62.5000 (67.3197)  acc5: 87.5000 (86.8470)  time: 0.2119  data: 0.0003  max mem: 41183
Test:  [ 300/7958]  eta: 0:27:18  loss: 1.4662 (1.3873)  acc1: 62.5000 (67.0058)  acc5: 87.5000 (87.4585)  time: 0.2118  data: 0.0003  max mem: 41183
Test:  [ 400/7958]  eta: 0:26:52  loss: 0.7042 (1.3417)  acc1: 75.0000 (67.9551)  acc5: 93.7500 (88.0455)  time: 0.2113  data: 0.0003  max mem: 41183
Test:  [ 500/7958]  eta: 0:26:28  loss: 1.3270 (1.3663)  acc1: 62.5000 (67.6522)  acc5: 87.5000 (87.5624)  time: 0.2114  data: 0.0003  max mem: 41183
Test:  [ 600/7958]  eta: 0:26:05  loss: 2.1870 (1.4543)  acc1: 43.7500 (65.3390)  acc5: 75.0000 (86.6057)  time: 0.2116  data: 0.0004  max mem: 41183
Test:  [ 700/7958]  eta: 0:25:43  loss: 1.9160 (1.5642)  acc1: 56.2500 (63.0171)  acc5: 75.0000 (85.0481)  time: 0.2115  data: 0.0003  max mem: 41183
Test:  [ 800/7958]  eta: 0:25:21  loss: 1.4335 (1.6138)  acc1: 62.5000 (61.6495)  acc5: 87.5000 (84.3555)  time: 0.2116  data: 0.0004  max mem: 41183
Test:  [ 900/7958]  eta: 0:24:59  loss: 1.9776 (1.6521)  acc1: 56.2500 (60.6826)  acc5: 81.2500 (83.9137)  time: 0.2118  data: 0.0003  max mem: 41183
Test:  [1000/7958]  eta: 0:24:37  loss: 2.1950 (1.7125)  acc1: 31.2500 (59.3719)  acc5: 68.7500 (83.1419)  time: 0.2121  data: 0.0003  max mem: 41183
Test:  [1100/7958]  eta: 0:24:15  loss: 1.8139 (1.7272)  acc1: 50.0000 (59.0543)  acc5: 81.2500 (83.1233)  time: 0.2119  data: 0.0003  max mem: 41183
Test:  [1200/7958]  eta: 0:23:54  loss: 2.0479 (1.7571)  acc1: 43.7500 (58.1599)  acc5: 81.2500 (82.8268)  time: 0.2117  data: 0.0003  max mem: 41183
Test:  [1300/7958]  eta: 0:23:32  loss: 1.5816 (1.7481)  acc1: 62.5000 (58.1043)  acc5: 87.5000 (83.0323)  time: 0.2116  data: 0.0003  max mem: 41183
Test:  [1400/7958]  eta: 0:23:11  loss: 2.3036 (1.7629)  acc1: 37.5000 (57.6954)  acc5: 75.0000 (82.8158)  time: 0.2114  data: 0.0003  max mem: 41183
Test:  [1500/7958]  eta: 0:22:49  loss: 2.1233 (1.7744)  acc1: 37.5000 (57.1827)  acc5: 87.5000 (82.7823)  time: 0.2115  data: 0.0004  max mem: 41183
Test:  [1600/7958]  eta: 0:22:28  loss: 1.2446 (1.7701)  acc1: 68.7500 (57.2064)  acc5: 87.5000 (82.9443)  time: 0.2115  data: 0.0003  max mem: 41183
Test:  [1700/7958]  eta: 0:22:07  loss: 0.7371 (1.7499)  acc1: 75.0000 (57.5654)  acc5: 93.7500 (83.3297)  time: 0.2119  data: 0.0003  max mem: 41183
Test:  [1800/7958]  eta: 0:21:45  loss: 1.2224 (1.7284)  acc1: 68.7500 (58.1795)  acc5: 87.5000 (83.5682)  time: 0.2120  data: 0.0004  max mem: 41183
Test:  [1900/7958]  eta: 0:21:24  loss: 1.8738 (1.7304)  acc1: 50.0000 (58.1996)  acc5: 87.5000 (83.5679)  time: 0.2117  data: 0.0003  max mem: 41183
Test:  [2000/7958]  eta: 0:21:03  loss: 0.4023 (1.6991)  acc1: 93.7500 (59.0830)  acc5: 100.0000 (83.9018)  time: 0.2119  data: 0.0003  max mem: 41183
Test:  [2100/7958]  eta: 0:20:41  loss: 1.2003 (1.6874)  acc1: 68.7500 (59.4360)  acc5: 87.5000 (84.0641)  time: 0.2113  data: 0.0003  max mem: 41183
Test:  [2200/7958]  eta: 0:20:20  loss: 1.4513 (1.6901)  acc1: 62.5000 (59.3480)  acc5: 87.5000 (84.0129)  time: 0.2116  data: 0.0003  max mem: 41183
Test:  [2300/7958]  eta: 0:19:59  loss: 1.9078 (1.6788)  acc1: 50.0000 (59.4796)  acc5: 81.2500 (84.2351)  time: 0.2113  data: 0.0003  max mem: 41183
Test:  [2400/7958]  eta: 0:19:37  loss: 1.1955 (1.6702)  acc1: 62.5000 (59.6496)  acc5: 93.7500 (84.3294)  time: 0.2115  data: 0.0003  max mem: 41183
Test:  [2500/7958]  eta: 0:19:16  loss: 2.1229 (1.6858)  acc1: 37.5000 (59.1588)  acc5: 81.2500 (84.1114)  time: 0.2114  data: 0.0003  max mem: 41183
Test:  [2600/7958]  eta: 0:18:55  loss: 1.4562 (1.6739)  acc1: 62.5000 (59.3498)  acc5: 87.5000 (84.2873)  time: 0.2122  data: 0.0004  max mem: 41183
Test:  [2700/7958]  eta: 0:18:34  loss: 1.2237 (1.6557)  acc1: 75.0000 (59.8737)  acc5: 87.5000 (84.4826)  time: 0.2118  data: 0.0003  max mem: 41183
Test:  [2800/7958]  eta: 0:18:12  loss: 2.0516 (1.6562)  acc1: 50.0000 (59.9429)  acc5: 75.0000 (84.4676)  time: 0.2119  data: 0.0003  max mem: 41183
Test:  [2900/7958]  eta: 0:17:51  loss: 1.3912 (1.6611)  acc1: 62.5000 (59.9233)  acc5: 87.5000 (84.3912)  time: 0.2117  data: 0.0003  max mem: 41183
Test:  [3000/7958]  eta: 0:17:30  loss: 1.2905 (1.6692)  acc1: 62.5000 (59.8863)  acc5: 93.7500 (84.2698)  time: 0.2111  data: 0.0003  max mem: 41183
Test:  [3100/7958]  eta: 0:17:09  loss: 1.8608 (1.6741)  acc1: 62.5000 (59.8396)  acc5: 81.2500 (84.1866)  time: 0.2112  data: 0.0003  max mem: 41183
Test:  [3200/7958]  eta: 0:16:48  loss: 2.1178 (1.6751)  acc1: 56.2500 (59.8133)  acc5: 81.2500 (84.1807)  time: 0.2117  data: 0.0003  max mem: 41183
Test:  [3300/7958]  eta: 0:16:26  loss: 2.6172 (1.6977)  acc1: 43.7500 (59.4384)  acc5: 68.7500 (83.8401)  time: 0.2112  data: 0.0003  max mem: 41183
Test:  [3400/7958]  eta: 0:16:05  loss: 1.6986 (1.6951)  acc1: 50.0000 (59.5854)  acc5: 81.2500 (83.8522)  time: 0.2117  data: 0.0003  max mem: 41183
Test:  [3500/7958]  eta: 0:15:44  loss: 1.5777 (1.6862)  acc1: 62.5000 (59.8204)  acc5: 87.5000 (83.9367)  time: 0.2119  data: 0.0003  max mem: 41183
Test:  [3600/7958]  eta: 0:15:23  loss: 2.1548 (1.6910)  acc1: 50.0000 (59.6813)  acc5: 75.0000 (83.8934)  time: 0.2118  data: 0.0003  max mem: 41183
Test:  [3700/7958]  eta: 0:15:01  loss: 2.1777 (1.6926)  acc1: 50.0000 (59.6190)  acc5: 81.2500 (83.9216)  time: 0.2119  data: 0.0003  max mem: 41183
Test:  [3800/7958]  eta: 0:14:40  loss: 1.7854 (1.6993)  acc1: 62.5000 (59.5304)  acc5: 87.5000 (83.8464)  time: 0.2112  data: 0.0003  max mem: 41183
Test:  [3900/7958]  eta: 0:14:19  loss: 1.6018 (1.6970)  acc1: 62.5000 (59.6273)  acc5: 87.5000 (83.9048)  time: 0.2115  data: 0.0003  max mem: 41183
Test:  [4000/7958]  eta: 0:13:58  loss: 2.5856 (1.7039)  acc1: 37.5000 (59.4883)  acc5: 68.7500 (83.7916)  time: 0.2114  data: 0.0003  max mem: 41183
Test:  [4100/7958]  eta: 0:13:37  loss: 0.8474 (1.6975)  acc1: 75.0000 (59.6851)  acc5: 93.7500 (83.8424)  time: 0.2115  data: 0.0003  max mem: 41183
Test:  [4200/7958]  eta: 0:13:15  loss: 1.7833 (1.6977)  acc1: 56.2500 (59.7060)  acc5: 81.2500 (83.8357)  time: 0.2115  data: 0.0003  max mem: 41183
Test:  [4300/7958]  eta: 0:12:54  loss: 2.5155 (1.6974)  acc1: 43.7500 (59.7565)  acc5: 75.0000 (83.8235)  time: 0.2119  data: 0.0003  max mem: 41183
Test:  [4400/7958]  eta: 0:12:33  loss: 1.0972 (1.7084)  acc1: 50.0000 (59.5944)  acc5: 93.7500 (83.6358)  time: 0.2119  data: 0.0003  max mem: 41183
Test:  [4500/7958]  eta: 0:12:12  loss: 2.0710 (1.7118)  acc1: 50.0000 (59.5576)  acc5: 81.2500 (83.5911)  time: 0.2120  data: 0.0003  max mem: 41183
Test:  [4600/7958]  eta: 0:11:51  loss: 1.9464 (1.7157)  acc1: 56.2500 (59.5604)  acc5: 81.2500 (83.5199)  time: 0.2113  data: 0.0004  max mem: 41183
Test:  [4700/7958]  eta: 0:11:29  loss: 1.5488 (1.7254)  acc1: 62.5000 (59.3597)  acc5: 81.2500 (83.3825)  time: 0.2113  data: 0.0003  max mem: 41183
Test:  [4800/7958]  eta: 0:11:08  loss: 1.2491 (1.7245)  acc1: 68.7500 (59.3509)  acc5: 87.5000 (83.4097)  time: 0.2115  data: 0.0003  max mem: 41183
Test:  [4900/7958]  eta: 0:10:47  loss: 1.9873 (1.7280)  acc1: 56.2500 (59.3642)  acc5: 81.2500 (83.3312)  time: 0.2115  data: 0.0003  max mem: 41183
Test:  [5000/7958]  eta: 0:10:26  loss: 2.3710 (1.7293)  acc1: 31.2500 (59.2369)  acc5: 81.2500 (83.3383)  time: 0.2111  data: 0.0003  max mem: 41183
Test:  [5100/7958]  eta: 0:10:05  loss: 1.9759 (1.7312)  acc1: 56.2500 (59.1122)  acc5: 81.2500 (83.3623)  time: 0.2116  data: 0.0003  max mem: 41183
Test:  [5200/7958]  eta: 0:09:44  loss: 0.6953 (1.7289)  acc1: 81.2500 (59.2026)  acc5: 93.7500 (83.3794)  time: 0.2118  data: 0.0003  max mem: 41183
Test:  [5300/7958]  eta: 0:09:22  loss: 1.8811 (1.7302)  acc1: 43.7500 (59.2152)  acc5: 75.0000 (83.3522)  time: 0.2119  data: 0.0003  max mem: 41183
Test:  [5400/7958]  eta: 0:09:01  loss: 1.9432 (1.7301)  acc1: 50.0000 (59.2795)  acc5: 81.2500 (83.3376)  time: 0.2120  data: 0.0003  max mem: 41183
Test:  [5500/7958]  eta: 0:08:40  loss: 1.1737 (1.7342)  acc1: 68.7500 (59.2597)  acc5: 87.5000 (83.2667)  time: 0.2110  data: 0.0003  max mem: 41183
Test:  [5600/7958]  eta: 0:08:19  loss: 2.4354 (1.7377)  acc1: 43.7500 (59.2629)  acc5: 81.2500 (83.1983)  time: 0.2115  data: 0.0003  max mem: 41183
Test:  [5700/7958]  eta: 0:07:58  loss: 2.0666 (1.7427)  acc1: 50.0000 (59.1486)  acc5: 81.2500 (83.1455)  time: 0.2115  data: 0.0003  max mem: 41183
Test:  [5800/7958]  eta: 0:07:36  loss: 2.2053 (1.7472)  acc1: 37.5000 (59.0125)  acc5: 87.5000 (83.0891)  time: 0.2114  data: 0.0003  max mem: 41183
Test:  [5900/7958]  eta: 0:07:15  loss: 1.3746 (1.7480)  acc1: 62.5000 (58.9911)  acc5: 87.5000 (83.0717)  time: 0.2116  data: 0.0003  max mem: 41183
Test:  [6000/7958]  eta: 0:06:54  loss: 1.8306 (1.7526)  acc1: 56.2500 (58.9443)  acc5: 75.0000 (82.9987)  time: 0.2117  data: 0.0003  max mem: 41183
Test:  [6100/7958]  eta: 0:06:33  loss: 1.9350 (1.7551)  acc1: 56.2500 (58.9176)  acc5: 81.2500 (82.9505)  time: 0.2122  data: 0.0004  max mem: 41183
Test:  [6200/7958]  eta: 0:06:12  loss: 1.7855 (1.7564)  acc1: 56.2500 (58.9250)  acc5: 87.5000 (82.9140)  time: 0.2119  data: 0.0003  max mem: 41183
Test:  [6300/7958]  eta: 0:05:51  loss: 1.2410 (1.7507)  acc1: 62.5000 (59.0650)  acc5: 87.5000 (82.9769)  time: 0.2117  data: 0.0003  max mem: 41183
Test:  [6400/7958]  eta: 0:05:29  loss: 0.5827 (1.7489)  acc1: 87.5000 (59.1285)  acc5: 93.7500 (82.9861)  time: 0.2115  data: 0.0003  max mem: 41183
Test:  [6500/7958]  eta: 0:05:08  loss: 0.8496 (1.7454)  acc1: 81.2500 (59.2159)  acc5: 93.7500 (83.0257)  time: 0.2111  data: 0.0003  max mem: 41183
Test:  [6600/7958]  eta: 0:04:47  loss: 2.4703 (1.7517)  acc1: 50.0000 (59.0981)  acc5: 75.0000 (82.9136)  time: 0.2115  data: 0.0003  max mem: 41183
Test:  [6700/7958]  eta: 0:04:26  loss: 1.0218 (1.7490)  acc1: 75.0000 (59.1479)  acc5: 87.5000 (82.9456)  time: 0.2113  data: 0.0003  max mem: 41183
Test:  [6800/7958]  eta: 0:04:05  loss: 1.7848 (1.7480)  acc1: 43.7500 (59.1972)  acc5: 81.2500 (82.9474)  time: 0.2116  data: 0.0003  max mem: 41183
Test:  [6900/7958]  eta: 0:03:44  loss: 1.3685 (1.7446)  acc1: 43.7500 (59.2278)  acc5: 87.5000 (82.9862)  time: 0.2119  data: 0.0003  max mem: 41183
Test:  [7000/7958]  eta: 0:03:22  loss: 1.5133 (1.7457)  acc1: 68.7500 (59.2585)  acc5: 87.5000 (82.9605)  time: 0.2120  data: 0.0003  max mem: 41183
Test:  [7100/7958]  eta: 0:03:01  loss: 0.6024 (1.7486)  acc1: 87.5000 (59.1994)  acc5: 93.7500 (82.9047)  time: 0.2117  data: 0.0003  max mem: 41183
Test:  [7200/7958]  eta: 0:02:40  loss: 2.3013 (1.7539)  acc1: 43.7500 (59.1029)  acc5: 81.2500 (82.8270)  time: 0.2118  data: 0.0003  max mem: 41183
Test:  [7300/7958]  eta: 0:02:19  loss: 2.4921 (1.7511)  acc1: 37.5000 (59.2102)  acc5: 75.0000 (82.8568)  time: 0.2114  data: 0.0004  max mem: 41183
Test:  [7400/7958]  eta: 0:01:58  loss: 2.7545 (1.7581)  acc1: 25.0000 (59.0815)  acc5: 62.5000 (82.7549)  time: 0.2115  data: 0.0003  max mem: 41183
Test:  [7500/7958]  eta: 0:01:36  loss: 1.8371 (1.7582)  acc1: 50.0000 (59.0638)  acc5: 87.5000 (82.7331)  time: 0.2114  data: 0.0003  max mem: 41183
Test:  [7600/7958]  eta: 0:01:15  loss: 1.3453 (1.7581)  acc1: 68.7500 (59.0778)  acc5: 81.2500 (82.7144)  time: 0.2113  data: 0.0003  max mem: 41183
Test:  [7700/7958]  eta: 0:00:54  loss: 1.7455 (1.7655)  acc1: 56.2500 (58.9112)  acc5: 81.2500 (82.6086)  time: 0.2116  data: 0.0003  max mem: 41183
Test:  [7800/7958]  eta: 0:00:33  loss: 1.3997 (1.7671)  acc1: 62.5000 (58.8098)  acc5: 87.5000 (82.6376)  time: 0.2115  data: 0.0003  max mem: 41183
Test:  [7900/7958]  eta: 0:00:12  loss: 1.1778 (1.7647)  acc1: 75.0000 (58.8857)  acc5: 93.7500 (82.6509)  time: 0.2121  data: 0.0003  max mem: 41183
Test: Total time: 0:28:04
 * Acc@1 = 58.931264136717765, Acc@5 = 82.6550326715255, loss = 1.763617129087332
Namespace(model='QKFormer_10_768', dataset='es-imagenet', num_classes=1000, data_path='/model/es-imagenet', device='cuda', batch_size=16, workers=4, print_freq=3072, output_dir='./logs4', resume='', sync_bn=False, test_only=False, amp=True, world_size=1, dist_url='env://', tb=True, T=8, opt='adamw', opt_eps=1e-08, opt_betas=None, weight_decay=0.01, momentum=0.9, connect_f='ADD', T_train=None, sched='cosine', lr=0.0005, lr_noise=None, lr_noise_pct=0.67, lr_noise_std=1.0, lr_cycle_mul=1.0, lr_cycle_limit=1, warmup_lr=1e-05, min_lr=1e-06, epochs=100, epoch_repeats=0.0, start_epoch=0, decay_epochs=20, warmup_epochs=20, cooldown_epochs=10, patience_epochs=10, decay_rate=0.1, smoothing=0.1, mixup=0.5, cutmix=0.0, cutmix_minmax=None, mixup_prob=0.5, mixup_switch_prob=0.5, mixup_mode='batch', mixup_off_epoch=0, grad_clip=5.0, distributed=False)
Training time 14 days, 5:04:08 max_test_acc1 59.107187735611966 test_acc5_at_max_test_acc1 82.81603417944207
./logs4/QKFormer_10_768_b16_T8_wd0.01_adamw_cnf_ADD/lr0.0005
Epoch: [42]  [    0/71874]  eta: 21:01:47  lr: 0.00031254812684763125  img/s: 42.27748130051287  loss: 3.0630 (3.0630)  acc1: 56.2500 (56.2500)  acc5: 87.5000 (87.5000)  time: 1.0533  data: 0.6749  max mem: 41183
Epoch: [42]  [ 3072/71874]  eta: 7:07:33  lr: 0.00031254812684763125  img/s: 42.467352551438196  loss: 2.9271 (3.1476)  acc1: 56.2500 (51.4034)  acc5: 75.0000 (75.0163)  time: 0.3719  data: 0.0002  max mem: 41183
Epoch: [42]  [ 6144/71874]  eta: 6:48:23  lr: 0.00031254812684763125  img/s: 43.159601260531225  loss: 3.0366 (3.1599)  acc1: 50.0000 (51.0313)  acc5: 75.0000 (74.8220)  time: 0.3725  data: 0.0002  max mem: 41183
Epoch: [42]  [ 9216/71874]  eta: 6:29:18  lr: 0.00031254812684763125  img/s: 42.92302634524487  loss: 2.9543 (3.1638)  acc1: 50.0000 (50.9731)  acc5: 75.0000 (74.7274)  time: 0.3714  data: 0.0002  max mem: 41183
Epoch: [42]  [12288/71874]  eta: 6:10:12  lr: 0.00031254812684763125  img/s: 43.1498606977266  loss: 2.7565 (3.1729)  acc1: 50.0000 (50.8117)  acc5: 75.0000 (74.5214)  time: 0.3724  data: 0.0002  max mem: 41183
Epoch: [42]  [15360/71874]  eta: 5:51:04  lr: 0.00031254812684763125  img/s: 42.38361770605444  loss: 3.5683 (3.1764)  acc1: 43.7500 (50.7397)  acc5: 68.7500 (74.4479)  time: 0.3717  data: 0.0002  max mem: 41183
Epoch: [42]  [18432/71874]  eta: 5:32:01  lr: 0.00031254812684763125  img/s: 43.15060981569214  loss: 2.7066 (3.1793)  acc1: 56.2500 (50.7090)  acc5: 81.2500 (74.4053)  time: 0.3716  data: 0.0002  max mem: 41183
Epoch: [42]  [21504/71874]  eta: 5:12:53  lr: 0.00031254812684763125  img/s: 42.655737392318024  loss: 2.9571 (3.1853)  acc1: 50.0000 (50.5740)  acc5: 81.2500 (74.2964)  time: 0.3716  data: 0.0002  max mem: 41183
Epoch: [42]  [24576/71874]  eta: 4:53:48  lr: 0.00031254812684763125  img/s: 43.20047070062423  loss: 2.8899 (3.1883)  acc1: 50.0000 (50.5142)  acc5: 75.0000 (74.2460)  time: 0.3720  data: 0.0002  max mem: 41183
Epoch: [42]  [27648/71874]  eta: 4:34:43  lr: 0.00031254812684763125  img/s: 42.59514504873041  loss: 2.7656 (3.1900)  acc1: 50.0000 (50.4926)  acc5: 75.0000 (74.2120)  time: 0.3724  data: 0.0002  max mem: 41183
Epoch: [42]  [30720/71874]  eta: 4:15:39  lr: 0.00031254812684763125  img/s: 43.262352477780205  loss: 3.2147 (3.1939)  acc1: 50.0000 (50.4429)  acc5: 75.0000 (74.1567)  time: 0.3721  data: 0.0002  max mem: 41183
Epoch: [42]  [33792/71874]  eta: 3:56:34  lr: 0.00031254812684763125  img/s: 42.42134061543908  loss: 3.3092 (3.1971)  acc1: 43.7500 (50.3623)  acc5: 75.0000 (74.0716)  time: 0.3718  data: 0.0002  max mem: 41183
Epoch: [42]  [36864/71874]  eta: 3:37:29  lr: 0.00031254812684763125  img/s: 42.96597940850511  loss: 3.0505 (3.1985)  acc1: 56.2500 (50.2906)  acc5: 75.0000 (74.0309)  time: 0.3735  data: 0.0002  max mem: 41183
Epoch: [42]  [39936/71874]  eta: 3:18:24  lr: 0.00031254812684763125  img/s: 43.212849585056894  loss: 3.0938 (3.2013)  acc1: 50.0000 (50.2307)  acc5: 75.0000 (73.9681)  time: 0.3774  data: 0.0002  max mem: 41183
Epoch: [42]  [43008/71874]  eta: 2:59:19  lr: 0.00031254812684763125  img/s: 42.80565419258214  loss: 3.2248 (3.2053)  acc1: 43.7500 (50.1491)  acc5: 68.7500 (73.8845)  time: 0.3723  data: 0.0002  max mem: 41183
Epoch: [42]  [46080/71874]  eta: 2:40:14  lr: 0.00031254812684763125  img/s: 43.17023487038096  loss: 3.4409 (3.2091)  acc1: 43.7500 (50.0760)  acc5: 68.7500 (73.8314)  time: 0.3758  data: 0.0002  max mem: 41183
Epoch: [42]  [49152/71874]  eta: 2:21:09  lr: 0.00031254812684763125  img/s: 43.29458882669743  loss: 3.3374 (3.2102)  acc1: 43.7500 (50.0460)  acc5: 68.7500 (73.8212)  time: 0.3716  data: 0.0002  max mem: 41183
Epoch: [42]  [52224/71874]  eta: 2:02:04  lr: 0.00031254812684763125  img/s: 42.375588822909855  loss: 2.7176 (3.2122)  acc1: 56.2500 (50.0227)  acc5: 81.2500 (73.7855)  time: 0.3716  data: 0.0002  max mem: 41183
Epoch: [42]  [55296/71874]  eta: 1:42:59  lr: 0.00031254812684763125  img/s: 43.3291671374567  loss: 2.9629 (3.2129)  acc1: 50.0000 (50.0029)  acc5: 75.0000 (73.7747)  time: 0.3723  data: 0.0002  max mem: 41183
Epoch: [42]  [58368/71874]  eta: 1:23:53  lr: 0.00031254812684763125  img/s: 42.758606979882536  loss: 3.1360 (3.2150)  acc1: 43.7500 (49.9585)  acc5: 68.7500 (73.7540)  time: 0.3712  data: 0.0002  max mem: 41183
Epoch: [42]  [61440/71874]  eta: 1:04:48  lr: 0.00031254812684763125  img/s: 43.04877468322275  loss: 2.9736 (3.2172)  acc1: 50.0000 (49.9235)  acc5: 81.2500 (73.7245)  time: 0.3714  data: 0.0002  max mem: 41183
Epoch: [42]  [64512/71874]  eta: 0:45:43  lr: 0.00031254812684763125  img/s: 43.07673900163747  loss: 2.8854 (3.2183)  acc1: 56.2500 (49.8903)  acc5: 75.0000 (73.6888)  time: 0.3715  data: 0.0002  max mem: 41183
Epoch: [42]  [67584/71874]  eta: 0:26:38  lr: 0.00031254812684763125  img/s: 43.18657030018746  loss: 2.9378 (3.2191)  acc1: 50.0000 (49.8606)  acc5: 75.0000 (73.6740)  time: 0.3722  data: 0.0002  max mem: 41183
Epoch: [42]  [70656/71874]  eta: 0:07:33  lr: 0.00031254812684763125  img/s: 43.32141925721648  loss: 3.0998 (3.2195)  acc1: 50.0000 (49.8370)  acc5: 81.2500 (73.6685)  time: 0.3713  data: 0.0002  max mem: 41183
Epoch: [42] Total time: 7:26:28
Test:  [   0/7958]  eta: 1:50:09  loss: 0.3251 (0.3251)  acc1: 93.7500 (93.7500)  acc5: 100.0000 (100.0000)  time: 0.8305  data: 0.6205  max mem: 41183
Test:  [ 100/7958]  eta: 0:28:31  loss: 1.2928 (1.2537)  acc1: 62.5000 (72.9579)  acc5: 87.5000 (87.8713)  time: 0.2114  data: 0.0003  max mem: 41183
Test:  [ 200/7958]  eta: 0:27:45  loss: 1.6663 (1.6123)  acc1: 50.0000 (64.9565)  acc5: 87.5000 (83.5199)  time: 0.2113  data: 0.0004  max mem: 41183
Test:  [ 300/7958]  eta: 0:27:17  loss: 1.3943 (1.6689)  acc1: 56.2500 (63.3098)  acc5: 87.5000 (82.7450)  time: 0.2115  data: 0.0004  max mem: 41183
Test:  [ 400/7958]  eta: 0:26:51  loss: 0.7643 (1.4994)  acc1: 75.0000 (66.5212)  acc5: 100.0000 (85.1777)  time: 0.2114  data: 0.0003  max mem: 41183
Test:  [ 500/7958]  eta: 0:26:28  loss: 1.7156 (1.4794)  acc1: 56.2500 (66.9286)  acc5: 75.0000 (85.4416)  time: 0.2117  data: 0.0003  max mem: 41183
Test:  [ 600/7958]  eta: 0:26:04  loss: 1.6924 (1.5757)  acc1: 43.7500 (63.8311)  acc5: 87.5000 (84.5466)  time: 0.2118  data: 0.0003  max mem: 41183
Test:  [ 700/7958]  eta: 0:25:42  loss: 1.9017 (1.6394)  acc1: 43.7500 (61.7778)  acc5: 75.0000 (83.8891)  time: 0.2122  data: 0.0003  max mem: 41183
Test:  [ 800/7958]  eta: 0:25:20  loss: 1.6650 (1.7011)  acc1: 62.5000 (60.5805)  acc5: 75.0000 (82.9744)  time: 0.2118  data: 0.0003  max mem: 41183
Test:  [ 900/7958]  eta: 0:24:58  loss: 1.8906 (1.7644)  acc1: 56.2500 (59.0524)  acc5: 81.2500 (82.1518)  time: 0.2113  data: 0.0003  max mem: 41183
Test:  [1000/7958]  eta: 0:24:36  loss: 1.7650 (1.8403)  acc1: 50.0000 (57.1429)  acc5: 81.2500 (81.2625)  time: 0.2116  data: 0.0003  max mem: 41183
Test:  [1100/7958]  eta: 0:24:15  loss: 0.9001 (1.8315)  acc1: 75.0000 (57.4364)  acc5: 93.7500 (81.4033)  time: 0.2114  data: 0.0003  max mem: 41183
Test:  [1200/7958]  eta: 0:23:53  loss: 2.3545 (1.8598)  acc1: 43.7500 (56.4113)  acc5: 81.2500 (81.2656)  time: 0.2114  data: 0.0003  max mem: 41183
Test:  [1300/7958]  eta: 0:23:32  loss: 2.1377 (1.8726)  acc1: 43.7500 (55.7840)  acc5: 75.0000 (81.2116)  time: 0.2115  data: 0.0003  max mem: 41183
Test:  [1400/7958]  eta: 0:23:10  loss: 2.8081 (1.8786)  acc1: 18.7500 (55.4381)  acc5: 75.0000 (81.2277)  time: 0.2120  data: 0.0003  max mem: 41183
Test:  [1500/7958]  eta: 0:22:49  loss: 1.6450 (1.8905)  acc1: 62.5000 (55.1341)  acc5: 81.2500 (81.1834)  time: 0.2119  data: 0.0003  max mem: 41183
Test:  [1600/7958]  eta: 0:22:28  loss: 1.3910 (1.8877)  acc1: 62.5000 (55.0867)  acc5: 87.5000 (81.2773)  time: 0.2121  data: 0.0003  max mem: 41183
Test:  [1700/7958]  eta: 0:22:06  loss: 0.7501 (1.8705)  acc1: 81.2500 (55.4012)  acc5: 93.7500 (81.6138)  time: 0.2118  data: 0.0003  max mem: 41183
Test:  [1800/7958]  eta: 0:21:45  loss: 0.8214 (1.8383)  acc1: 81.2500 (56.2257)  acc5: 93.7500 (82.0065)  time: 0.2115  data: 0.0003  max mem: 41183
Test:  [1900/7958]  eta: 0:21:24  loss: 1.8075 (1.8359)  acc1: 50.0000 (56.1875)  acc5: 87.5000 (82.1377)  time: 0.2113  data: 0.0003  max mem: 41183
Test:  [2000/7958]  eta: 0:21:02  loss: 0.6231 (1.8045)  acc1: 81.2500 (56.9590)  acc5: 100.0000 (82.5181)  time: 0.2112  data: 0.0003  max mem: 41183
Test:  [2100/7958]  eta: 0:20:41  loss: 1.6244 (1.7905)  acc1: 56.2500 (57.4042)  acc5: 81.2500 (82.6987)  time: 0.2115  data: 0.0003  max mem: 41183
Test:  [2200/7958]  eta: 0:20:20  loss: 1.2555 (1.7849)  acc1: 68.7500 (57.4682)  acc5: 93.7500 (82.7891)  time: 0.2118  data: 0.0003  max mem: 41183
Test:  [2300/7958]  eta: 0:19:59  loss: 1.6595 (1.7770)  acc1: 62.5000 (57.6108)  acc5: 87.5000 (82.8987)  time: 0.2120  data: 0.0003  max mem: 41183
Test:  [2400/7958]  eta: 0:19:37  loss: 1.0322 (1.7789)  acc1: 68.7500 (57.5125)  acc5: 93.7500 (82.9290)  time: 0.2122  data: 0.0003  max mem: 41183
Test:  [2500/7958]  eta: 0:19:16  loss: 2.2396 (1.7954)  acc1: 31.2500 (57.1047)  acc5: 81.2500 (82.6719)  time: 0.2120  data: 0.0003  max mem: 41183
Test:  [2600/7958]  eta: 0:18:55  loss: 1.7750 (1.7873)  acc1: 56.2500 (57.1439)  acc5: 87.5000 (82.8552)  time: 0.2114  data: 0.0003  max mem: 41183
Test:  [2700/7958]  eta: 0:18:34  loss: 1.0681 (1.7660)  acc1: 75.0000 (57.6754)  acc5: 87.5000 (83.0942)  time: 0.2114  data: 0.0003  max mem: 41183
Test:  [2800/7958]  eta: 0:18:12  loss: 1.8692 (1.7589)  acc1: 56.2500 (57.8276)  acc5: 81.2500 (83.1823)  time: 0.2114  data: 0.0003  max mem: 41183
Test:  [2900/7958]  eta: 0:17:51  loss: 1.1679 (1.7678)  acc1: 68.7500 (57.7193)  acc5: 87.5000 (83.0209)  time: 0.2113  data: 0.0003  max mem: 41183
Test:  [3000/7958]  eta: 0:17:30  loss: 0.5532 (1.7723)  acc1: 81.2500 (57.6599)  acc5: 93.7500 (82.9453)  time: 0.2114  data: 0.0003  max mem: 41183
Test:  [3100/7958]  eta: 0:17:09  loss: 1.6578 (1.7715)  acc1: 62.5000 (57.7052)  acc5: 81.2500 (82.9571)  time: 0.2120  data: 0.0003  max mem: 41183
Test:  [3200/7958]  eta: 0:16:47  loss: 2.0580 (1.7697)  acc1: 56.2500 (57.7652)  acc5: 75.0000 (82.9311)  time: 0.2120  data: 0.0003  max mem: 41183
Test:  [3300/7958]  eta: 0:16:26  loss: 2.0055 (1.7885)  acc1: 50.0000 (57.4769)  acc5: 68.7500 (82.6681)  time: 0.2118  data: 0.0003  max mem: 41183
Test:  [3400/7958]  eta: 0:16:05  loss: 1.8600 (1.7839)  acc1: 56.2500 (57.6540)  acc5: 81.2500 (82.7275)  time: 0.2117  data: 0.0003  max mem: 41183
Test:  [3500/7958]  eta: 0:15:44  loss: 1.1737 (1.7810)  acc1: 75.0000 (57.7317)  acc5: 87.5000 (82.7746)  time: 0.2114  data: 0.0003  max mem: 41183
Test:  [3600/7958]  eta: 0:15:23  loss: 1.6799 (1.7847)  acc1: 50.0000 (57.6368)  acc5: 87.5000 (82.7097)  time: 0.2116  data: 0.0003  max mem: 41183
Test:  [3700/7958]  eta: 0:15:01  loss: 2.1467 (1.7841)  acc1: 50.0000 (57.6500)  acc5: 75.0000 (82.7260)  time: 0.2116  data: 0.0003  max mem: 41183
Test:  [3800/7958]  eta: 0:14:40  loss: 2.0949 (1.7874)  acc1: 37.5000 (57.4947)  acc5: 81.2500 (82.6838)  time: 0.2115  data: 0.0003  max mem: 41183
Test:  [3900/7958]  eta: 0:14:19  loss: 1.8131 (1.7812)  acc1: 56.2500 (57.6823)  acc5: 87.5000 (82.7720)  time: 0.2118  data: 0.0003  max mem: 41183
Test:  [4000/7958]  eta: 0:13:58  loss: 2.2169 (1.7865)  acc1: 37.5000 (57.5466)  acc5: 81.2500 (82.7403)  time: 0.2121  data: 0.0004  max mem: 41183
Test:  [4100/7958]  eta: 0:13:37  loss: 1.2080 (1.7778)  acc1: 75.0000 (57.8472)  acc5: 87.5000 (82.8152)  time: 0.2122  data: 0.0003  max mem: 41183
Test:  [4200/7958]  eta: 0:13:16  loss: 1.6294 (1.7727)  acc1: 62.5000 (57.9892)  acc5: 81.2500 (82.8642)  time: 0.2121  data: 0.0003  max mem: 41183
Test:  [4300/7958]  eta: 0:12:54  loss: 2.2274 (1.7730)  acc1: 50.0000 (57.9763)  acc5: 75.0000 (82.8528)  time: 0.2118  data: 0.0003  max mem: 41183
Test:  [4400/7958]  eta: 0:12:33  loss: 2.1467 (1.7784)  acc1: 43.7500 (57.8846)  acc5: 81.2500 (82.7326)  time: 0.2115  data: 0.0003  max mem: 41183
Test:  [4500/7958]  eta: 0:12:12  loss: 1.5748 (1.7802)  acc1: 62.5000 (57.8719)  acc5: 81.2500 (82.7177)  time: 0.2115  data: 0.0003  max mem: 41183
Test:  [4600/7958]  eta: 0:11:51  loss: 1.5549 (1.7778)  acc1: 62.5000 (57.9725)  acc5: 87.5000 (82.7198)  time: 0.2115  data: 0.0003  max mem: 41183
Test:  [4700/7958]  eta: 0:11:30  loss: 1.7950 (1.7808)  acc1: 50.0000 (57.9345)  acc5: 75.0000 (82.6579)  time: 0.2114  data: 0.0003  max mem: 41183
Test:  [4800/7958]  eta: 0:11:08  loss: 1.2347 (1.7813)  acc1: 68.7500 (57.9593)  acc5: 93.7500 (82.6872)  time: 0.2122  data: 0.0003  max mem: 41183
Test:  [4900/7958]  eta: 0:10:47  loss: 1.8741 (1.7835)  acc1: 56.2500 (58.0137)  acc5: 81.2500 (82.6222)  time: 0.2119  data: 0.0003  max mem: 41183
Test:  [5000/7958]  eta: 0:10:26  loss: 2.0027 (1.7823)  acc1: 50.0000 (58.0434)  acc5: 81.2500 (82.6735)  time: 0.2120  data: 0.0003  max mem: 41183
Test:  [5100/7958]  eta: 0:10:05  loss: 2.4098 (1.7794)  acc1: 50.0000 (58.1001)  acc5: 68.7500 (82.7424)  time: 0.2116  data: 0.0003  max mem: 41183
Test:  [5200/7958]  eta: 0:09:44  loss: 1.1066 (1.7813)  acc1: 75.0000 (58.0141)  acc5: 93.7500 (82.7089)  time: 0.2115  data: 0.0003  max mem: 41183
Test:  [5300/7958]  eta: 0:09:22  loss: 1.8556 (1.7822)  acc1: 56.2500 (58.0103)  acc5: 81.2500 (82.7037)  time: 0.2113  data: 0.0003  max mem: 41183
Test:  [5400/7958]  eta: 0:09:01  loss: 1.7408 (1.7784)  acc1: 62.5000 (58.1767)  acc5: 75.0000 (82.7127)  time: 0.2118  data: 0.0003  max mem: 41183
Test:  [5500/7958]  eta: 0:08:40  loss: 1.1704 (1.7781)  acc1: 68.7500 (58.2031)  acc5: 93.7500 (82.6816)  time: 0.2111  data: 0.0003  max mem: 41183
Test:  [5600/7958]  eta: 0:08:19  loss: 1.9841 (1.7793)  acc1: 43.7500 (58.2061)  acc5: 81.2500 (82.6404)  time: 0.2119  data: 0.0003  max mem: 41183
Test:  [5700/7958]  eta: 0:07:58  loss: 1.9532 (1.7804)  acc1: 62.5000 (58.1576)  acc5: 75.0000 (82.6379)  time: 0.2120  data: 0.0003  max mem: 41183
Test:  [5800/7958]  eta: 0:07:37  loss: 2.2777 (1.7815)  acc1: 50.0000 (58.0719)  acc5: 81.2500 (82.6291)  time: 0.2121  data: 0.0003  max mem: 41183
Test:  [5900/7958]  eta: 0:07:15  loss: 1.6010 (1.7810)  acc1: 50.0000 (58.1099)  acc5: 87.5000 (82.6163)  time: 0.2120  data: 0.0003  max mem: 41183
Test:  [6000/7958]  eta: 0:06:54  loss: 1.7509 (1.7840)  acc1: 56.2500 (58.0976)  acc5: 87.5000 (82.5706)  time: 0.2116  data: 0.0003  max mem: 41183
Test:  [6100/7958]  eta: 0:06:33  loss: 1.6750 (1.7837)  acc1: 62.5000 (58.1483)  acc5: 81.2500 (82.5582)  time: 0.2116  data: 0.0003  max mem: 41183
Test:  [6200/7958]  eta: 0:06:12  loss: 1.5452 (1.7859)  acc1: 62.5000 (58.1449)  acc5: 87.5000 (82.5028)  time: 0.2113  data: 0.0003  max mem: 41183
Test:  [6300/7958]  eta: 0:05:51  loss: 2.1311 (1.7836)  acc1: 18.7500 (58.1922)  acc5: 87.5000 (82.5315)  time: 0.2115  data: 0.0003  max mem: 41183
Test:  [6400/7958]  eta: 0:05:29  loss: 0.9605 (1.7858)  acc1: 75.0000 (58.1696)  acc5: 87.5000 (82.4881)  time: 0.2114  data: 0.0003  max mem: 41183
Test:  [6500/7958]  eta: 0:05:08  loss: 0.8217 (1.7845)  acc1: 81.2500 (58.2314)  acc5: 93.7500 (82.5085)  time: 0.2119  data: 0.0003  max mem: 41183
Test:  [6600/7958]  eta: 0:04:47  loss: 3.0020 (1.7911)  acc1: 31.2500 (58.0679)  acc5: 62.5000 (82.3994)  time: 0.2119  data: 0.0003  max mem: 41183
Test:  [6700/7958]  eta: 0:04:26  loss: 1.2637 (1.7907)  acc1: 75.0000 (58.0426)  acc5: 87.5000 (82.3991)  time: 0.2120  data: 0.0003  max mem: 41183
Test:  [6800/7958]  eta: 0:04:05  loss: 1.9057 (1.7906)  acc1: 56.2500 (58.0411)  acc5: 81.2500 (82.4189)  time: 0.2120  data: 0.0003  max mem: 41183
Test:  [6900/7958]  eta: 0:03:44  loss: 1.3486 (1.7854)  acc1: 62.5000 (58.1863)  acc5: 81.2500 (82.4826)  time: 0.2114  data: 0.0003  max mem: 41183
Test:  [7000/7958]  eta: 0:03:22  loss: 1.1125 (1.7839)  acc1: 68.7500 (58.2711)  acc5: 87.5000 (82.4757)  time: 0.2115  data: 0.0003  max mem: 41183
Test:  [7100/7958]  eta: 0:03:01  loss: 0.6645 (1.7847)  acc1: 81.2500 (58.3034)  acc5: 93.7500 (82.4681)  time: 0.2113  data: 0.0003  max mem: 41183
Test:  [7200/7958]  eta: 0:02:40  loss: 2.1346 (1.7909)  acc1: 50.0000 (58.1516)  acc5: 81.2500 (82.3896)  time: 0.2116  data: 0.0003  max mem: 41183
Test:  [7300/7958]  eta: 0:02:19  loss: 1.9174 (1.7841)  acc1: 43.7500 (58.3114)  acc5: 81.2500 (82.4664)  time: 0.2115  data: 0.0003  max mem: 41183
Test:  [7400/7958]  eta: 0:01:58  loss: 1.8940 (1.7890)  acc1: 56.2500 (58.2430)  acc5: 81.2500 (82.3850)  time: 0.2121  data: 0.0003  max mem: 41183
Test:  [7500/7958]  eta: 0:01:36  loss: 1.5903 (1.7891)  acc1: 56.2500 (58.2456)  acc5: 87.5000 (82.3582)  time: 0.2122  data: 0.0003  max mem: 41183
Test:  [7600/7958]  eta: 0:01:15  loss: 1.5272 (1.7896)  acc1: 75.0000 (58.2571)  acc5: 87.5000 (82.3370)  time: 0.2121  data: 0.0003  max mem: 41183
Test:  [7700/7958]  eta: 0:00:54  loss: 1.8322 (1.7925)  acc1: 50.0000 (58.1921)  acc5: 87.5000 (82.2880)  time: 0.2114  data: 0.0003  max mem: 41183
Test:  [7800/7958]  eta: 0:00:33  loss: 0.9267 (1.7934)  acc1: 81.2500 (58.1432)  acc5: 93.7500 (82.3084)  time: 0.2114  data: 0.0003  max mem: 41183
Test:  [7900/7958]  eta: 0:00:12  loss: 1.3991 (1.7932)  acc1: 68.7500 (58.1865)  acc5: 87.5000 (82.2902)  time: 0.2116  data: 0.0003  max mem: 41183
Test: Total time: 0:28:05
 * Acc@1 = 58.214218396582055, Acc@5 = 82.29847323448102, loss = 1.7920861900466925
Namespace(model='QKFormer_10_768', dataset='es-imagenet', num_classes=1000, data_path='/model/es-imagenet', device='cuda', batch_size=16, workers=4, print_freq=3072, output_dir='./logs4', resume='', sync_bn=False, test_only=False, amp=True, world_size=1, dist_url='env://', tb=True, T=8, opt='adamw', opt_eps=1e-08, opt_betas=None, weight_decay=0.01, momentum=0.9, connect_f='ADD', T_train=None, sched='cosine', lr=0.0005, lr_noise=None, lr_noise_pct=0.67, lr_noise_std=1.0, lr_cycle_mul=1.0, lr_cycle_limit=1, warmup_lr=1e-05, min_lr=1e-06, epochs=100, epoch_repeats=0.0, start_epoch=0, decay_epochs=20, warmup_epochs=20, cooldown_epochs=10, patience_epochs=10, decay_rate=0.1, smoothing=0.1, mixup=0.5, cutmix=0.0, cutmix_minmax=None, mixup_prob=0.5, mixup_switch_prob=0.5, mixup_mode='batch', mixup_off_epoch=0, grad_clip=5.0, distributed=False)
Training time 14 days, 12:58:42 max_test_acc1 59.107187735611966 test_acc5_at_max_test_acc1 82.81603417944207
./logs4/QKFormer_10_768_b16_T8_wd0.01_adamw_cnf_ADD/lr0.0005
Epoch: [43]  [    0/71874]  eta: 1 day, 2:40:54  lr: 0.00030492673872843743  img/s: 40.974204924558805  loss: 2.7173 (2.7173)  acc1: 62.5000 (62.5000)  acc5: 81.2500 (81.2500)  time: 1.3364  data: 0.9459  max mem: 41183
Epoch: [43]  [ 3072/71874]  eta: 7:09:23  lr: 0.00030492673872843743  img/s: 41.48884091409297  loss: 3.0464 (3.1134)  acc1: 50.0000 (51.9789)  acc5: 75.0000 (75.6874)  time: 0.3732  data: 0.0002  max mem: 41183
Epoch: [43]  [ 6144/71874]  eta: 6:50:04  lr: 0.00030492673872843743  img/s: 42.979655567724045  loss: 2.8523 (3.1337)  acc1: 56.2500 (51.7514)  acc5: 81.2500 (75.3438)  time: 0.3721  data: 0.0002  max mem: 41183
Epoch: [43]  [ 9216/71874]  eta: 6:30:47  lr: 0.00030492673872843743  img/s: 42.95767339709347  loss: 2.6548 (3.1428)  acc1: 56.2500 (51.5549)  acc5: 87.5000 (75.1566)  time: 0.3722  data: 0.0002  max mem: 41183
Epoch: [43]  [12288/71874]  eta: 6:11:34  lr: 0.00030492673872843743  img/s: 43.183624564440315  loss: 2.7845 (3.1465)  acc1: 56.2500 (51.3940)  acc5: 81.2500 (75.0880)  time: 0.3719  data: 0.0002  max mem: 41183
Epoch: [43]  [15360/71874]  eta: 5:52:23  lr: 0.00030492673872843743  img/s: 43.02423912931981  loss: 3.0164 (3.1522)  acc1: 56.2500 (51.2532)  acc5: 75.0000 (74.9862)  time: 0.3733  data: 0.0002  max mem: 41183
Epoch: [43]  [18432/71874]  eta: 5:33:13  lr: 0.00030492673872843743  img/s: 42.97558207892374  loss: 3.2102 (3.1586)  acc1: 43.7500 (51.0494)  acc5: 68.7500 (74.8379)  time: 0.3726  data: 0.0002  max mem: 41183
Epoch: [43]  [21504/71874]  eta: 5:14:02  lr: 0.00030492673872843743  img/s: 42.868271257075364  loss: 2.9881 (3.1618)  acc1: 43.7500 (50.9829)  acc5: 75.0000 (74.7512)  time: 0.3793  data: 0.0002  max mem: 41183
Epoch: [43]  [24576/71874]  eta: 4:54:54  lr: 0.00030492673872843743  img/s: 42.602878710833224  loss: 3.1339 (3.1664)  acc1: 43.7500 (50.9038)  acc5: 68.7500 (74.6750)  time: 0.3742  data: 0.0002  max mem: 41183
Epoch: [43]  [27648/71874]  eta: 4:35:46  lr: 0.00030492673872843743  img/s: 43.00262467191601  loss: 2.9637 (3.1677)  acc1: 50.0000 (50.8753)  acc5: 75.0000 (74.6413)  time: 0.3738  data: 0.0002  max mem: 41183
Epoch: [43]  [30720/71874]  eta: 4:16:36  lr: 0.00030492673872843743  img/s: 42.984390592593826  loss: 3.0925 (3.1710)  acc1: 50.0000 (50.7818)  acc5: 75.0000 (74.5850)  time: 0.3732  data: 0.0002  max mem: 41183
Epoch: [43]  [33792/71874]  eta: 3:57:26  lr: 0.00030492673872843743  img/s: 42.80098575955018  loss: 2.7037 (3.1741)  acc1: 56.2500 (50.7102)  acc5: 81.2500 (74.5182)  time: 0.3746  data: 0.0002  max mem: 41183
Epoch: [43]  [36864/71874]  eta: 3:38:17  lr: 0.00030492673872843743  img/s: 42.16032376862254  loss: 3.0099 (3.1744)  acc1: 50.0000 (50.6771)  acc5: 81.2500 (74.5068)  time: 0.3799  data: 0.0002  max mem: 41183
Epoch: [43]  [39936/71874]  eta: 3:19:07  lr: 0.00030492673872843743  img/s: 43.18509738208036  loss: 2.6317 (3.1765)  acc1: 56.2500 (50.6445)  acc5: 81.2500 (74.4709)  time: 0.3733  data: 0.0002  max mem: 41183
Epoch: [43]  [43008/71874]  eta: 2:59:58  lr: 0.00030492673872843743  img/s: 42.987116457919505  loss: 3.1517 (3.1786)  acc1: 43.7500 (50.5965)  acc5: 68.7500 (74.4317)  time: 0.3782  data: 0.0002  max mem: 41183
Epoch: [43]  [46080/71874]  eta: 2:40:48  lr: 0.00030492673872843743  img/s: 43.02992204341408  loss: 3.0136 (3.1809)  acc1: 43.7500 (50.5370)  acc5: 81.2500 (74.3799)  time: 0.3729  data: 0.0002  max mem: 41183
Epoch: [43]  [49152/71874]  eta: 2:21:39  lr: 0.00030492673872843743  img/s: 42.91103243351427  loss: 3.4828 (3.1821)  acc1: 43.7500 (50.5100)  acc5: 68.7500 (74.3562)  time: 0.3744  data: 0.0002  max mem: 41183
Epoch: [43]  [52224/71874]  eta: 2:02:30  lr: 0.00030492673872843743  img/s: 43.148390282542834  loss: 2.8019 (3.1848)  acc1: 50.0000 (50.4636)  acc5: 81.2500 (74.3082)  time: 0.3727  data: 0.0002  max mem: 41183
Epoch: [43]  [55296/71874]  eta: 1:43:20  lr: 0.00030492673872843743  img/s: 42.95316419318562  loss: 2.8854 (3.1868)  acc1: 50.0000 (50.4346)  acc5: 75.0000 (74.2703)  time: 0.3719  data: 0.0002  max mem: 41183
Epoch: [43]  [58368/71874]  eta: 1:24:11  lr: 0.00030492673872843743  img/s: 43.19755087432911  loss: 3.0512 (3.1876)  acc1: 56.2500 (50.4146)  acc5: 75.0000 (74.2466)  time: 0.3726  data: 0.0002  max mem: 41183
Epoch: [43]  [61440/71874]  eta: 1:05:02  lr: 0.00030492673872843743  img/s: 42.77490496429309  loss: 2.6187 (3.1895)  acc1: 50.0000 (50.3829)  acc5: 81.2500 (74.2163)  time: 0.3730  data: 0.0002  max mem: 41183
Epoch: [43]  [64512/71874]  eta: 0:45:53  lr: 0.00030492673872843743  img/s: 42.99686632047335  loss: 3.1745 (3.1923)  acc1: 50.0000 (50.3302)  acc5: 75.0000 (74.1747)  time: 0.3721  data: 0.0002  max mem: 41183
Epoch: [43]  [67584/71874]  eta: 0:26:44  lr: 0.00030492673872843743  img/s: 42.84870085341295  loss: 2.7724 (3.1937)  acc1: 50.0000 (50.3060)  acc5: 81.2500 (74.1396)  time: 0.3744  data: 0.0002  max mem: 41183
Epoch: [43]  [70656/71874]  eta: 0:07:35  lr: 0.00030492673872843743  img/s: 42.96837279584075  loss: 3.0729 (3.1966)  acc1: 50.0000 (50.2449)  acc5: 75.0000 (74.0799)  time: 0.3720  data: 0.0002  max mem: 41183
Epoch: [43] Total time: 7:28:01
Test:  [   0/7958]  eta: 1:39:50  loss: 0.2823 (0.2823)  acc1: 93.7500 (93.7500)  acc5: 100.0000 (100.0000)  time: 0.7528  data: 0.5433  max mem: 41183
Test:  [ 100/7958]  eta: 0:28:22  loss: 1.3576 (1.2143)  acc1: 56.2500 (72.1535)  acc5: 87.5000 (89.2946)  time: 0.2115  data: 0.0004  max mem: 41183
Test:  [ 200/7958]  eta: 0:27:40  loss: 1.1380 (1.4592)  acc1: 68.7500 (67.0087)  acc5: 87.5000 (86.1629)  time: 0.2119  data: 0.0003  max mem: 41183
Test:  [ 300/7958]  eta: 0:27:13  loss: 1.0105 (1.4492)  acc1: 68.7500 (66.5075)  acc5: 93.7500 (86.3580)  time: 0.2115  data: 0.0003  max mem: 41183
Test:  [ 400/7958]  eta: 0:26:48  loss: 1.0398 (1.3777)  acc1: 75.0000 (67.3628)  acc5: 100.0000 (87.7805)  time: 0.2111  data: 0.0003  max mem: 41183
Test:  [ 500/7958]  eta: 0:26:25  loss: 1.1404 (1.3360)  acc1: 75.0000 (68.3633)  acc5: 93.7500 (88.2735)  time: 0.2115  data: 0.0003  max mem: 41183
Test:  [ 600/7958]  eta: 0:26:03  loss: 1.8505 (1.4296)  acc1: 50.0000 (65.6406)  acc5: 87.5000 (87.2920)  time: 0.2117  data: 0.0003  max mem: 41183
Test:  [ 700/7958]  eta: 0:25:41  loss: 1.7359 (1.5440)  acc1: 50.0000 (62.8477)  acc5: 75.0000 (85.4583)  time: 0.2115  data: 0.0003  max mem: 41183
Test:  [ 800/7958]  eta: 0:25:19  loss: 1.6801 (1.5879)  acc1: 50.0000 (61.8134)  acc5: 87.5000 (84.8627)  time: 0.2121  data: 0.0004  max mem: 41183
Test:  [ 900/7958]  eta: 0:24:57  loss: 2.3586 (1.6394)  acc1: 50.0000 (60.8699)  acc5: 75.0000 (84.1773)  time: 0.2120  data: 0.0003  max mem: 41183
Test:  [1000/7958]  eta: 0:24:36  loss: 1.8924 (1.6814)  acc1: 56.2500 (59.8152)  acc5: 81.2500 (83.6538)  time: 0.2120  data: 0.0003  max mem: 41183
Test:  [1100/7958]  eta: 0:24:14  loss: 1.3967 (1.6972)  acc1: 68.7500 (59.7355)  acc5: 87.5000 (83.4980)  time: 0.2118  data: 0.0003  max mem: 41183
Test:  [1200/7958]  eta: 0:23:53  loss: 2.2354 (1.7302)  acc1: 43.7500 (58.6803)  acc5: 81.2500 (83.0922)  time: 0.2115  data: 0.0003  max mem: 41183
Test:  [1300/7958]  eta: 0:23:31  loss: 2.1396 (1.7558)  acc1: 50.0000 (57.9506)  acc5: 81.2500 (82.9122)  time: 0.2116  data: 0.0003  max mem: 41183
Test:  [1400/7958]  eta: 0:23:10  loss: 2.2169 (1.7632)  acc1: 37.5000 (57.6642)  acc5: 87.5000 (82.7712)  time: 0.2114  data: 0.0003  max mem: 41183
Test:  [1500/7958]  eta: 0:22:49  loss: 1.9186 (1.7889)  acc1: 50.0000 (57.0453)  acc5: 87.5000 (82.5408)  time: 0.2116  data: 0.0004  max mem: 41183
Test:  [1600/7958]  eta: 0:22:27  loss: 1.0653 (1.7804)  acc1: 62.5000 (57.1791)  acc5: 93.7500 (82.7491)  time: 0.2114  data: 0.0003  max mem: 41183
Test:  [1700/7958]  eta: 0:22:06  loss: 0.7588 (1.7617)  acc1: 75.0000 (57.5617)  acc5: 93.7500 (83.0578)  time: 0.2122  data: 0.0003  max mem: 41183
Test:  [1800/7958]  eta: 0:21:45  loss: 1.0239 (1.7354)  acc1: 68.7500 (58.2211)  acc5: 93.7500 (83.3738)  time: 0.2112  data: 0.0003  max mem: 41183
Test:  [1900/7958]  eta: 0:21:23  loss: 2.1747 (1.7210)  acc1: 43.7500 (58.5284)  acc5: 81.2500 (83.6303)  time: 0.2119  data: 0.0003  max mem: 41183
Test:  [2000/7958]  eta: 0:21:02  loss: 0.3021 (1.6913)  acc1: 93.7500 (59.3141)  acc5: 100.0000 (83.9487)  time: 0.2116  data: 0.0003  max mem: 41183
Test:  [2100/7958]  eta: 0:20:41  loss: 1.3725 (1.6797)  acc1: 68.7500 (59.5728)  acc5: 93.7500 (84.1236)  time: 0.2115  data: 0.0003  max mem: 41183
Test:  [2200/7958]  eta: 0:20:20  loss: 1.0989 (1.6720)  acc1: 56.2500 (59.7484)  acc5: 93.7500 (84.2174)  time: 0.2116  data: 0.0003  max mem: 41183
Test:  [2300/7958]  eta: 0:19:58  loss: 2.0453 (1.6734)  acc1: 56.2500 (59.6561)  acc5: 81.2500 (84.2568)  time: 0.2114  data: 0.0003  max mem: 41183
Test:  [2400/7958]  eta: 0:19:37  loss: 1.5685 (1.6815)  acc1: 62.5000 (59.5637)  acc5: 87.5000 (84.1446)  time: 0.2115  data: 0.0003  max mem: 41183
Test:  [2500/7958]  eta: 0:19:16  loss: 1.7303 (1.7014)  acc1: 62.5000 (59.1089)  acc5: 87.5000 (83.8490)  time: 0.2119  data: 0.0003  max mem: 41183
Test:  [2600/7958]  eta: 0:18:55  loss: 2.5675 (1.7006)  acc1: 31.2500 (59.0542)  acc5: 81.2500 (83.8788)  time: 0.2120  data: 0.0003  max mem: 41183
Test:  [2700/7958]  eta: 0:18:33  loss: 1.0558 (1.6861)  acc1: 75.0000 (59.3924)  acc5: 87.5000 (83.9967)  time: 0.2119  data: 0.0003  max mem: 41183
Test:  [2800/7958]  eta: 0:18:12  loss: 1.6481 (1.6796)  acc1: 62.5000 (59.5546)  acc5: 81.2500 (84.1195)  time: 0.2118  data: 0.0003  max mem: 41183
Test:  [2900/7958]  eta: 0:17:51  loss: 0.7986 (1.6888)  acc1: 75.0000 (59.4407)  acc5: 93.7500 (83.9366)  time: 0.2114  data: 0.0003  max mem: 41183
Test:  [3000/7958]  eta: 0:17:30  loss: 0.8783 (1.7000)  acc1: 75.0000 (59.2594)  acc5: 93.7500 (83.7825)  time: 0.2113  data: 0.0003  max mem: 41183
Test:  [3100/7958]  eta: 0:17:09  loss: 1.5688 (1.7091)  acc1: 68.7500 (59.1462)  acc5: 81.2500 (83.6545)  time: 0.2115  data: 0.0003  max mem: 41183
Test:  [3200/7958]  eta: 0:16:47  loss: 1.6906 (1.7049)  acc1: 56.2500 (59.2764)  acc5: 81.2500 (83.7102)  time: 0.2114  data: 0.0003  max mem: 41183
Test:  [3300/7958]  eta: 0:16:26  loss: 1.8708 (1.7175)  acc1: 62.5000 (59.0579)  acc5: 75.0000 (83.5296)  time: 0.2116  data: 0.0003  max mem: 41183
Test:  [3400/7958]  eta: 0:16:05  loss: 1.7177 (1.7147)  acc1: 56.2500 (59.1885)  acc5: 87.5000 (83.5508)  time: 0.2121  data: 0.0003  max mem: 41183
Test:  [3500/7958]  eta: 0:15:44  loss: 0.7614 (1.7138)  acc1: 75.0000 (59.2259)  acc5: 93.7500 (83.6065)  time: 0.2118  data: 0.0003  max mem: 41183
Test:  [3600/7958]  eta: 0:15:23  loss: 1.6389 (1.7171)  acc1: 56.2500 (59.1450)  acc5: 81.2500 (83.5480)  time: 0.2119  data: 0.0003  max mem: 41183
Test:  [3700/7958]  eta: 0:15:01  loss: 2.1246 (1.7211)  acc1: 50.0000 (59.0077)  acc5: 81.2500 (83.5281)  time: 0.2116  data: 0.0003  max mem: 41183
Test:  [3800/7958]  eta: 0:14:40  loss: 2.3154 (1.7272)  acc1: 37.5000 (58.9302)  acc5: 81.2500 (83.4287)  time: 0.2116  data: 0.0003  max mem: 41183
Test:  [3900/7958]  eta: 0:14:19  loss: 1.5570 (1.7221)  acc1: 62.5000 (59.0778)  acc5: 87.5000 (83.5090)  time: 0.2111  data: 0.0003  max mem: 41183
Test:  [4000/7958]  eta: 0:13:58  loss: 2.2871 (1.7230)  acc1: 37.5000 (59.0493)  acc5: 75.0000 (83.4963)  time: 0.2109  data: 0.0003  max mem: 41183
Test:  [4100/7958]  eta: 0:13:36  loss: 0.7654 (1.7164)  acc1: 81.2500 (59.2371)  acc5: 93.7500 (83.5726)  time: 0.2111  data: 0.0003  max mem: 41183
Test:  [4200/7958]  eta: 0:13:15  loss: 1.9853 (1.7118)  acc1: 56.2500 (59.3936)  acc5: 75.0000 (83.5843)  time: 0.2116  data: 0.0003  max mem: 41183
Test:  [4300/7958]  eta: 0:12:54  loss: 2.0080 (1.7128)  acc1: 50.0000 (59.3932)  acc5: 75.0000 (83.5576)  time: 0.2120  data: 0.0003  max mem: 41183
Test:  [4400/7958]  eta: 0:12:33  loss: 1.1613 (1.7212)  acc1: 68.7500 (59.2635)  acc5: 93.7500 (83.4114)  time: 0.2121  data: 0.0003  max mem: 41183
Test:  [4500/7958]  eta: 0:12:12  loss: 1.7038 (1.7245)  acc1: 56.2500 (59.2049)  acc5: 81.2500 (83.3718)  time: 0.2119  data: 0.0003  max mem: 41183
Test:  [4600/7958]  eta: 0:11:51  loss: 2.2809 (1.7250)  acc1: 50.0000 (59.2779)  acc5: 75.0000 (83.3351)  time: 0.2112  data: 0.0003  max mem: 41183
Test:  [4700/7958]  eta: 0:11:29  loss: 1.5731 (1.7338)  acc1: 62.5000 (59.0513)  acc5: 81.2500 (83.1977)  time: 0.2113  data: 0.0003  max mem: 41183
Test:  [4800/7958]  eta: 0:11:08  loss: 1.8189 (1.7362)  acc1: 56.2500 (58.9825)  acc5: 87.5000 (83.1832)  time: 0.2116  data: 0.0003  max mem: 41183
Test:  [4900/7958]  eta: 0:10:47  loss: 1.6326 (1.7389)  acc1: 62.5000 (58.9931)  acc5: 81.2500 (83.1004)  time: 0.2112  data: 0.0003  max mem: 41183
Test:  [5000/7958]  eta: 0:10:26  loss: 1.9894 (1.7392)  acc1: 43.7500 (58.8707)  acc5: 81.2500 (83.1171)  time: 0.2117  data: 0.0003  max mem: 41183
Test:  [5100/7958]  eta: 0:10:05  loss: 2.3308 (1.7382)  acc1: 43.7500 (58.8439)  acc5: 75.0000 (83.1638)  time: 0.2113  data: 0.0003  max mem: 41183
Test:  [5200/7958]  eta: 0:09:43  loss: 0.7693 (1.7361)  acc1: 87.5000 (58.9178)  acc5: 93.7500 (83.1763)  time: 0.2120  data: 0.0003  max mem: 41183
Test:  [5300/7958]  eta: 0:09:22  loss: 2.4086 (1.7417)  acc1: 37.5000 (58.8014)  acc5: 75.0000 (83.0916)  time: 0.2119  data: 0.0003  max mem: 41183
Test:  [5400/7958]  eta: 0:09:01  loss: 2.0649 (1.7423)  acc1: 50.0000 (58.8248)  acc5: 81.2500 (83.0680)  time: 0.2120  data: 0.0003  max mem: 41183
Test:  [5500/7958]  eta: 0:08:40  loss: 1.2319 (1.7440)  acc1: 68.7500 (58.8450)  acc5: 93.7500 (83.0224)  time: 0.2114  data: 0.0003  max mem: 41183
Test:  [5600/7958]  eta: 0:08:19  loss: 2.4073 (1.7492)  acc1: 31.2500 (58.8143)  acc5: 75.0000 (82.9193)  time: 0.2114  data: 0.0003  max mem: 41183
Test:  [5700/7958]  eta: 0:07:58  loss: 2.3762 (1.7516)  acc1: 43.7500 (58.7616)  acc5: 68.7500 (82.8934)  time: 0.2113  data: 0.0003  max mem: 41183
Test:  [5800/7958]  eta: 0:07:36  loss: 2.2953 (1.7518)  acc1: 43.7500 (58.7959)  acc5: 75.0000 (82.8650)  time: 0.2114  data: 0.0003  max mem: 41183
Test:  [5900/7958]  eta: 0:07:15  loss: 1.7728 (1.7518)  acc1: 56.2500 (58.8142)  acc5: 81.2500 (82.8525)  time: 0.2117  data: 0.0003  max mem: 41183
Test:  [6000/7958]  eta: 0:06:54  loss: 2.0084 (1.7572)  acc1: 50.0000 (58.7444)  acc5: 81.2500 (82.7685)  time: 0.2121  data: 0.0003  max mem: 41183
Test:  [6100/7958]  eta: 0:06:33  loss: 1.4208 (1.7580)  acc1: 62.5000 (58.7537)  acc5: 93.7500 (82.7528)  time: 0.2119  data: 0.0003  max mem: 41183
Test:  [6200/7958]  eta: 0:06:12  loss: 1.4814 (1.7601)  acc1: 62.5000 (58.7667)  acc5: 87.5000 (82.6883)  time: 0.2122  data: 0.0003  max mem: 41183
Test:  [6300/7958]  eta: 0:05:51  loss: 1.1398 (1.7541)  acc1: 68.7500 (58.9291)  acc5: 93.7500 (82.7587)  time: 0.2113  data: 0.0003  max mem: 41183
Test:  [6400/7958]  eta: 0:05:29  loss: 0.6464 (1.7553)  acc1: 81.2500 (58.9429)  acc5: 93.7500 (82.7302)  time: 0.2115  data: 0.0003  max mem: 41183
Test:  [6500/7958]  eta: 0:05:08  loss: 0.9193 (1.7539)  acc1: 81.2500 (59.0140)  acc5: 93.7500 (82.7277)  time: 0.2114  data: 0.0003  max mem: 41183
Test:  [6600/7958]  eta: 0:04:47  loss: 2.0120 (1.7579)  acc1: 50.0000 (58.9182)  acc5: 75.0000 (82.6504)  time: 0.2111  data: 0.0003  max mem: 41183
Test:  [6700/7958]  eta: 0:04:26  loss: 1.0895 (1.7581)  acc1: 75.0000 (58.9147)  acc5: 87.5000 (82.6500)  time: 0.2116  data: 0.0003  max mem: 41183
Test:  [6800/7958]  eta: 0:04:05  loss: 1.4100 (1.7556)  acc1: 50.0000 (58.9757)  acc5: 81.2500 (82.6965)  time: 0.2114  data: 0.0003  max mem: 41183
Test:  [6900/7958]  eta: 0:03:43  loss: 1.4022 (1.7524)  acc1: 43.7500 (59.0449)  acc5: 81.2500 (82.7416)  time: 0.2123  data: 0.0003  max mem: 41183
Test:  [7000/7958]  eta: 0:03:22  loss: 1.0111 (1.7516)  acc1: 81.2500 (59.1067)  acc5: 93.7500 (82.7426)  time: 0.2120  data: 0.0003  max mem: 41183
Test:  [7100/7958]  eta: 0:03:01  loss: 0.7167 (1.7557)  acc1: 81.2500 (59.0630)  acc5: 93.7500 (82.6882)  time: 0.2118  data: 0.0003  max mem: 41183
Test:  [7200/7958]  eta: 0:02:40  loss: 2.1320 (1.7609)  acc1: 50.0000 (58.9276)  acc5: 81.2500 (82.6500)  time: 0.2116  data: 0.0003  max mem: 41183
Test:  [7300/7958]  eta: 0:02:19  loss: 1.6174 (1.7550)  acc1: 56.2500 (59.0878)  acc5: 93.7500 (82.7198)  time: 0.2116  data: 0.0003  max mem: 41183
Test:  [7400/7958]  eta: 0:01:58  loss: 2.6731 (1.7603)  acc1: 31.2500 (58.9726)  acc5: 62.5000 (82.6375)  time: 0.2111  data: 0.0003  max mem: 41183
Test:  [7500/7958]  eta: 0:01:36  loss: 1.5791 (1.7614)  acc1: 50.0000 (58.9338)  acc5: 87.5000 (82.6148)  time: 0.2115  data: 0.0003  max mem: 41183
Test:  [7600/7958]  eta: 0:01:15  loss: 1.4006 (1.7625)  acc1: 68.7500 (58.9207)  acc5: 87.5000 (82.5862)  time: 0.2114  data: 0.0003  max mem: 41183
Test:  [7700/7958]  eta: 0:00:54  loss: 2.0324 (1.7657)  acc1: 43.7500 (58.8398)  acc5: 75.0000 (82.5566)  time: 0.2120  data: 0.0003  max mem: 41183
Test:  [7800/7958]  eta: 0:00:33  loss: 0.9932 (1.7662)  acc1: 75.0000 (58.7841)  acc5: 93.7500 (82.5912)  time: 0.2119  data: 0.0003  max mem: 41183
Test:  [7900/7958]  eta: 0:00:12  loss: 1.0636 (1.7626)  acc1: 81.2500 (58.8984)  acc5: 93.7500 (82.6090)  time: 0.2123  data: 0.0003  max mem: 41183
Test: Total time: 0:28:04
 * Acc@1 = 58.91084443327469, Acc@5 = 82.58984669514953, loss = 1.7638642053801186
Namespace(model='QKFormer_10_768', dataset='es-imagenet', num_classes=1000, data_path='/model/es-imagenet', device='cuda', batch_size=16, workers=4, print_freq=3072, output_dir='./logs4', resume='', sync_bn=False, test_only=False, amp=True, world_size=1, dist_url='env://', tb=True, T=8, opt='adamw', opt_eps=1e-08, opt_betas=None, weight_decay=0.01, momentum=0.9, connect_f='ADD', T_train=None, sched='cosine', lr=0.0005, lr_noise=None, lr_noise_pct=0.67, lr_noise_std=1.0, lr_cycle_mul=1.0, lr_cycle_limit=1, warmup_lr=1e-05, min_lr=1e-06, epochs=100, epoch_repeats=0.0, start_epoch=0, decay_epochs=20, warmup_epochs=20, cooldown_epochs=10, patience_epochs=10, decay_rate=0.1, smoothing=0.1, mixup=0.5, cutmix=0.0, cutmix_minmax=None, mixup_prob=0.5, mixup_switch_prob=0.5, mixup_mode='batch', mixup_off_epoch=0, grad_clip=5.0, distributed=False)
Training time 14 days, 20:54:49 max_test_acc1 59.107187735611966 test_acc5_at_max_test_acc1 82.81603417944207
./logs4/QKFormer_10_768_b16_T8_wd0.01_adamw_cnf_ADD/lr0.0005
Epoch: [44]  [    0/71874]  eta: 21:58:12  lr: 0.00029725163798913836  img/s: 42.232889600439016  loss: 3.3699 (3.3699)  acc1: 62.5000 (62.5000)  acc5: 75.0000 (75.0000)  time: 1.1004  data: 0.7216  max mem: 41183
Epoch: [44]  [ 3072/71874]  eta: 7:08:23  lr: 0.00029725163798913836  img/s: 42.798228859287676  loss: 2.6758 (3.1316)  acc1: 56.2500 (51.6962)  acc5: 75.0000 (75.2115)  time: 0.3727  data: 0.0002  max mem: 41183
Epoch: [44]  [ 6144/71874]  eta: 6:49:06  lr: 0.00029725163798913836  img/s: 42.10908137148293  loss: 2.8186 (3.1291)  acc1: 56.2500 (51.7992)  acc5: 75.0000 (75.3163)  time: 0.3730  data: 0.0002  max mem: 41183
Epoch: [44]  [ 9216/71874]  eta: 6:29:57  lr: 0.00029725163798913836  img/s: 42.98328933091992  loss: 2.8664 (3.1378)  acc1: 50.0000 (51.6817)  acc5: 81.2500 (75.2265)  time: 0.3723  data: 0.0002  max mem: 41183
Epoch: [44]  [12288/71874]  eta: 6:10:46  lr: 0.00029725163798913836  img/s: 43.1965776866042  loss: 2.9757 (3.1396)  acc1: 56.2500 (51.6234)  acc5: 75.0000 (75.1663)  time: 0.3721  data: 0.0001  max mem: 41183
Epoch: [44]  [15360/71874]  eta: 5:51:33  lr: 0.00029725163798913836  img/s: 43.210985344331895  loss: 2.7735 (3.1517)  acc1: 56.2500 (51.4265)  acc5: 81.2500 (74.9463)  time: 0.3713  data: 0.0001  max mem: 41183
Epoch: [44]  [18432/71874]  eta: 5:32:23  lr: 0.00029725163798913836  img/s: 43.33252448028824  loss: 2.6169 (3.1486)  acc1: 56.2500 (51.4549)  acc5: 75.0000 (74.9563)  time: 0.3716  data: 0.0002  max mem: 41183
Epoch: [44]  [21504/71874]  eta: 5:13:14  lr: 0.00029725163798913836  img/s: 42.93321408304912  loss: 3.2260 (3.1535)  acc1: 50.0000 (51.3639)  acc5: 75.0000 (74.8666)  time: 0.3750  data: 0.0002  max mem: 41183
Epoch: [44]  [24576/71874]  eta: 4:54:06  lr: 0.00029725163798913836  img/s: 43.002266451961404  loss: 3.2336 (3.1510)  acc1: 50.0000 (51.3860)  acc5: 75.0000 (74.8807)  time: 0.3721  data: 0.0002  max mem: 41183
Epoch: [44]  [27648/71874]  eta: 4:35:02  lr: 0.00029725163798913836  img/s: 42.922889077215814  loss: 2.9981 (3.1518)  acc1: 50.0000 (51.3633)  acc5: 75.0000 (74.8795)  time: 0.3782  data: 0.0002  max mem: 41183
Epoch: [44]  [30720/71874]  eta: 4:15:53  lr: 0.00029725163798913836  img/s: 43.14167758459088  loss: 2.8994 (3.1568)  acc1: 50.0000 (51.2504)  acc5: 75.0000 (74.7921)  time: 0.3723  data: 0.0002  max mem: 41183
Epoch: [44]  [33792/71874]  eta: 3:56:45  lr: 0.00029725163798913836  img/s: 43.2384643932209  loss: 3.4262 (3.1590)  acc1: 50.0000 (51.2159)  acc5: 75.0000 (74.7342)  time: 0.3718  data: 0.0002  max mem: 41183
Epoch: [44]  [36864/71874]  eta: 3:37:38  lr: 0.00029725163798913836  img/s: 43.12232786118372  loss: 2.9839 (3.1613)  acc1: 50.0000 (51.1256)  acc5: 75.0000 (74.7072)  time: 0.3724  data: 0.0002  max mem: 41183
Epoch: [44]  [39936/71874]  eta: 3:18:32  lr: 0.00029725163798913836  img/s: 43.104185949120655  loss: 3.0593 (3.1642)  acc1: 50.0000 (51.0513)  acc5: 75.0000 (74.6458)  time: 0.3734  data: 0.0002  max mem: 41183
Epoch: [44]  [43008/71874]  eta: 2:59:25  lr: 0.00029725163798913836  img/s: 42.93027534438839  loss: 3.0897 (3.1661)  acc1: 50.0000 (51.0124)  acc5: 75.0000 (74.6254)  time: 0.3722  data: 0.0002  max mem: 41183
Epoch: [44]  [46080/71874]  eta: 2:40:19  lr: 0.00029725163798913836  img/s: 42.99113705186378  loss: 2.7369 (3.1681)  acc1: 56.2500 (50.9608)  acc5: 81.2500 (74.5923)  time: 0.3717  data: 0.0002  max mem: 41183
Epoch: [44]  [49152/71874]  eta: 2:21:13  lr: 0.00029725163798913836  img/s: 42.991495086420066  loss: 3.1705 (3.1709)  acc1: 43.7500 (50.8954)  acc5: 75.0000 (74.5531)  time: 0.3731  data: 0.0002  max mem: 41183
Epoch: [44]  [52224/71874]  eta: 2:02:07  lr: 0.00029725163798913836  img/s: 43.24509577749052  loss: 3.1911 (3.1715)  acc1: 50.0000 (50.8722)  acc5: 68.7500 (74.5326)  time: 0.3723  data: 0.0002  max mem: 41183
Epoch: [44]  [55296/71874]  eta: 1:43:02  lr: 0.00029725163798913836  img/s: 42.99637045802705  loss: 2.8012 (3.1740)  acc1: 56.2500 (50.8267)  acc5: 75.0000 (74.4895)  time: 0.3715  data: 0.0002  max mem: 41183
Epoch: [44]  [58368/71874]  eta: 1:23:56  lr: 0.00029725163798913836  img/s: 43.21084622833948  loss: 2.9407 (3.1766)  acc1: 50.0000 (50.7667)  acc5: 75.0000 (74.4350)  time: 0.3714  data: 0.0002  max mem: 41183
Epoch: [44]  [61440/71874]  eta: 1:04:50  lr: 0.00029725163798913836  img/s: 43.205337955028604  loss: 2.5775 (3.1778)  acc1: 56.2500 (50.7482)  acc5: 81.2500 (74.4085)  time: 0.3717  data: 0.0002  max mem: 41183
Epoch: [44]  [64512/71874]  eta: 0:45:45  lr: 0.00029725163798913836  img/s: 42.87051683771085  loss: 2.9233 (3.1784)  acc1: 56.2500 (50.7344)  acc5: 75.0000 (74.3984)  time: 0.3728  data: 0.0002  max mem: 41183
Epoch: [44]  [67584/71874]  eta: 0:26:39  lr: 0.00029725163798913836  img/s: 43.046427554285216  loss: 2.9923 (3.1787)  acc1: 50.0000 (50.7205)  acc5: 75.0000 (74.3836)  time: 0.3728  data: 0.0002  max mem: 41183
Epoch: [44]  [70656/71874]  eta: 0:07:34  lr: 0.00029725163798913836  img/s: 43.04460525421185  loss: 3.2774 (3.1803)  acc1: 50.0000 (50.6862)  acc5: 68.7500 (74.3430)  time: 0.3720  data: 0.0002  max mem: 41183
Epoch: [44] Total time: 7:26:41
Test:  [   0/7958]  eta: 2:04:38  loss: 0.4976 (0.4976)  acc1: 87.5000 (87.5000)  acc5: 100.0000 (100.0000)  time: 0.9397  data: 0.7305  max mem: 41183
Test:  [ 100/7958]  eta: 0:28:37  loss: 1.4176 (1.2620)  acc1: 62.5000 (73.5767)  acc5: 87.5000 (88.7995)  time: 0.2111  data: 0.0004  max mem: 41183
Test:  [ 200/7958]  eta: 0:27:49  loss: 1.8769 (1.3928)  acc1: 50.0000 (69.3097)  acc5: 87.5000 (86.9092)  time: 0.2118  data: 0.0003  max mem: 41183
Test:  [ 300/7958]  eta: 0:27:19  loss: 1.0603 (1.4389)  acc1: 68.7500 (67.8364)  acc5: 87.5000 (86.7525)  time: 0.2122  data: 0.0004  max mem: 41183
Test:  [ 400/7958]  eta: 0:26:53  loss: 0.9759 (1.3567)  acc1: 68.7500 (69.4670)  acc5: 93.7500 (88.0143)  time: 0.2118  data: 0.0003  max mem: 41183
Test:  [ 500/7958]  eta: 0:26:29  loss: 1.3525 (1.3445)  acc1: 62.5000 (69.3488)  acc5: 93.7500 (88.2610)  time: 0.2120  data: 0.0003  max mem: 41183
Test:  [ 600/7958]  eta: 0:26:06  loss: 2.1704 (1.4417)  acc1: 43.7500 (66.2230)  acc5: 81.2500 (87.1152)  time: 0.2117  data: 0.0003  max mem: 41183
Test:  [ 700/7958]  eta: 0:25:43  loss: 1.8123 (1.5089)  acc1: 56.2500 (64.3367)  acc5: 81.2500 (86.3766)  time: 0.2116  data: 0.0003  max mem: 41183
Test:  [ 800/7958]  eta: 0:25:21  loss: 1.5022 (1.5665)  acc1: 56.2500 (62.7575)  acc5: 87.5000 (85.6351)  time: 0.2112  data: 0.0003  max mem: 41183
Test:  [ 900/7958]  eta: 0:24:59  loss: 1.7905 (1.6013)  acc1: 62.5000 (61.8688)  acc5: 75.0000 (85.2733)  time: 0.2116  data: 0.0003  max mem: 41183
Test:  [1000/7958]  eta: 0:24:37  loss: 1.8788 (1.6572)  acc1: 50.0000 (60.4895)  acc5: 87.5000 (84.6029)  time: 0.2117  data: 0.0003  max mem: 41183
Test:  [1100/7958]  eta: 0:24:16  loss: 1.4056 (1.6764)  acc1: 62.5000 (60.1839)  acc5: 87.5000 (84.3211)  time: 0.2120  data: 0.0003  max mem: 41183
Test:  [1200/7958]  eta: 0:23:54  loss: 1.8064 (1.6894)  acc1: 56.2500 (59.6690)  acc5: 81.2500 (84.2475)  time: 0.2120  data: 0.0003  max mem: 41183
Test:  [1300/7958]  eta: 0:23:33  loss: 2.0683 (1.7062)  acc1: 43.7500 (58.9835)  acc5: 81.2500 (84.1180)  time: 0.2123  data: 0.0003  max mem: 41183
Test:  [1400/7958]  eta: 0:23:11  loss: 1.7078 (1.6946)  acc1: 50.0000 (59.0070)  acc5: 87.5000 (84.3148)  time: 0.2119  data: 0.0004  max mem: 41183
Test:  [1500/7958]  eta: 0:22:50  loss: 1.7079 (1.7095)  acc1: 50.0000 (58.4777)  acc5: 81.2500 (84.2022)  time: 0.2116  data: 0.0003  max mem: 41183
Test:  [1600/7958]  eta: 0:22:28  loss: 1.1269 (1.7014)  acc1: 68.7500 (58.5572)  acc5: 93.7500 (84.3652)  time: 0.2115  data: 0.0003  max mem: 41183
Test:  [1700/7958]  eta: 0:22:07  loss: 0.6608 (1.6742)  acc1: 81.2500 (59.0351)  acc5: 100.0000 (84.7773)  time: 0.2116  data: 0.0004  max mem: 41183
Test:  [1800/7958]  eta: 0:21:46  loss: 1.3945 (1.6585)  acc1: 68.7500 (59.4878)  acc5: 87.5000 (85.0118)  time: 0.2113  data: 0.0003  max mem: 41183
Test:  [1900/7958]  eta: 0:21:24  loss: 1.4280 (1.6587)  acc1: 56.2500 (59.5312)  acc5: 87.5000 (85.0999)  time: 0.2115  data: 0.0003  max mem: 41183
Test:  [2000/7958]  eta: 0:21:03  loss: 0.2404 (1.6360)  acc1: 93.7500 (60.1887)  acc5: 100.0000 (85.3073)  time: 0.2122  data: 0.0003  max mem: 41183
Test:  [2100/7958]  eta: 0:20:42  loss: 0.8387 (1.6210)  acc1: 81.2500 (60.6080)  acc5: 87.5000 (85.4653)  time: 0.2121  data: 0.0003  max mem: 41183
Test:  [2200/7958]  eta: 0:20:20  loss: 1.2960 (1.6245)  acc1: 56.2500 (60.5605)  acc5: 93.7500 (85.4356)  time: 0.2121  data: 0.0003  max mem: 41183
Test:  [2300/7958]  eta: 0:19:59  loss: 2.1002 (1.6187)  acc1: 43.7500 (60.6014)  acc5: 81.2500 (85.5905)  time: 0.2116  data: 0.0003  max mem: 41183
Test:  [2400/7958]  eta: 0:19:38  loss: 1.0456 (1.6207)  acc1: 75.0000 (60.6622)  acc5: 93.7500 (85.5503)  time: 0.2114  data: 0.0003  max mem: 41183
Test:  [2500/7958]  eta: 0:19:17  loss: 2.7455 (1.6390)  acc1: 25.0000 (60.1684)  acc5: 75.0000 (85.3134)  time: 0.2113  data: 0.0003  max mem: 41183
Test:  [2600/7958]  eta: 0:18:55  loss: 1.8031 (1.6273)  acc1: 62.5000 (60.4263)  acc5: 87.5000 (85.4743)  time: 0.2116  data: 0.0003  max mem: 41183
Test:  [2700/7958]  eta: 0:18:34  loss: 1.0964 (1.6160)  acc1: 75.0000 (60.7483)  acc5: 87.5000 (85.5702)  time: 0.2115  data: 0.0003  max mem: 41183
Test:  [2800/7958]  eta: 0:18:13  loss: 2.0747 (1.6160)  acc1: 37.5000 (60.7819)  acc5: 81.2500 (85.5877)  time: 0.2120  data: 0.0003  max mem: 41183
Test:  [2900/7958]  eta: 0:17:52  loss: 1.2406 (1.6267)  acc1: 68.7500 (60.6924)  acc5: 93.7500 (85.3650)  time: 0.2120  data: 0.0003  max mem: 41183
Test:  [3000/7958]  eta: 0:17:30  loss: 0.9832 (1.6277)  acc1: 68.7500 (60.7235)  acc5: 93.7500 (85.3195)  time: 0.2119  data: 0.0003  max mem: 41183
Test:  [3100/7958]  eta: 0:17:09  loss: 1.4979 (1.6320)  acc1: 62.5000 (60.6982)  acc5: 81.2500 (85.2165)  time: 0.2120  data: 0.0003  max mem: 41183
Test:  [3200/7958]  eta: 0:16:48  loss: 2.1265 (1.6305)  acc1: 50.0000 (60.7349)  acc5: 81.2500 (85.2156)  time: 0.2116  data: 0.0003  max mem: 41183
Test:  [3300/7958]  eta: 0:16:27  loss: 2.1091 (1.6458)  acc1: 50.0000 (60.4874)  acc5: 75.0000 (84.9743)  time: 0.2115  data: 0.0004  max mem: 41183
Test:  [3400/7958]  eta: 0:16:05  loss: 1.6640 (1.6437)  acc1: 56.2500 (60.6182)  acc5: 87.5000 (84.9971)  time: 0.2116  data: 0.0004  max mem: 41183
Test:  [3500/7958]  eta: 0:15:44  loss: 0.9611 (1.6473)  acc1: 68.7500 (60.4863)  acc5: 93.7500 (84.9811)  time: 0.2113  data: 0.0003  max mem: 41183
Test:  [3600/7958]  eta: 0:15:23  loss: 2.3577 (1.6554)  acc1: 50.0000 (60.3478)  acc5: 75.0000 (84.8618)  time: 0.2118  data: 0.0004  max mem: 41183
Test:  [3700/7958]  eta: 0:15:02  loss: 2.6219 (1.6616)  acc1: 37.5000 (60.2168)  acc5: 68.7500 (84.7811)  time: 0.2118  data: 0.0003  max mem: 41183
Test:  [3800/7958]  eta: 0:14:41  loss: 2.0241 (1.6675)  acc1: 50.0000 (60.0895)  acc5: 87.5000 (84.7195)  time: 0.2119  data: 0.0003  max mem: 41183
Test:  [3900/7958]  eta: 0:14:19  loss: 1.4117 (1.6626)  acc1: 68.7500 (60.2554)  acc5: 87.5000 (84.7876)  time: 0.2119  data: 0.0003  max mem: 41183
Test:  [4000/7958]  eta: 0:13:58  loss: 1.9250 (1.6629)  acc1: 50.0000 (60.2834)  acc5: 81.2500 (84.7710)  time: 0.2116  data: 0.0003  max mem: 41183
Test:  [4100/7958]  eta: 0:13:37  loss: 0.6821 (1.6596)  acc1: 87.5000 (60.4228)  acc5: 93.7500 (84.8025)  time: 0.2115  data: 0.0003  max mem: 41183
Test:  [4200/7958]  eta: 0:13:16  loss: 1.5567 (1.6590)  acc1: 62.5000 (60.5109)  acc5: 81.2500 (84.8012)  time: 0.2116  data: 0.0003  max mem: 41183
Test:  [4300/7958]  eta: 0:12:55  loss: 1.6513 (1.6580)  acc1: 56.2500 (60.5673)  acc5: 87.5000 (84.8233)  time: 0.2114  data: 0.0003  max mem: 41183
Test:  [4400/7958]  eta: 0:12:33  loss: 1.4420 (1.6699)  acc1: 50.0000 (60.3968)  acc5: 87.5000 (84.6044)  time: 0.2115  data: 0.0003  max mem: 41183
Test:  [4500/7958]  eta: 0:12:12  loss: 1.9347 (1.6805)  acc1: 62.5000 (60.1602)  acc5: 75.0000 (84.4465)  time: 0.2118  data: 0.0003  max mem: 41183
Test:  [4600/7958]  eta: 0:11:51  loss: 2.1172 (1.6790)  acc1: 50.0000 (60.2885)  acc5: 81.2500 (84.4436)  time: 0.2118  data: 0.0003  max mem: 41183
Test:  [4700/7958]  eta: 0:11:30  loss: 1.4743 (1.6867)  acc1: 56.2500 (60.1574)  acc5: 81.2500 (84.2946)  time: 0.2118  data: 0.0003  max mem: 41183
Test:  [4800/7958]  eta: 0:11:08  loss: 2.0031 (1.6921)  acc1: 56.2500 (60.0422)  acc5: 81.2500 (84.2520)  time: 0.2120  data: 0.0003  max mem: 41183
Test:  [4900/7958]  eta: 0:10:47  loss: 1.9656 (1.6983)  acc1: 56.2500 (60.0120)  acc5: 81.2500 (84.1346)  time: 0.2113  data: 0.0003  max mem: 41183
Test:  [5000/7958]  eta: 0:10:26  loss: 2.7971 (1.7001)  acc1: 31.2500 (59.9068)  acc5: 75.0000 (84.1344)  time: 0.2111  data: 0.0003  max mem: 41183
Test:  [5100/7958]  eta: 0:10:05  loss: 2.4915 (1.7003)  acc1: 43.7500 (59.8792)  acc5: 75.0000 (84.1514)  time: 0.2113  data: 0.0003  max mem: 41183
Test:  [5200/7958]  eta: 0:09:44  loss: 0.6776 (1.6988)  acc1: 81.2500 (59.9536)  acc5: 93.7500 (84.1401)  time: 0.2112  data: 0.0003  max mem: 41183
Test:  [5300/7958]  eta: 0:09:22  loss: 1.4246 (1.6984)  acc1: 62.5000 (60.0158)  acc5: 87.5000 (84.1221)  time: 0.2114  data: 0.0003  max mem: 41183
Test:  [5400/7958]  eta: 0:09:01  loss: 1.9156 (1.6993)  acc1: 50.0000 (60.0849)  acc5: 81.2500 (84.0863)  time: 0.2120  data: 0.0003  max mem: 41183
Test:  [5500/7958]  eta: 0:08:40  loss: 1.2011 (1.6993)  acc1: 68.7500 (60.1254)  acc5: 93.7500 (84.0631)  time: 0.2118  data: 0.0003  max mem: 41183
Test:  [5600/7958]  eta: 0:08:19  loss: 2.4931 (1.7060)  acc1: 43.7500 (60.0406)  acc5: 68.7500 (83.9638)  time: 0.2118  data: 0.0003  max mem: 41183
Test:  [5700/7958]  eta: 0:07:58  loss: 2.1439 (1.7072)  acc1: 56.2500 (60.0114)  acc5: 68.7500 (83.9513)  time: 0.2118  data: 0.0003  max mem: 41183
Test:  [5800/7958]  eta: 0:07:37  loss: 1.8965 (1.7119)  acc1: 56.2500 (59.8959)  acc5: 81.2500 (83.8875)  time: 0.2114  data: 0.0003  max mem: 41183
Test:  [5900/7958]  eta: 0:07:15  loss: 1.2327 (1.7096)  acc1: 68.7500 (59.9983)  acc5: 87.5000 (83.8947)  time: 0.2111  data: 0.0003  max mem: 41183
Test:  [6000/7958]  eta: 0:06:54  loss: 1.5287 (1.7135)  acc1: 62.5000 (59.9806)  acc5: 81.2500 (83.8246)  time: 0.2114  data: 0.0003  max mem: 41183
Test:  [6100/7958]  eta: 0:06:33  loss: 1.7880 (1.7163)  acc1: 56.2500 (59.9471)  acc5: 81.2500 (83.7885)  time: 0.2114  data: 0.0003  max mem: 41183
Test:  [6200/7958]  eta: 0:06:12  loss: 1.6027 (1.7182)  acc1: 62.5000 (59.9550)  acc5: 81.2500 (83.7435)  time: 0.2118  data: 0.0003  max mem: 41183
Test:  [6300/7958]  eta: 0:05:51  loss: 1.7108 (1.7126)  acc1: 43.7500 (60.0827)  acc5: 87.5000 (83.8141)  time: 0.2118  data: 0.0003  max mem: 41183
Test:  [6400/7958]  eta: 0:05:29  loss: 0.8868 (1.7100)  acc1: 81.2500 (60.1361)  acc5: 93.7500 (83.8609)  time: 0.2121  data: 0.0003  max mem: 41183
Test:  [6500/7958]  eta: 0:05:08  loss: 0.8828 (1.7071)  acc1: 81.2500 (60.2407)  acc5: 93.7500 (83.8871)  time: 0.2119  data: 0.0003  max mem: 41183
Test:  [6600/7958]  eta: 0:04:47  loss: 2.7179 (1.7143)  acc1: 43.7500 (60.0780)  acc5: 68.7500 (83.7600)  time: 0.2113  data: 0.0003  max mem: 41183
Test:  [6700/7958]  eta: 0:04:26  loss: 1.4345 (1.7123)  acc1: 68.7500 (60.1608)  acc5: 87.5000 (83.7739)  time: 0.2114  data: 0.0003  max mem: 41183
Test:  [6800/7958]  eta: 0:04:05  loss: 1.8950 (1.7110)  acc1: 56.2500 (60.2320)  acc5: 81.2500 (83.7993)  time: 0.2114  data: 0.0003  max mem: 41183
Test:  [6900/7958]  eta: 0:03:44  loss: 1.0403 (1.7066)  acc1: 75.0000 (60.3798)  acc5: 81.2500 (83.8511)  time: 0.2115  data: 0.0003  max mem: 41183
Test:  [7000/7958]  eta: 0:03:22  loss: 1.1317 (1.7055)  acc1: 68.7500 (60.4378)  acc5: 87.5000 (83.8514)  time: 0.2115  data: 0.0003  max mem: 41183
Test:  [7100/7958]  eta: 0:03:01  loss: 0.8199 (1.7115)  acc1: 81.2500 (60.3128)  acc5: 93.7500 (83.7646)  time: 0.2117  data: 0.0003  max mem: 41183
Test:  [7200/7958]  eta: 0:02:40  loss: 1.8466 (1.7155)  acc1: 43.7500 (60.2442)  acc5: 68.7500 (83.6976)  time: 0.2121  data: 0.0003  max mem: 41183
Test:  [7300/7958]  eta: 0:02:19  loss: 2.3841 (1.7105)  acc1: 43.7500 (60.3573)  acc5: 81.2500 (83.7462)  time: 0.2121  data: 0.0003  max mem: 41183
Test:  [7400/7958]  eta: 0:01:58  loss: 2.4146 (1.7147)  acc1: 37.5000 (60.2520)  acc5: 75.0000 (83.6872)  time: 0.2115  data: 0.0003  max mem: 41183
Test:  [7500/7958]  eta: 0:01:36  loss: 1.4193 (1.7178)  acc1: 62.5000 (60.1845)  acc5: 93.7500 (83.6214)  time: 0.2116  data: 0.0003  max mem: 41183
Test:  [7600/7958]  eta: 0:01:15  loss: 0.9196 (1.7176)  acc1: 81.2500 (60.2215)  acc5: 87.5000 (83.5902)  time: 0.2112  data: 0.0003  max mem: 41183
Test:  [7700/7958]  eta: 0:00:54  loss: 2.2006 (1.7194)  acc1: 43.7500 (60.1732)  acc5: 75.0000 (83.5581)  time: 0.2113  data: 0.0003  max mem: 41183
Test:  [7800/7958]  eta: 0:00:33  loss: 1.0100 (1.7206)  acc1: 68.7500 (60.1173)  acc5: 93.7500 (83.5774)  time: 0.2112  data: 0.0003  max mem: 41183
Test:  [7900/7958]  eta: 0:00:12  loss: 0.8139 (1.7196)  acc1: 81.2500 (60.1870)  acc5: 93.7500 (83.5654)  time: 0.2115  data: 0.0003  max mem: 41183
Test: Total time: 0:28:05
 * Acc@1 = 60.20435410907263, Acc@5 = 83.54878738376476, loss = 1.7200237749877978
Namespace(model='QKFormer_10_768', dataset='es-imagenet', num_classes=1000, data_path='/model/es-imagenet', device='cuda', batch_size=16, workers=4, print_freq=3072, output_dir='./logs4', resume='', sync_bn=False, test_only=False, amp=True, world_size=1, dist_url='env://', tb=True, T=8, opt='adamw', opt_eps=1e-08, opt_betas=None, weight_decay=0.01, momentum=0.9, connect_f='ADD', T_train=None, sched='cosine', lr=0.0005, lr_noise=None, lr_noise_pct=0.67, lr_noise_std=1.0, lr_cycle_mul=1.0, lr_cycle_limit=1, warmup_lr=1e-05, min_lr=1e-06, epochs=100, epoch_repeats=0.0, start_epoch=0, decay_epochs=20, warmup_epochs=20, cooldown_epochs=10, patience_epochs=10, decay_rate=0.1, smoothing=0.1, mixup=0.5, cutmix=0.0, cutmix_minmax=None, mixup_prob=0.5, mixup_switch_prob=0.5, mixup_mode='batch', mixup_off_epoch=0, grad_clip=5.0, distributed=False)
Training time 15 days, 4:49:39 max_test_acc1 60.20435410907263 test_acc5_at_max_test_acc1 83.54878738376476
./logs4/QKFormer_10_768_b16_T8_wd0.01_adamw_cnf_ADD/lr0.0005
Epoch: [45]  [    0/71874]  eta: 1 day, 0:49:58  lr: 0.00028953039902753766  img/s: 42.39264044734437  loss: 3.2089 (3.2089)  acc1: 50.0000 (50.0000)  acc5: 56.2500 (56.2500)  time: 1.2438  data: 0.8664  max mem: 41183
Epoch: [45]  [ 3072/71874]  eta: 7:07:38  lr: 0.00028953039902753766  img/s: 43.24027528368253  loss: 2.6325 (3.0982)  acc1: 50.0000 (52.2738)  acc5: 81.2500 (75.9823)  time: 0.3716  data: 0.0002  max mem: 41183
Epoch: [45]  [ 6144/71874]  eta: 6:48:21  lr: 0.00028953039902753766  img/s: 43.194992874733046  loss: 2.8352 (3.0940)  acc1: 56.2500 (52.3027)  acc5: 81.2500 (75.9550)  time: 0.3712  data: 0.0002  max mem: 41183
Epoch: [45]  [ 9216/71874]  eta: 6:29:18  lr: 0.00028953039902753766  img/s: 43.27674823675381  loss: 2.7255 (3.1062)  acc1: 56.2500 (52.0763)  acc5: 75.0000 (75.6923)  time: 0.3717  data: 0.0002  max mem: 41183
Epoch: [45]  [12288/71874]  eta: 6:10:12  lr: 0.00028953039902753766  img/s: 43.27113944749215  loss: 2.8234 (3.1068)  acc1: 50.0000 (52.1167)  acc5: 81.2500 (75.6703)  time: 0.3721  data: 0.0002  max mem: 41183
Epoch: [45]  [15360/71874]  eta: 5:51:07  lr: 0.00028953039902753766  img/s: 42.95176213371018  loss: 2.8596 (3.1087)  acc1: 50.0000 (52.0035)  acc5: 75.0000 (75.6062)  time: 0.3723  data: 0.0002  max mem: 41183
Epoch: [45]  [18432/71874]  eta: 5:32:02  lr: 0.00028953039902753766  img/s: 43.12917312822582  loss: 2.9620 (3.1103)  acc1: 50.0000 (51.9205)  acc5: 87.5000 (75.5547)  time: 0.3719  data: 0.0002  max mem: 41183
Epoch: [45]  [21504/71874]  eta: 5:12:56  lr: 0.00028953039902753766  img/s: 43.053552571644865  loss: 2.8983 (3.1147)  acc1: 50.0000 (51.8246)  acc5: 75.0000 (75.4731)  time: 0.3723  data: 0.0002  max mem: 41183
Epoch: [45]  [24576/71874]  eta: 4:53:51  lr: 0.00028953039902753766  img/s: 43.135244231503464  loss: 2.5260 (3.1194)  acc1: 56.2500 (51.7242)  acc5: 81.2500 (75.3802)  time: 0.3775  data: 0.0002  max mem: 41183
Epoch: [45]  [27648/71874]  eta: 4:34:46  lr: 0.00028953039902753766  img/s: 43.1015836294704  loss: 2.8742 (3.1213)  acc1: 50.0000 (51.7028)  acc5: 75.0000 (75.3556)  time: 0.3721  data: 0.0002  max mem: 41183
Epoch: [45]  [30720/71874]  eta: 4:15:42  lr: 0.00028953039902753766  img/s: 43.08572734638532  loss: 2.8742 (3.1268)  acc1: 50.0000 (51.5991)  acc5: 81.2500 (75.2718)  time: 0.3713  data: 0.0002  max mem: 41183
Epoch: [45]  [33792/71874]  eta: 3:56:36  lr: 0.00028953039902753766  img/s: 43.060597058021465  loss: 2.7951 (3.1298)  acc1: 50.0000 (51.5502)  acc5: 81.2500 (75.2081)  time: 0.3715  data: 0.0002  max mem: 41183
Epoch: [45]  [36864/71874]  eta: 3:37:30  lr: 0.00028953039902753766  img/s: 43.24504004309756  loss: 3.1872 (3.1305)  acc1: 50.0000 (51.5550)  acc5: 68.7500 (75.1951)  time: 0.3711  data: 0.0002  max mem: 41183
Epoch: [45]  [39936/71874]  eta: 3:18:24  lr: 0.00028953039902753766  img/s: 43.018392260532664  loss: 3.4439 (3.1305)  acc1: 43.7500 (51.5528)  acc5: 68.7500 (75.1793)  time: 0.3720  data: 0.0002  max mem: 41183
Epoch: [45]  [43008/71874]  eta: 2:59:19  lr: 0.00028953039902753766  img/s: 43.12351939113264  loss: 3.1045 (3.1355)  acc1: 50.0000 (51.4532)  acc5: 68.7500 (75.1086)  time: 0.3714  data: 0.0002  max mem: 41183
Epoch: [45]  [46080/71874]  eta: 2:40:13  lr: 0.00028953039902753766  img/s: 43.04515745006203  loss: 2.9977 (3.1391)  acc1: 50.0000 (51.3802)  acc5: 75.0000 (75.0389)  time: 0.3780  data: 0.0002  max mem: 41183
Epoch: [45]  [49152/71874]  eta: 2:21:08  lr: 0.00028953039902753766  img/s: 43.07709846342268  loss: 3.1956 (3.1430)  acc1: 43.7500 (51.3241)  acc5: 75.0000 (74.9664)  time: 0.3719  data: 0.0002  max mem: 41183
Epoch: [45]  [52224/71874]  eta: 2:02:03  lr: 0.00028953039902753766  img/s: 42.60704415373334  loss: 2.6601 (3.1462)  acc1: 56.2500 (51.2601)  acc5: 81.2500 (74.9058)  time: 0.3716  data: 0.0002  max mem: 41183
Epoch: [45]  [55296/71874]  eta: 1:42:58  lr: 0.00028953039902753766  img/s: 43.13322034050819  loss: 2.7894 (3.1487)  acc1: 56.2500 (51.2103)  acc5: 81.2500 (74.8589)  time: 0.3724  data: 0.0002  max mem: 41183
Epoch: [45]  [58368/71874]  eta: 1:23:53  lr: 0.00028953039902753766  img/s: 43.022418707343874  loss: 2.7678 (3.1509)  acc1: 50.0000 (51.1455)  acc5: 75.0000 (74.8098)  time: 0.3722  data: 0.0002  max mem: 41183
Epoch: [45]  [61440/71874]  eta: 1:04:48  lr: 0.00028953039902753766  img/s: 43.31263981164395  loss: 2.6661 (3.1522)  acc1: 56.2500 (51.1323)  acc5: 81.2500 (74.7908)  time: 0.3724  data: 0.0002  max mem: 41183
Epoch: [45]  [64512/71874]  eta: 0:45:43  lr: 0.00028953039902753766  img/s: 43.29296888607905  loss: 2.9155 (3.1545)  acc1: 43.7500 (51.0920)  acc5: 75.0000 (74.7480)  time: 0.3708  data: 0.0002  max mem: 41183
Epoch: [45]  [67584/71874]  eta: 0:26:38  lr: 0.00028953039902753766  img/s: 43.289533895872424  loss: 2.9670 (3.1552)  acc1: 56.2500 (51.0802)  acc5: 81.2500 (74.7380)  time: 0.3720  data: 0.0002  max mem: 41183
Epoch: [45]  [70656/71874]  eta: 0:07:33  lr: 0.00028953039902753766  img/s: 43.11908612462019  loss: 3.4716 (3.1571)  acc1: 43.7500 (51.0514)  acc5: 75.0000 (74.6961)  time: 0.3716  data: 0.0002  max mem: 41183
Epoch: [45] Total time: 7:26:27
Test:  [   0/7958]  eta: 1:48:13  loss: 0.4025 (0.4025)  acc1: 93.7500 (93.7500)  acc5: 100.0000 (100.0000)  time: 0.8159  data: 0.6056  max mem: 41183
Test:  [ 100/7958]  eta: 0:28:30  loss: 0.7081 (1.0049)  acc1: 75.0000 (76.2995)  acc5: 93.7500 (91.8317)  time: 0.2116  data: 0.0003  max mem: 41183
Test:  [ 200/7958]  eta: 0:27:45  loss: 1.9189 (1.2747)  acc1: 50.0000 (70.6779)  acc5: 81.2500 (88.3085)  time: 0.2114  data: 0.0003  max mem: 41183
Test:  [ 300/7958]  eta: 0:27:16  loss: 1.0003 (1.2831)  acc1: 75.0000 (70.1204)  acc5: 93.7500 (88.3098)  time: 0.2116  data: 0.0004  max mem: 41183
Test:  [ 400/7958]  eta: 0:26:51  loss: 0.6871 (1.2111)  acc1: 81.2500 (71.6802)  acc5: 100.0000 (89.4015)  time: 0.2113  data: 0.0003  max mem: 41183
Test:  [ 500/7958]  eta: 0:26:27  loss: 1.3802 (1.2231)  acc1: 62.5000 (71.3698)  acc5: 87.5000 (89.2590)  time: 0.2115  data: 0.0003  max mem: 41183
Test:  [ 600/7958]  eta: 0:26:04  loss: 2.4464 (1.3288)  acc1: 18.7500 (68.5940)  acc5: 75.0000 (87.9888)  time: 0.2119  data: 0.0003  max mem: 41183
Test:  [ 700/7958]  eta: 0:25:42  loss: 1.5508 (1.3899)  acc1: 56.2500 (66.7439)  acc5: 87.5000 (87.2860)  time: 0.2120  data: 0.0003  max mem: 41183
Test:  [ 800/7958]  eta: 0:25:20  loss: 1.7527 (1.4735)  acc1: 62.5000 (64.7550)  acc5: 87.5000 (86.1423)  time: 0.2119  data: 0.0003  max mem: 41183
Test:  [ 900/7958]  eta: 0:24:58  loss: 1.7596 (1.4932)  acc1: 56.2500 (64.0400)  acc5: 81.2500 (86.0918)  time: 0.2114  data: 0.0003  max mem: 41183
Test:  [1000/7958]  eta: 0:24:36  loss: 1.8189 (1.5385)  acc1: 43.7500 (62.8621)  acc5: 75.0000 (85.6144)  time: 0.2114  data: 0.0003  max mem: 41183
Test:  [1100/7958]  eta: 0:24:15  loss: 1.2923 (1.5628)  acc1: 62.5000 (62.4149)  acc5: 87.5000 (85.4053)  time: 0.2114  data: 0.0003  max mem: 41183
Test:  [1200/7958]  eta: 0:23:53  loss: 1.5827 (1.5644)  acc1: 56.2500 (62.2242)  acc5: 87.5000 (85.4392)  time: 0.2113  data: 0.0003  max mem: 41183
Test:  [1300/7958]  eta: 0:23:32  loss: 1.2940 (1.5714)  acc1: 56.2500 (61.7842)  acc5: 87.5000 (85.4295)  time: 0.2114  data: 0.0003  max mem: 41183
Test:  [1400/7958]  eta: 0:23:10  loss: 2.7586 (1.5809)  acc1: 18.7500 (61.2554)  acc5: 81.2500 (85.3319)  time: 0.2118  data: 0.0003  max mem: 41183
Test:  [1500/7958]  eta: 0:22:49  loss: 2.2480 (1.6053)  acc1: 31.2500 (60.4847)  acc5: 81.2500 (85.1141)  time: 0.2119  data: 0.0003  max mem: 41183
Test:  [1600/7958]  eta: 0:22:28  loss: 1.4043 (1.6041)  acc1: 56.2500 (60.3841)  acc5: 87.5000 (85.2475)  time: 0.2120  data: 0.0003  max mem: 41183
Test:  [1700/7958]  eta: 0:22:06  loss: 0.5699 (1.5857)  acc1: 87.5000 (60.7474)  acc5: 93.7500 (85.5269)  time: 0.2121  data: 0.0003  max mem: 41183
Test:  [1800/7958]  eta: 0:21:45  loss: 0.6993 (1.5607)  acc1: 81.2500 (61.4485)  acc5: 93.7500 (85.7787)  time: 0.2112  data: 0.0003  max mem: 41183
Test:  [1900/7958]  eta: 0:21:24  loss: 1.7280 (1.5653)  acc1: 56.2500 (61.3657)  acc5: 87.5000 (85.8134)  time: 0.2112  data: 0.0003  max mem: 41183
Test:  [2000/7958]  eta: 0:21:02  loss: 0.3438 (1.5383)  acc1: 87.5000 (62.1096)  acc5: 100.0000 (86.0726)  time: 0.2115  data: 0.0003  max mem: 41183
Test:  [2100/7958]  eta: 0:20:41  loss: 0.9931 (1.5273)  acc1: 75.0000 (62.4970)  acc5: 93.7500 (86.1762)  time: 0.2114  data: 0.0003  max mem: 41183
Test:  [2200/7958]  eta: 0:20:20  loss: 1.3938 (1.5284)  acc1: 62.5000 (62.5000)  acc5: 87.5000 (86.2279)  time: 0.2117  data: 0.0003  max mem: 41183
Test:  [2300/7958]  eta: 0:19:59  loss: 2.3683 (1.5275)  acc1: 37.5000 (62.4212)  acc5: 81.2500 (86.3157)  time: 0.2118  data: 0.0003  max mem: 41183
Test:  [2400/7958]  eta: 0:19:37  loss: 1.1261 (1.5287)  acc1: 68.7500 (62.3568)  acc5: 93.7500 (86.2948)  time: 0.2123  data: 0.0003  max mem: 41183
Test:  [2500/7958]  eta: 0:19:16  loss: 2.3291 (1.5404)  acc1: 31.2500 (62.0202)  acc5: 81.2500 (86.1305)  time: 0.2120  data: 0.0003  max mem: 41183
Test:  [2600/7958]  eta: 0:18:55  loss: 1.5521 (1.5323)  acc1: 62.5000 (62.1468)  acc5: 87.5000 (86.2457)  time: 0.2117  data: 0.0004  max mem: 41183
Test:  [2700/7958]  eta: 0:18:34  loss: 1.1315 (1.5249)  acc1: 75.0000 (62.4375)  acc5: 87.5000 (86.2991)  time: 0.2114  data: 0.0003  max mem: 41183
Test:  [2800/7958]  eta: 0:18:12  loss: 2.0832 (1.5243)  acc1: 50.0000 (62.4732)  acc5: 81.2500 (86.3285)  time: 0.2115  data: 0.0004  max mem: 41183
Test:  [2900/7958]  eta: 0:17:51  loss: 0.9882 (1.5333)  acc1: 75.0000 (62.3837)  acc5: 93.7500 (86.1233)  time: 0.2114  data: 0.0003  max mem: 41183
Test:  [3000/7958]  eta: 0:17:30  loss: 0.9133 (1.5319)  acc1: 68.7500 (62.3792)  acc5: 93.7500 (86.1546)  time: 0.2116  data: 0.0003  max mem: 41183
Test:  [3100/7958]  eta: 0:17:09  loss: 1.0851 (1.5339)  acc1: 75.0000 (62.4637)  acc5: 87.5000 (86.0650)  time: 0.2119  data: 0.0003  max mem: 41183
Test:  [3200/7958]  eta: 0:16:48  loss: 1.5984 (1.5338)  acc1: 56.2500 (62.4492)  acc5: 81.2500 (86.0512)  time: 0.2122  data: 0.0003  max mem: 41183
Test:  [3300/7958]  eta: 0:16:26  loss: 1.7468 (1.5476)  acc1: 56.2500 (62.2330)  acc5: 81.2500 (85.8395)  time: 0.2119  data: 0.0003  max mem: 41183
Test:  [3400/7958]  eta: 0:16:05  loss: 1.7228 (1.5494)  acc1: 56.2500 (62.3052)  acc5: 81.2500 (85.8038)  time: 0.2120  data: 0.0003  max mem: 41183
Test:  [3500/7958]  eta: 0:15:44  loss: 1.1823 (1.5486)  acc1: 68.7500 (62.3804)  acc5: 87.5000 (85.8005)  time: 0.2114  data: 0.0003  max mem: 41183
Test:  [3600/7958]  eta: 0:15:23  loss: 1.9933 (1.5525)  acc1: 56.2500 (62.2987)  acc5: 81.2500 (85.7297)  time: 0.2110  data: 0.0003  max mem: 41183
Test:  [3700/7958]  eta: 0:15:02  loss: 1.2284 (1.5475)  acc1: 62.5000 (62.3835)  acc5: 87.5000 (85.7961)  time: 0.2115  data: 0.0003  max mem: 41183
Test:  [3800/7958]  eta: 0:14:40  loss: 1.7095 (1.5608)  acc1: 56.2500 (62.1169)  acc5: 87.5000 (85.6304)  time: 0.2113  data: 0.0003  max mem: 41183
Test:  [3900/7958]  eta: 0:14:19  loss: 1.1247 (1.5575)  acc1: 68.7500 (62.2068)  acc5: 93.7500 (85.6976)  time: 0.2113  data: 0.0003  max mem: 41183
Test:  [4000/7958]  eta: 0:13:58  loss: 1.8678 (1.5617)  acc1: 50.0000 (62.1298)  acc5: 81.2500 (85.6020)  time: 0.2120  data: 0.0003  max mem: 41183
Test:  [4100/7958]  eta: 0:13:37  loss: 0.8898 (1.5600)  acc1: 81.2500 (62.2348)  acc5: 93.7500 (85.5919)  time: 0.2120  data: 0.0003  max mem: 41183
Test:  [4200/7958]  eta: 0:13:16  loss: 1.9408 (1.5552)  acc1: 56.2500 (62.3929)  acc5: 81.2500 (85.6507)  time: 0.2121  data: 0.0003  max mem: 41183
Test:  [4300/7958]  eta: 0:12:54  loss: 1.6299 (1.5523)  acc1: 50.0000 (62.4927)  acc5: 87.5000 (85.6777)  time: 0.2117  data: 0.0003  max mem: 41183
Test:  [4400/7958]  eta: 0:12:33  loss: 1.4760 (1.5586)  acc1: 56.2500 (62.3750)  acc5: 87.5000 (85.5700)  time: 0.2116  data: 0.0003  max mem: 41183
Test:  [4500/7958]  eta: 0:12:12  loss: 1.6131 (1.5627)  acc1: 68.7500 (62.2987)  acc5: 81.2500 (85.5254)  time: 0.2113  data: 0.0003  max mem: 41183
Test:  [4600/7958]  eta: 0:11:51  loss: 1.4960 (1.5603)  acc1: 62.5000 (62.3954)  acc5: 87.5000 (85.5330)  time: 0.2114  data: 0.0003  max mem: 41183
Test:  [4700/7958]  eta: 0:11:30  loss: 1.2749 (1.5662)  acc1: 68.7500 (62.2806)  acc5: 87.5000 (85.4472)  time: 0.2113  data: 0.0003  max mem: 41183
Test:  [4800/7958]  eta: 0:11:08  loss: 1.7700 (1.5774)  acc1: 62.5000 (61.9936)  acc5: 81.2500 (85.3455)  time: 0.2118  data: 0.0003  max mem: 41183
Test:  [4900/7958]  eta: 0:10:47  loss: 1.9771 (1.5826)  acc1: 56.2500 (61.9657)  acc5: 75.0000 (85.2339)  time: 0.2120  data: 0.0003  max mem: 41183
Test:  [5000/7958]  eta: 0:10:26  loss: 2.3745 (1.5873)  acc1: 25.0000 (61.8351)  acc5: 81.2500 (85.2242)  time: 0.2118  data: 0.0003  max mem: 41183
Test:  [5100/7958]  eta: 0:10:05  loss: 2.5649 (1.5882)  acc1: 50.0000 (61.7943)  acc5: 68.7500 (85.2223)  time: 0.2119  data: 0.0003  max mem: 41183
Test:  [5200/7958]  eta: 0:09:44  loss: 0.6844 (1.5928)  acc1: 87.5000 (61.6744)  acc5: 87.5000 (85.1327)  time: 0.2114  data: 0.0003  max mem: 41183
Test:  [5300/7958]  eta: 0:09:22  loss: 1.9445 (1.5970)  acc1: 43.7500 (61.5933)  acc5: 81.2500 (85.0771)  time: 0.2113  data: 0.0003  max mem: 41183
Test:  [5400/7958]  eta: 0:09:01  loss: 1.6951 (1.5989)  acc1: 56.2500 (61.6147)  acc5: 87.5000 (85.0653)  time: 0.2116  data: 0.0003  max mem: 41183
Test:  [5500/7958]  eta: 0:08:40  loss: 1.4066 (1.6021)  acc1: 68.7500 (61.5718)  acc5: 87.5000 (85.0039)  time: 0.2113  data: 0.0003  max mem: 41183
Test:  [5600/7958]  eta: 0:08:19  loss: 1.8834 (1.6078)  acc1: 50.0000 (61.4756)  acc5: 81.2500 (84.9034)  time: 0.2114  data: 0.0003  max mem: 41183
Test:  [5700/7958]  eta: 0:07:58  loss: 1.5346 (1.6128)  acc1: 62.5000 (61.3292)  acc5: 81.2500 (84.8382)  time: 0.2120  data: 0.0003  max mem: 41183
Test:  [5800/7958]  eta: 0:07:37  loss: 1.8530 (1.6151)  acc1: 56.2500 (61.2815)  acc5: 87.5000 (84.8076)  time: 0.2120  data: 0.0003  max mem: 41183
Test:  [5900/7958]  eta: 0:07:15  loss: 1.4127 (1.6145)  acc1: 62.5000 (61.3286)  acc5: 87.5000 (84.7981)  time: 0.2121  data: 0.0003  max mem: 41183
Test:  [6000/7958]  eta: 0:06:54  loss: 1.6819 (1.6175)  acc1: 56.2500 (61.2950)  acc5: 81.2500 (84.7234)  time: 0.2115  data: 0.0004  max mem: 41183
Test:  [6100/7958]  eta: 0:06:33  loss: 1.4948 (1.6184)  acc1: 68.7500 (61.3127)  acc5: 87.5000 (84.6931)  time: 0.2117  data: 0.0003  max mem: 41183
Test:  [6200/7958]  eta: 0:06:12  loss: 1.8175 (1.6237)  acc1: 50.0000 (61.2532)  acc5: 81.2500 (84.6083)  time: 0.2114  data: 0.0003  max mem: 41183
Test:  [6300/7958]  eta: 0:05:51  loss: 1.6874 (1.6205)  acc1: 62.5000 (61.3296)  acc5: 87.5000 (84.6403)  time: 0.2114  data: 0.0003  max mem: 41183
Test:  [6400/7958]  eta: 0:05:29  loss: 0.6568 (1.6195)  acc1: 87.5000 (61.3430)  acc5: 93.7500 (84.6665)  time: 0.2112  data: 0.0003  max mem: 41183
Test:  [6500/7958]  eta: 0:05:08  loss: 1.2395 (1.6180)  acc1: 75.0000 (61.4242)  acc5: 87.5000 (84.6764)  time: 0.2113  data: 0.0003  max mem: 41183
Test:  [6600/7958]  eta: 0:04:47  loss: 2.4721 (1.6222)  acc1: 43.7500 (61.3534)  acc5: 68.7500 (84.5828)  time: 0.2117  data: 0.0003  max mem: 41183
Test:  [6700/7958]  eta: 0:04:26  loss: 1.1691 (1.6201)  acc1: 75.0000 (61.3957)  acc5: 93.7500 (84.5984)  time: 0.2119  data: 0.0003  max mem: 41183
Test:  [6800/7958]  eta: 0:04:05  loss: 1.6390 (1.6197)  acc1: 62.5000 (61.4294)  acc5: 81.2500 (84.6098)  time: 0.2120  data: 0.0003  max mem: 41183
Test:  [6900/7958]  eta: 0:03:44  loss: 1.1180 (1.6200)  acc1: 75.0000 (61.3942)  acc5: 81.2500 (84.6127)  time: 0.2117  data: 0.0003  max mem: 41183
Test:  [7000/7958]  eta: 0:03:22  loss: 0.7704 (1.6191)  acc1: 87.5000 (61.4671)  acc5: 93.7500 (84.5924)  time: 0.2113  data: 0.0003  max mem: 41183
Test:  [7100/7958]  eta: 0:03:01  loss: 0.7238 (1.6206)  acc1: 81.2500 (61.4491)  acc5: 93.7500 (84.5682)  time: 0.2115  data: 0.0003  max mem: 41183
Test:  [7200/7958]  eta: 0:02:40  loss: 1.7036 (1.6258)  acc1: 50.0000 (61.3292)  acc5: 81.2500 (84.5039)  time: 0.2113  data: 0.0003  max mem: 41183
Test:  [7300/7958]  eta: 0:02:19  loss: 2.1679 (1.6236)  acc1: 56.2500 (61.4025)  acc5: 81.2500 (84.5355)  time: 0.2115  data: 0.0003  max mem: 41183
Test:  [7400/7958]  eta: 0:01:58  loss: 1.8309 (1.6294)  acc1: 62.5000 (61.2856)  acc5: 81.2500 (84.4506)  time: 0.2112  data: 0.0003  max mem: 41183
Test:  [7500/7958]  eta: 0:01:36  loss: 1.7276 (1.6304)  acc1: 50.0000 (61.2760)  acc5: 87.5000 (84.4187)  time: 0.2121  data: 0.0003  max mem: 41183
Test:  [7600/7958]  eta: 0:01:15  loss: 1.3991 (1.6290)  acc1: 68.7500 (61.3044)  acc5: 87.5000 (84.4280)  time: 0.2119  data: 0.0003  max mem: 41183
Test:  [7700/7958]  eta: 0:00:54  loss: 2.1583 (1.6323)  acc1: 37.5000 (61.2128)  acc5: 81.2500 (84.3827)  time: 0.2117  data: 0.0003  max mem: 41183
Test:  [7800/7958]  eta: 0:00:33  loss: 0.9514 (1.6341)  acc1: 75.0000 (61.1556)  acc5: 93.7500 (84.3890)  time: 0.2113  data: 0.0003  max mem: 41183
Test:  [7900/7958]  eta: 0:00:12  loss: 0.8148 (1.6304)  acc1: 81.2500 (61.2802)  acc5: 93.7500 (84.4189)  time: 0.2110  data: 0.0003  max mem: 41183
Test: Total time: 0:28:04
 * Acc@1 = 61.318013319929634, Acc@5 = 84.41741015330486, loss = 1.6300754316259278
Namespace(model='QKFormer_10_768', dataset='es-imagenet', num_classes=1000, data_path='/model/es-imagenet', device='cuda', batch_size=16, workers=4, print_freq=3072, output_dir='./logs4', resume='', sync_bn=False, test_only=False, amp=True, world_size=1, dist_url='env://', tb=True, T=8, opt='adamw', opt_eps=1e-08, opt_betas=None, weight_decay=0.01, momentum=0.9, connect_f='ADD', T_train=None, sched='cosine', lr=0.0005, lr_noise=None, lr_noise_pct=0.67, lr_noise_std=1.0, lr_cycle_mul=1.0, lr_cycle_limit=1, warmup_lr=1e-05, min_lr=1e-06, epochs=100, epoch_repeats=0.0, start_epoch=0, decay_epochs=20, warmup_epochs=20, cooldown_epochs=10, patience_epochs=10, decay_rate=0.1, smoothing=0.1, mixup=0.5, cutmix=0.0, cutmix_minmax=None, mixup_prob=0.5, mixup_switch_prob=0.5, mixup_mode='batch', mixup_off_epoch=0, grad_clip=5.0, distributed=False)
Training time 15 days, 12:44:15 max_test_acc1 61.318013319929634 test_acc5_at_max_test_acc1 84.41741015330486
./logs4/QKFormer_10_768_b16_T8_wd0.01_adamw_cnf_ADD/lr0.0005
Epoch: [46]  [    0/71874]  eta: 20:22:19  lr: 0.000281770641774294  img/s: 42.62439088835028  loss: 2.3298 (2.3298)  acc1: 68.7500 (68.7500)  acc5: 81.2500 (81.2500)  time: 1.0204  data: 0.6450  max mem: 41183
Epoch: [46]  [ 3072/71874]  eta: 7:08:03  lr: 0.000281770641774294  img/s: 43.249527121476454  loss: 2.8677 (3.0813)  acc1: 50.0000 (52.9531)  acc5: 75.0000 (76.2915)  time: 0.3707  data: 0.0002  max mem: 41183
Epoch: [46]  [ 6144/71874]  eta: 6:48:43  lr: 0.000281770641774294  img/s: 43.017730450991905  loss: 3.0517 (3.0827)  acc1: 56.2500 (52.7858)  acc5: 75.0000 (76.1371)  time: 0.3723  data: 0.0002  max mem: 41183
Epoch: [46]  [ 9216/71874]  eta: 6:29:38  lr: 0.000281770641774294  img/s: 42.440066225584374  loss: 2.6821 (3.0840)  acc1: 62.5000 (52.7015)  acc5: 81.2500 (76.0802)  time: 0.3735  data: 0.0002  max mem: 41183
Epoch: [46]  [12288/71874]  eta: 6:10:36  lr: 0.000281770641774294  img/s: 43.05090112687368  loss: 2.8963 (3.0922)  acc1: 50.0000 (52.4626)  acc5: 75.0000 (75.8621)  time: 0.3716  data: 0.0002  max mem: 41183
Epoch: [46]  [15360/71874]  eta: 5:51:31  lr: 0.000281770641774294  img/s: 43.04847092270645  loss: 2.7869 (3.0936)  acc1: 56.2500 (52.4368)  acc5: 75.0000 (75.8304)  time: 0.3723  data: 0.0002  max mem: 41183
Epoch: [46]  [18432/71874]  eta: 5:32:27  lr: 0.000281770641774294  img/s: 43.16357089886072  loss: 3.1041 (3.0960)  acc1: 50.0000 (52.3450)  acc5: 75.0000 (75.7910)  time: 0.3774  data: 0.0002  max mem: 41183
Epoch: [46]  [21504/71874]  eta: 5:13:28  lr: 0.000281770641774294  img/s: 43.122992893035686  loss: 2.6390 (3.1004)  acc1: 62.5000 (52.2271)  acc5: 81.2500 (75.7495)  time: 0.3719  data: 0.0002  max mem: 41183
Epoch: [46]  [24576/71874]  eta: 4:54:21  lr: 0.000281770641774294  img/s: 42.80890358615956  loss: 2.9687 (3.1045)  acc1: 50.0000 (52.1336)  acc5: 75.0000 (75.6843)  time: 0.3770  data: 0.0002  max mem: 41183
Epoch: [46]  [27648/71874]  eta: 4:35:14  lr: 0.000281770641774294  img/s: 43.00877045130172  loss: 2.8510 (3.1075)  acc1: 50.0000 (52.1244)  acc5: 81.2500 (75.6469)  time: 0.3724  data: 0.0002  max mem: 41183
Epoch: [46]  [30720/71874]  eta: 4:16:07  lr: 0.000281770641774294  img/s: 42.939367511797165  loss: 2.7768 (3.1111)  acc1: 50.0000 (52.0672)  acc5: 75.0000 (75.5812)  time: 0.3732  data: 0.0002  max mem: 41183
Epoch: [46]  [33792/71874]  eta: 3:57:01  lr: 0.000281770641774294  img/s: 43.15627065889828  loss: 2.7278 (3.1139)  acc1: 56.2500 (51.9753)  acc5: 81.2500 (75.5095)  time: 0.3790  data: 0.0002  max mem: 41183
Epoch: [46]  [36864/71874]  eta: 3:37:54  lr: 0.000281770641774294  img/s: 42.98403267636017  loss: 2.6621 (3.1177)  acc1: 56.2500 (51.9054)  acc5: 81.2500 (75.4403)  time: 0.3731  data: 0.0001  max mem: 41183
Epoch: [46]  [39936/71874]  eta: 3:18:48  lr: 0.000281770641774294  img/s: 43.05943663110508  loss: 2.9148 (3.1202)  acc1: 56.2500 (51.8631)  acc5: 81.2500 (75.3934)  time: 0.3763  data: 0.0002  max mem: 41183
Epoch: [46]  [43008/71874]  eta: 2:59:41  lr: 0.000281770641774294  img/s: 42.996948965326354  loss: 2.9236 (3.1235)  acc1: 50.0000 (51.7922)  acc5: 75.0000 (75.3399)  time: 0.3717  data: 0.0002  max mem: 41183
Epoch: [46]  [46080/71874]  eta: 2:40:34  lr: 0.000281770641774294  img/s: 42.902253956746684  loss: 2.6548 (3.1265)  acc1: 56.2500 (51.7393)  acc5: 81.2500 (75.2882)  time: 0.3739  data: 0.0002  max mem: 41183
Epoch: [46]  [49152/71874]  eta: 2:21:26  lr: 0.000281770641774294  img/s: 42.4998410424575  loss: 2.8321 (3.1299)  acc1: 43.7500 (51.6775)  acc5: 75.0000 (75.2098)  time: 0.3726  data: 0.0002  max mem: 41183
Epoch: [46]  [52224/71874]  eta: 2:02:19  lr: 0.000281770641774294  img/s: 43.13244410394382  loss: 3.4015 (3.1316)  acc1: 50.0000 (51.6456)  acc5: 68.7500 (75.1673)  time: 0.3723  data: 0.0002  max mem: 41183
Epoch: [46]  [55296/71874]  eta: 1:43:11  lr: 0.000281770641774294  img/s: 42.84913859705804  loss: 3.4190 (3.1343)  acc1: 43.7500 (51.5799)  acc5: 68.7500 (75.1172)  time: 0.3782  data: 0.0002  max mem: 41183
Epoch: [46]  [58368/71874]  eta: 1:24:04  lr: 0.000281770641774294  img/s: 43.34411130796025  loss: 2.9894 (3.1349)  acc1: 43.7500 (51.5613)  acc5: 68.7500 (75.1054)  time: 0.3723  data: 0.0002  max mem: 41183
Epoch: [46]  [61440/71874]  eta: 1:04:57  lr: 0.000281770641774294  img/s: 42.51297963320769  loss: 3.2494 (3.1370)  acc1: 50.0000 (51.5164)  acc5: 75.0000 (75.0599)  time: 0.3775  data: 0.0002  max mem: 41183
Epoch: [46]  [64512/71874]  eta: 0:45:49  lr: 0.000281770641774294  img/s: 43.10008882198161  loss: 3.0613 (3.1381)  acc1: 56.2500 (51.4950)  acc5: 81.2500 (75.0579)  time: 0.3724  data: 0.0002  max mem: 41183
Epoch: [46]  [67584/71874]  eta: 0:26:42  lr: 0.000281770641774294  img/s: 43.13604829570837  loss: 3.0428 (3.1397)  acc1: 56.2500 (51.4592)  acc5: 75.0000 (75.0273)  time: 0.3732  data: 0.0002  max mem: 41183
Epoch: [46]  [70656/71874]  eta: 0:07:34  lr: 0.000281770641774294  img/s: 43.29827604005368  loss: 3.4730 (3.1412)  acc1: 43.7500 (51.4288)  acc5: 68.7500 (74.9873)  time: 0.3722  data: 0.0002  max mem: 41183
Epoch: [46] Total time: 7:27:26
Test:  [   0/7958]  eta: 1:39:40  loss: 0.3182 (0.3182)  acc1: 93.7500 (93.7500)  acc5: 100.0000 (100.0000)  time: 0.7515  data: 0.5411  max mem: 41183
Test:  [ 100/7958]  eta: 0:28:23  loss: 1.3873 (1.2503)  acc1: 56.2500 (73.8243)  acc5: 87.5000 (88.3663)  time: 0.2115  data: 0.0003  max mem: 41183
Test:  [ 200/7958]  eta: 0:27:43  loss: 2.4730 (1.5340)  acc1: 25.0000 (64.8632)  acc5: 75.0000 (85.3545)  time: 0.2122  data: 0.0003  max mem: 41183
Test:  [ 300/7958]  eta: 0:27:14  loss: 1.1870 (1.5506)  acc1: 75.0000 (64.8048)  acc5: 87.5000 (85.0498)  time: 0.2117  data: 0.0003  max mem: 41183
Test:  [ 400/7958]  eta: 0:26:49  loss: 0.8510 (1.4656)  acc1: 75.0000 (66.6771)  acc5: 93.7500 (86.5337)  time: 0.2121  data: 0.0003  max mem: 41183
Test:  [ 500/7958]  eta: 0:26:26  loss: 1.2646 (1.4230)  acc1: 62.5000 (67.4526)  acc5: 87.5000 (87.0384)  time: 0.2117  data: 0.0003  max mem: 41183
Test:  [ 600/7958]  eta: 0:26:04  loss: 1.5764 (1.4891)  acc1: 56.2500 (65.4742)  acc5: 81.2500 (86.3145)  time: 0.2116  data: 0.0003  max mem: 41183
Test:  [ 700/7958]  eta: 0:25:42  loss: 1.6593 (1.5865)  acc1: 56.2500 (63.3470)  acc5: 81.2500 (84.8252)  time: 0.2118  data: 0.0002  max mem: 41183
Test:  [ 800/7958]  eta: 0:25:20  loss: 1.3773 (1.6499)  acc1: 68.7500 (61.6729)  acc5: 87.5000 (83.9263)  time: 0.2115  data: 0.0003  max mem: 41183
Test:  [ 900/7958]  eta: 0:24:58  loss: 1.8263 (1.6865)  acc1: 56.2500 (60.6756)  acc5: 81.2500 (83.6224)  time: 0.2113  data: 0.0003  max mem: 41183
Test:  [1000/7958]  eta: 0:24:36  loss: 2.3803 (1.7265)  acc1: 31.2500 (59.5342)  acc5: 68.7500 (83.2730)  time: 0.2120  data: 0.0002  max mem: 41183
Test:  [1100/7958]  eta: 0:24:15  loss: 1.7819 (1.7423)  acc1: 56.2500 (59.2359)  acc5: 87.5000 (83.1801)  time: 0.2117  data: 0.0003  max mem: 41183
Test:  [1200/7958]  eta: 0:23:53  loss: 1.1996 (1.7585)  acc1: 62.5000 (58.7271)  acc5: 87.5000 (83.0350)  time: 0.2121  data: 0.0003  max mem: 41183
Test:  [1300/7958]  eta: 0:23:32  loss: 1.7935 (1.7706)  acc1: 56.2500 (58.2725)  acc5: 81.2500 (82.9218)  time: 0.2120  data: 0.0003  max mem: 41183
Test:  [1400/7958]  eta: 0:23:10  loss: 3.2184 (1.7881)  acc1: 18.7500 (57.7177)  acc5: 62.5000 (82.6820)  time: 0.2115  data: 0.0003  max mem: 41183
Test:  [1500/7958]  eta: 0:22:49  loss: 1.7971 (1.8011)  acc1: 56.2500 (57.4159)  acc5: 81.2500 (82.4700)  time: 0.2115  data: 0.0003  max mem: 41183
Test:  [1600/7958]  eta: 0:22:28  loss: 0.9438 (1.7961)  acc1: 68.7500 (57.4172)  acc5: 93.7500 (82.5968)  time: 0.2116  data: 0.0003  max mem: 41183
Test:  [1700/7958]  eta: 0:22:06  loss: 0.8388 (1.7852)  acc1: 68.7500 (57.6058)  acc5: 81.2500 (82.7601)  time: 0.2114  data: 0.0003  max mem: 41183
Test:  [1800/7958]  eta: 0:21:45  loss: 0.9022 (1.7644)  acc1: 81.2500 (58.1725)  acc5: 93.7500 (83.0476)  time: 0.2115  data: 0.0003  max mem: 41183
Test:  [1900/7958]  eta: 0:21:24  loss: 2.0932 (1.7747)  acc1: 50.0000 (57.9563)  acc5: 81.2500 (82.9596)  time: 0.2119  data: 0.0003  max mem: 41183
Test:  [2000/7958]  eta: 0:21:02  loss: 0.3192 (1.7496)  acc1: 93.7500 (58.6426)  acc5: 100.0000 (83.2334)  time: 0.2121  data: 0.0003  max mem: 41183
Test:  [2100/7958]  eta: 0:20:41  loss: 1.1577 (1.7276)  acc1: 75.0000 (59.2367)  acc5: 93.7500 (83.5406)  time: 0.2121  data: 0.0003  max mem: 41183
Test:  [2200/7958]  eta: 0:20:20  loss: 2.2737 (1.7259)  acc1: 43.7500 (59.1975)  acc5: 87.5000 (83.6694)  time: 0.2117  data: 0.0003  max mem: 41183
Test:  [2300/7958]  eta: 0:19:59  loss: 1.8619 (1.7319)  acc1: 56.2500 (58.9907)  acc5: 87.5000 (83.6674)  time: 0.2114  data: 0.0003  max mem: 41183
Test:  [2400/7958]  eta: 0:19:37  loss: 1.4957 (1.7313)  acc1: 62.5000 (59.0431)  acc5: 93.7500 (83.6813)  time: 0.2114  data: 0.0003  max mem: 41183
Test:  [2500/7958]  eta: 0:19:16  loss: 1.7763 (1.7446)  acc1: 43.7500 (58.6590)  acc5: 81.2500 (83.4916)  time: 0.2116  data: 0.0003  max mem: 41183
Test:  [2600/7958]  eta: 0:18:55  loss: 1.3941 (1.7347)  acc1: 62.5000 (58.6938)  acc5: 93.7500 (83.6553)  time: 0.2114  data: 0.0003  max mem: 41183
Test:  [2700/7958]  eta: 0:18:34  loss: 0.9466 (1.7168)  acc1: 75.0000 (59.0453)  acc5: 93.7500 (83.8625)  time: 0.2117  data: 0.0003  max mem: 41183
Test:  [2800/7958]  eta: 0:18:12  loss: 1.6661 (1.7093)  acc1: 62.5000 (59.1954)  acc5: 81.2500 (84.0012)  time: 0.2119  data: 0.0003  max mem: 41183
Test:  [2900/7958]  eta: 0:17:51  loss: 1.1371 (1.7138)  acc1: 75.0000 (59.1520)  acc5: 93.7500 (83.9021)  time: 0.2120  data: 0.0003  max mem: 41183
Test:  [3000/7958]  eta: 0:17:30  loss: 1.3016 (1.7184)  acc1: 50.0000 (59.0178)  acc5: 93.7500 (83.8158)  time: 0.2119  data: 0.0003  max mem: 41183
Test:  [3100/7958]  eta: 0:17:09  loss: 2.0093 (1.7253)  acc1: 56.2500 (58.9145)  acc5: 75.0000 (83.7069)  time: 0.2116  data: 0.0003  max mem: 41183
Test:  [3200/7958]  eta: 0:16:47  loss: 1.9084 (1.7259)  acc1: 56.2500 (58.9406)  acc5: 81.2500 (83.7102)  time: 0.2115  data: 0.0003  max mem: 41183
Test:  [3300/7958]  eta: 0:16:26  loss: 2.0695 (1.7451)  acc1: 50.0000 (58.5769)  acc5: 75.0000 (83.4349)  time: 0.2113  data: 0.0003  max mem: 41183
Test:  [3400/7958]  eta: 0:16:05  loss: 2.1804 (1.7481)  acc1: 56.2500 (58.5986)  acc5: 81.2500 (83.3836)  time: 0.2114  data: 0.0003  max mem: 41183
Test:  [3500/7958]  eta: 0:15:44  loss: 1.4850 (1.7460)  acc1: 62.5000 (58.6654)  acc5: 87.5000 (83.4119)  time: 0.2115  data: 0.0003  max mem: 41183
Test:  [3600/7958]  eta: 0:15:23  loss: 1.7238 (1.7494)  acc1: 56.2500 (58.5705)  acc5: 81.2500 (83.3466)  time: 0.2119  data: 0.0003  max mem: 41183
Test:  [3700/7958]  eta: 0:15:01  loss: 2.5275 (1.7502)  acc1: 37.5000 (58.5349)  acc5: 68.7500 (83.3440)  time: 0.2118  data: 0.0003  max mem: 41183
Test:  [3800/7958]  eta: 0:14:40  loss: 1.6147 (1.7562)  acc1: 50.0000 (58.4698)  acc5: 81.2500 (83.2577)  time: 0.2118  data: 0.0003  max mem: 41183
Test:  [3900/7958]  eta: 0:14:19  loss: 1.9265 (1.7537)  acc1: 56.2500 (58.5923)  acc5: 81.2500 (83.3280)  time: 0.2118  data: 0.0003  max mem: 41183
Test:  [4000/7958]  eta: 0:13:58  loss: 2.2413 (1.7533)  acc1: 43.7500 (58.6041)  acc5: 81.2500 (83.3292)  time: 0.2113  data: 0.0003  max mem: 41183
Test:  [4100/7958]  eta: 0:13:37  loss: 1.1923 (1.7540)  acc1: 68.7500 (58.6549)  acc5: 93.7500 (83.3074)  time: 0.2115  data: 0.0003  max mem: 41183
Test:  [4200/7958]  eta: 0:13:15  loss: 1.7206 (1.7496)  acc1: 56.2500 (58.7970)  acc5: 81.2500 (83.3224)  time: 0.2116  data: 0.0003  max mem: 41183
Test:  [4300/7958]  eta: 0:12:54  loss: 2.5496 (1.7498)  acc1: 43.7500 (58.7669)  acc5: 75.0000 (83.3309)  time: 0.2116  data: 0.0003  max mem: 41183
Test:  [4400/7958]  eta: 0:12:33  loss: 0.7280 (1.7536)  acc1: 81.2500 (58.7807)  acc5: 93.7500 (83.2297)  time: 0.2117  data: 0.0003  max mem: 41183
Test:  [4500/7958]  eta: 0:12:12  loss: 1.4827 (1.7568)  acc1: 75.0000 (58.6592)  acc5: 81.2500 (83.1898)  time: 0.2118  data: 0.0003  max mem: 41183
Test:  [4600/7958]  eta: 0:11:51  loss: 1.5496 (1.7519)  acc1: 62.5000 (58.8174)  acc5: 87.5000 (83.2292)  time: 0.2118  data: 0.0003  max mem: 41183
Test:  [4700/7958]  eta: 0:11:29  loss: 1.9054 (1.7600)  acc1: 56.2500 (58.6378)  acc5: 75.0000 (83.1020)  time: 0.2117  data: 0.0003  max mem: 41183
Test:  [4800/7958]  eta: 0:11:08  loss: 1.1834 (1.7605)  acc1: 75.0000 (58.5933)  acc5: 87.5000 (83.1259)  time: 0.2116  data: 0.0003  max mem: 41183
Test:  [4900/7958]  eta: 0:10:47  loss: 2.3803 (1.7647)  acc1: 50.0000 (58.5493)  acc5: 75.0000 (83.0251)  time: 0.2114  data: 0.0003  max mem: 41183
Test:  [5000/7958]  eta: 0:10:26  loss: 2.3148 (1.7624)  acc1: 25.0000 (58.5833)  acc5: 87.5000 (83.0859)  time: 0.2111  data: 0.0003  max mem: 41183
Test:  [5100/7958]  eta: 0:10:05  loss: 2.2465 (1.7627)  acc1: 50.0000 (58.5620)  acc5: 75.0000 (83.0928)  time: 0.2114  data: 0.0003  max mem: 41183
Test:  [5200/7958]  eta: 0:09:44  loss: 0.6292 (1.7610)  acc1: 81.2500 (58.5440)  acc5: 93.7500 (83.0994)  time: 0.2112  data: 0.0003  max mem: 41183
Test:  [5300/7958]  eta: 0:09:22  loss: 1.8378 (1.7619)  acc1: 50.0000 (58.5691)  acc5: 81.2500 (83.0940)  time: 0.2120  data: 0.0003  max mem: 41183
Test:  [5400/7958]  eta: 0:09:01  loss: 1.5526 (1.7605)  acc1: 62.5000 (58.6442)  acc5: 81.2500 (83.1085)  time: 0.2119  data: 0.0003  max mem: 41183
Test:  [5500/7958]  eta: 0:08:40  loss: 1.1608 (1.7626)  acc1: 68.7500 (58.6587)  acc5: 87.5000 (83.0622)  time: 0.2120  data: 0.0003  max mem: 41183
Test:  [5600/7958]  eta: 0:08:19  loss: 2.2599 (1.7676)  acc1: 43.7500 (58.5811)  acc5: 81.2500 (82.9774)  time: 0.2116  data: 0.0003  max mem: 41183
Test:  [5700/7958]  eta: 0:07:58  loss: 1.9279 (1.7696)  acc1: 56.2500 (58.5336)  acc5: 81.2500 (82.9635)  time: 0.2114  data: 0.0003  max mem: 41183
Test:  [5800/7958]  eta: 0:07:36  loss: 2.2789 (1.7739)  acc1: 37.5000 (58.4457)  acc5: 75.0000 (82.8855)  time: 0.2113  data: 0.0003  max mem: 41183
Test:  [5900/7958]  eta: 0:07:15  loss: 1.6444 (1.7750)  acc1: 62.5000 (58.4668)  acc5: 81.2500 (82.8546)  time: 0.2113  data: 0.0003  max mem: 41183
Test:  [6000/7958]  eta: 0:06:54  loss: 2.1915 (1.7799)  acc1: 43.7500 (58.4028)  acc5: 75.0000 (82.7831)  time: 0.2115  data: 0.0003  max mem: 41183
Test:  [6100/7958]  eta: 0:06:33  loss: 1.5012 (1.7791)  acc1: 62.5000 (58.4474)  acc5: 87.5000 (82.7754)  time: 0.2114  data: 0.0003  max mem: 41183
Test:  [6200/7958]  eta: 0:06:12  loss: 1.7428 (1.7832)  acc1: 56.2500 (58.4341)  acc5: 81.2500 (82.6973)  time: 0.2121  data: 0.0003  max mem: 41183
Test:  [6300/7958]  eta: 0:05:51  loss: 0.9266 (1.7766)  acc1: 81.2500 (58.6167)  acc5: 93.7500 (82.7845)  time: 0.2119  data: 0.0003  max mem: 41183
Test:  [6400/7958]  eta: 0:05:29  loss: 0.8113 (1.7774)  acc1: 81.2500 (58.6354)  acc5: 93.7500 (82.7625)  time: 0.2119  data: 0.0003  max mem: 41183
Test:  [6500/7958]  eta: 0:05:08  loss: 0.8001 (1.7778)  acc1: 75.0000 (58.6717)  acc5: 93.7500 (82.7575)  time: 0.2115  data: 0.0003  max mem: 41183
Test:  [6600/7958]  eta: 0:04:47  loss: 1.9457 (1.7828)  acc1: 43.7500 (58.5754)  acc5: 68.7500 (82.6740)  time: 0.2113  data: 0.0003  max mem: 41183
Test:  [6700/7958]  eta: 0:04:26  loss: 1.3240 (1.7814)  acc1: 68.7500 (58.6368)  acc5: 87.5000 (82.6742)  time: 0.2114  data: 0.0003  max mem: 41183
Test:  [6800/7958]  eta: 0:04:05  loss: 2.0392 (1.7812)  acc1: 56.2500 (58.6596)  acc5: 81.2500 (82.7029)  time: 0.2113  data: 0.0003  max mem: 41183
Test:  [6900/7958]  eta: 0:03:44  loss: 1.6883 (1.7762)  acc1: 43.7500 (58.7505)  acc5: 81.2500 (82.7697)  time: 0.2115  data: 0.0003  max mem: 41183
Test:  [7000/7958]  eta: 0:03:22  loss: 0.9830 (1.7750)  acc1: 75.0000 (58.8166)  acc5: 87.5000 (82.7435)  time: 0.2115  data: 0.0003  max mem: 41183
Test:  [7100/7958]  eta: 0:03:01  loss: 0.6531 (1.7781)  acc1: 87.5000 (58.7576)  acc5: 93.7500 (82.6891)  time: 0.2119  data: 0.0003  max mem: 41183
Test:  [7200/7958]  eta: 0:02:40  loss: 2.7531 (1.7837)  acc1: 37.5000 (58.6594)  acc5: 75.0000 (82.6222)  time: 0.2116  data: 0.0003  max mem: 41183
Test:  [7300/7958]  eta: 0:02:19  loss: 2.3455 (1.7797)  acc1: 43.7500 (58.7728)  acc5: 81.2500 (82.6822)  time: 0.2120  data: 0.0003  max mem: 41183
Test:  [7400/7958]  eta: 0:01:58  loss: 2.2301 (1.7830)  acc1: 50.0000 (58.7209)  acc5: 75.0000 (82.6349)  time: 0.2112  data: 0.0003  max mem: 41183
Test:  [7500/7958]  eta: 0:01:36  loss: 1.7236 (1.7832)  acc1: 56.2500 (58.7022)  acc5: 81.2500 (82.6165)  time: 0.2114  data: 0.0003  max mem: 41183
Test:  [7600/7958]  eta: 0:01:15  loss: 1.4841 (1.7839)  acc1: 68.7500 (58.6970)  acc5: 81.2500 (82.5812)  time: 0.2114  data: 0.0003  max mem: 41183
Test:  [7700/7958]  eta: 0:00:54  loss: 1.6458 (1.7880)  acc1: 56.2500 (58.5979)  acc5: 81.2500 (82.5088)  time: 0.2112  data: 0.0003  max mem: 41183
Test:  [7800/7958]  eta: 0:00:33  loss: 0.7822 (1.7871)  acc1: 81.2500 (58.5406)  acc5: 93.7500 (82.5583)  time: 0.2113  data: 0.0003  max mem: 41183
Test:  [7900/7958]  eta: 0:00:12  loss: 1.7053 (1.7837)  acc1: 56.2500 (58.6366)  acc5: 87.5000 (82.5837)  time: 0.2121  data: 0.0003  max mem: 41183
Test: Total time: 0:28:04
 * Acc@1 = 58.68622769540085, Acc@5 = 82.58827594873084, loss = 1.7823933037934152
Namespace(model='QKFormer_10_768', dataset='es-imagenet', num_classes=1000, data_path='/model/es-imagenet', device='cuda', batch_size=16, workers=4, print_freq=3072, output_dir='./logs4', resume='', sync_bn=False, test_only=False, amp=True, world_size=1, dist_url='env://', tb=True, T=8, opt='adamw', opt_eps=1e-08, opt_betas=None, weight_decay=0.01, momentum=0.9, connect_f='ADD', T_train=None, sched='cosine', lr=0.0005, lr_noise=None, lr_noise_pct=0.67, lr_noise_std=1.0, lr_cycle_mul=1.0, lr_cycle_limit=1, warmup_lr=1e-05, min_lr=1e-06, epochs=100, epoch_repeats=0.0, start_epoch=0, decay_epochs=20, warmup_epochs=20, cooldown_epochs=10, patience_epochs=10, decay_rate=0.1, smoothing=0.1, mixup=0.5, cutmix=0.0, cutmix_minmax=None, mixup_prob=0.5, mixup_switch_prob=0.5, mixup_mode='batch', mixup_off_epoch=0, grad_clip=5.0, distributed=False)
Training time 15 days, 20:39:46 max_test_acc1 61.318013319929634 test_acc5_at_max_test_acc1 84.41741015330486
./logs4/QKFormer_10_768_b16_T8_wd0.01_adamw_cnf_ADD/lr0.0005
Epoch: [47]  [    0/71874]  eta: 19:51:31  lr: 0.00027398002417296935  img/s: 42.589765590491616  loss: 2.8609 (2.8609)  acc1: 68.7500 (68.7500)  acc5: 75.0000 (75.0000)  time: 0.9947  data: 0.6190  max mem: 41183
Epoch: [47]  [ 3072/71874]  eta: 7:07:54  lr: 0.00027398002417296935  img/s: 42.99829887623316  loss: 2.8338 (3.0560)  acc1: 50.0000 (53.0548)  acc5: 81.2500 (76.4745)  time: 0.3718  data: 0.0002  max mem: 41183
Epoch: [47]  [ 6144/71874]  eta: 6:48:41  lr: 0.00027398002417296935  img/s: 43.34103207781497  loss: 3.0720 (3.0750)  acc1: 50.0000 (52.8784)  acc5: 75.0000 (76.3222)  time: 0.3723  data: 0.0002  max mem: 41183
Epoch: [47]  [ 9216/71874]  eta: 6:29:29  lr: 0.00027398002417296935  img/s: 42.491014748956225  loss: 3.0021 (3.0756)  acc1: 56.2500 (52.8127)  acc5: 75.0000 (76.3026)  time: 0.3720  data: 0.0002  max mem: 41183
Epoch: [47]  [12288/71874]  eta: 6:10:19  lr: 0.00027398002417296935  img/s: 43.2259594605649  loss: 2.5358 (3.0795)  acc1: 56.2500 (52.7479)  acc5: 81.2500 (76.2445)  time: 0.3716  data: 0.0002  max mem: 41183
Epoch: [47]  [15360/71874]  eta: 5:51:07  lr: 0.00027398002417296935  img/s: 43.14730834291857  loss: 2.7016 (3.0778)  acc1: 56.2500 (52.7741)  acc5: 81.2500 (76.2385)  time: 0.3713  data: 0.0002  max mem: 41183
Epoch: [47]  [18432/71874]  eta: 5:31:58  lr: 0.00027398002417296935  img/s: 43.12019435579164  loss: 2.6913 (3.0827)  acc1: 56.2500 (52.7013)  acc5: 75.0000 (76.1627)  time: 0.3757  data: 0.0002  max mem: 41183
Epoch: [47]  [21504/71874]  eta: 5:12:49  lr: 0.00027398002417296935  img/s: 43.50108576295753  loss: 2.8840 (3.0840)  acc1: 56.2500 (52.6415)  acc5: 81.2500 (76.1355)  time: 0.3708  data: 0.0002  max mem: 41183
Epoch: [47]  [24576/71874]  eta: 4:53:43  lr: 0.00027398002417296935  img/s: 42.740170899889755  loss: 2.8658 (3.0889)  acc1: 50.0000 (52.5532)  acc5: 81.2500 (76.0493)  time: 0.3707  data: 0.0002  max mem: 41183
Epoch: [47]  [27648/71874]  eta: 4:34:36  lr: 0.00027398002417296935  img/s: 43.32030065869145  loss: 2.8042 (3.0905)  acc1: 50.0000 (52.5392)  acc5: 81.2500 (76.0165)  time: 0.3712  data: 0.0002  max mem: 41183
Epoch: [47]  [30720/71874]  eta: 4:15:48  lr: 0.00027398002417296935  img/s: 42.50850944691762  loss: 2.7122 (3.0924)  acc1: 56.2500 (52.4806)  acc5: 75.0000 (75.9690)  time: 0.3723  data: 0.0002  max mem: 41183
Epoch: [47]  [33792/71874]  eta: 3:56:41  lr: 0.00027398002417296935  img/s: 42.92398724603198  loss: 2.8738 (3.0952)  acc1: 56.2500 (52.4256)  acc5: 75.0000 (75.9168)  time: 0.3723  data: 0.0002  max mem: 41183
Epoch: [47]  [36864/71874]  eta: 3:37:34  lr: 0.00027398002417296935  img/s: 43.04101632648873  loss: 3.2523 (3.0975)  acc1: 43.7500 (52.3634)  acc5: 75.0000 (75.8668)  time: 0.3711  data: 0.0002  max mem: 41183
Epoch: [47]  [39936/71874]  eta: 3:18:28  lr: 0.00027398002417296935  img/s: 42.947474049328676  loss: 3.1190 (3.1023)  acc1: 43.7500 (52.2518)  acc5: 68.7500 (75.7617)  time: 0.3746  data: 0.0002  max mem: 41183
Epoch: [47]  [43008/71874]  eta: 2:59:21  lr: 0.00027398002417296935  img/s: 43.18312438507567  loss: 3.0559 (3.1050)  acc1: 50.0000 (52.2043)  acc5: 75.0000 (75.7131)  time: 0.3720  data: 0.0002  max mem: 41183
Epoch: [47]  [46080/71874]  eta: 2:40:15  lr: 0.00027398002417296935  img/s: 42.49456635305471  loss: 2.6976 (3.1077)  acc1: 56.2500 (52.1472)  acc5: 81.2500 (75.6579)  time: 0.3748  data: 0.0002  max mem: 41183
Epoch: [47]  [49152/71874]  eta: 2:21:09  lr: 0.00027398002417296935  img/s: 42.978884848453795  loss: 2.9925 (3.1100)  acc1: 50.0000 (52.0935)  acc5: 68.7500 (75.6081)  time: 0.3716  data: 0.0002  max mem: 41183
Epoch: [47]  [52224/71874]  eta: 2:02:04  lr: 0.00027398002417296935  img/s: 42.94480817213026  loss: 2.7900 (3.1105)  acc1: 56.2500 (52.0798)  acc5: 81.2500 (75.5886)  time: 0.3716  data: 0.0002  max mem: 41183
Epoch: [47]  [55296/71874]  eta: 1:42:59  lr: 0.00027398002417296935  img/s: 43.26642472475293  loss: 3.5547 (3.1129)  acc1: 43.7500 (52.0159)  acc5: 75.0000 (75.5353)  time: 0.3717  data: 0.0002  max mem: 41183
Epoch: [47]  [58368/71874]  eta: 1:23:53  lr: 0.00027398002417296935  img/s: 43.13638102069952  loss: 3.0372 (3.1149)  acc1: 50.0000 (51.9649)  acc5: 75.0000 (75.4959)  time: 0.3716  data: 0.0002  max mem: 41183
Epoch: [47]  [61440/71874]  eta: 1:04:48  lr: 0.00027398002417296935  img/s: 42.7049768589961  loss: 3.4582 (3.1183)  acc1: 37.5000 (51.9067)  acc5: 68.7500 (75.4299)  time: 0.3718  data: 0.0002  max mem: 41183
Epoch: [47]  [64512/71874]  eta: 0:45:43  lr: 0.00027398002417296935  img/s: 43.38115231237544  loss: 2.4888 (3.1208)  acc1: 62.5000 (51.8597)  acc5: 87.5000 (75.3846)  time: 0.3714  data: 0.0002  max mem: 41183
Epoch: [47]  [67584/71874]  eta: 0:26:38  lr: 0.00027398002417296935  img/s: 42.875392200520444  loss: 2.9009 (3.1226)  acc1: 43.7500 (51.8253)  acc5: 75.0000 (75.3471)  time: 0.3722  data: 0.0002  max mem: 41183
Epoch: [47]  [70656/71874]  eta: 0:07:33  lr: 0.00027398002417296935  img/s: 42.66948803377502  loss: 2.8921 (3.1234)  acc1: 43.7500 (51.7957)  acc5: 68.7500 (75.3224)  time: 0.3725  data: 0.0002  max mem: 41183
Epoch: [47] Total time: 7:26:23
Test:  [   0/7958]  eta: 2:36:37  loss: 0.3323 (0.3323)  acc1: 93.7500 (93.7500)  acc5: 100.0000 (100.0000)  time: 1.1809  data: 0.9706  max mem: 41183
Test:  [ 100/7958]  eta: 0:28:56  loss: 1.3891 (1.2921)  acc1: 68.7500 (73.3911)  acc5: 87.5000 (88.8614)  time: 0.2109  data: 0.0004  max mem: 41183
Test:  [ 200/7958]  eta: 0:27:57  loss: 1.8403 (1.4806)  acc1: 50.0000 (67.8172)  acc5: 87.5000 (86.2562)  time: 0.2116  data: 0.0003  max mem: 41183
Test:  [ 300/7958]  eta: 0:27:24  loss: 1.1035 (1.5119)  acc1: 75.0000 (66.2791)  acc5: 87.5000 (85.6728)  time: 0.2119  data: 0.0003  max mem: 41183
Test:  [ 400/7958]  eta: 0:26:57  loss: 1.0677 (1.4115)  acc1: 62.5000 (67.9707)  acc5: 93.7500 (87.2350)  time: 0.2119  data: 0.0003  max mem: 41183
Test:  [ 500/7958]  eta: 0:26:32  loss: 1.4750 (1.4062)  acc1: 62.5000 (68.1761)  acc5: 87.5000 (87.2006)  time: 0.2119  data: 0.0003  max mem: 41183
Test:  [ 600/7958]  eta: 0:26:08  loss: 1.7143 (1.4387)  acc1: 50.0000 (66.7949)  acc5: 81.2500 (87.0008)  time: 0.2116  data: 0.0003  max mem: 41183
Test:  [ 700/7958]  eta: 0:25:45  loss: 1.6239 (1.5132)  acc1: 56.2500 (64.8359)  acc5: 81.2500 (86.0021)  time: 0.2116  data: 0.0003  max mem: 41183
Test:  [ 800/7958]  eta: 0:25:23  loss: 1.4368 (1.5587)  acc1: 56.2500 (63.3115)  acc5: 93.7500 (85.5337)  time: 0.2113  data: 0.0003  max mem: 41183
Test:  [ 900/7958]  eta: 0:25:01  loss: 1.6351 (1.5865)  acc1: 62.5000 (62.5555)  acc5: 81.2500 (85.3149)  time: 0.2114  data: 0.0003  max mem: 41183
Test:  [1000/7958]  eta: 0:24:39  loss: 2.0988 (1.6251)  acc1: 43.7500 (61.5010)  acc5: 68.7500 (84.8277)  time: 0.2115  data: 0.0003  max mem: 41183
Test:  [1100/7958]  eta: 0:24:17  loss: 1.6347 (1.6343)  acc1: 62.5000 (61.2682)  acc5: 81.2500 (84.7355)  time: 0.2118  data: 0.0003  max mem: 41183
Test:  [1200/7958]  eta: 0:23:55  loss: 1.7664 (1.6417)  acc1: 50.0000 (60.6838)  acc5: 87.5000 (84.7575)  time: 0.2121  data: 0.0003  max mem: 41183
Test:  [1300/7958]  eta: 0:23:34  loss: 1.8798 (1.6330)  acc1: 56.2500 (60.5928)  acc5: 87.5000 (84.9251)  time: 0.2119  data: 0.0003  max mem: 41183
Test:  [1400/7958]  eta: 0:23:12  loss: 2.2886 (1.6317)  acc1: 37.5000 (60.4880)  acc5: 81.2500 (84.9572)  time: 0.2119  data: 0.0003  max mem: 41183
Test:  [1500/7958]  eta: 0:22:51  loss: 1.6404 (1.6565)  acc1: 43.7500 (59.9101)  acc5: 81.2500 (84.6810)  time: 0.2113  data: 0.0003  max mem: 41183
Test:  [1600/7958]  eta: 0:22:29  loss: 1.3934 (1.6599)  acc1: 62.5000 (59.6736)  acc5: 87.5000 (84.6893)  time: 0.2116  data: 0.0004  max mem: 41183
Test:  [1700/7958]  eta: 0:22:08  loss: 0.6179 (1.6439)  acc1: 87.5000 (60.0897)  acc5: 93.7500 (84.9574)  time: 0.2115  data: 0.0003  max mem: 41183
Test:  [1800/7958]  eta: 0:21:46  loss: 1.0499 (1.6303)  acc1: 68.7500 (60.5462)  acc5: 93.7500 (85.1194)  time: 0.2115  data: 0.0003  max mem: 41183
Test:  [1900/7958]  eta: 0:21:25  loss: 1.6680 (1.6239)  acc1: 50.0000 (60.6260)  acc5: 81.2500 (85.2084)  time: 0.2113  data: 0.0003  max mem: 41183
Test:  [2000/7958]  eta: 0:21:03  loss: 0.4196 (1.5981)  acc1: 87.5000 (61.3693)  acc5: 100.0000 (85.4385)  time: 0.2122  data: 0.0003  max mem: 41183
Test:  [2100/7958]  eta: 0:20:42  loss: 1.1494 (1.5825)  acc1: 68.7500 (61.7890)  acc5: 87.5000 (85.6051)  time: 0.2121  data: 0.0003  max mem: 41183
Test:  [2200/7958]  eta: 0:20:21  loss: 1.3153 (1.5825)  acc1: 68.7500 (61.7248)  acc5: 87.5000 (85.6287)  time: 0.2120  data: 0.0003  max mem: 41183
Test:  [2300/7958]  eta: 0:19:59  loss: 2.0949 (1.5859)  acc1: 50.0000 (61.6471)  acc5: 75.0000 (85.5878)  time: 0.2117  data: 0.0003  max mem: 41183
Test:  [2400/7958]  eta: 0:19:38  loss: 1.1489 (1.5834)  acc1: 68.7500 (61.7477)  acc5: 93.7500 (85.5945)  time: 0.2117  data: 0.0003  max mem: 41183
Test:  [2500/7958]  eta: 0:19:17  loss: 2.3435 (1.6024)  acc1: 25.0000 (61.2880)  acc5: 75.0000 (85.3609)  time: 0.2114  data: 0.0003  max mem: 41183
Test:  [2600/7958]  eta: 0:18:56  loss: 1.2598 (1.5935)  acc1: 68.7500 (61.4163)  acc5: 87.5000 (85.4912)  time: 0.2115  data: 0.0003  max mem: 41183
Test:  [2700/7958]  eta: 0:18:34  loss: 1.3161 (1.5846)  acc1: 75.0000 (61.6924)  acc5: 87.5000 (85.5516)  time: 0.2113  data: 0.0003  max mem: 41183
Test:  [2800/7958]  eta: 0:18:13  loss: 2.3657 (1.5879)  acc1: 50.0000 (61.6030)  acc5: 75.0000 (85.5476)  time: 0.2119  data: 0.0003  max mem: 41183
Test:  [2900/7958]  eta: 0:17:52  loss: 1.0110 (1.6026)  acc1: 75.0000 (61.4379)  acc5: 93.7500 (85.2680)  time: 0.2119  data: 0.0003  max mem: 41183
Test:  [3000/7958]  eta: 0:17:30  loss: 2.0111 (1.6096)  acc1: 50.0000 (61.3296)  acc5: 87.5000 (85.1612)  time: 0.2120  data: 0.0003  max mem: 41183
Test:  [3100/7958]  eta: 0:17:09  loss: 1.6118 (1.6127)  acc1: 62.5000 (61.2524)  acc5: 87.5000 (85.1500)  time: 0.2119  data: 0.0003  max mem: 41183
Test:  [3200/7958]  eta: 0:16:48  loss: 1.7265 (1.6064)  acc1: 62.5000 (61.4417)  acc5: 81.2500 (85.2234)  time: 0.2114  data: 0.0003  max mem: 41183
Test:  [3300/7958]  eta: 0:16:27  loss: 2.1289 (1.6281)  acc1: 50.0000 (61.0061)  acc5: 75.0000 (84.9250)  time: 0.2111  data: 0.0003  max mem: 41183
Test:  [3400/7958]  eta: 0:16:05  loss: 1.6637 (1.6263)  acc1: 56.2500 (61.1034)  acc5: 87.5000 (84.9327)  time: 0.2110  data: 0.0003  max mem: 41183
Test:  [3500/7958]  eta: 0:15:44  loss: 1.2929 (1.6286)  acc1: 62.5000 (61.1397)  acc5: 93.7500 (84.9150)  time: 0.2114  data: 0.0003  max mem: 41183
Test:  [3600/7958]  eta: 0:15:23  loss: 2.3639 (1.6405)  acc1: 37.5000 (60.9154)  acc5: 75.0000 (84.7386)  time: 0.2113  data: 0.0003  max mem: 41183
Test:  [3700/7958]  eta: 0:15:02  loss: 2.3461 (1.6422)  acc1: 50.0000 (60.8957)  acc5: 75.0000 (84.7406)  time: 0.2120  data: 0.0003  max mem: 41183
Test:  [3800/7958]  eta: 0:14:41  loss: 1.8757 (1.6461)  acc1: 56.2500 (60.8458)  acc5: 81.2500 (84.6981)  time: 0.2121  data: 0.0003  max mem: 41183
Test:  [3900/7958]  eta: 0:14:19  loss: 1.3181 (1.6376)  acc1: 68.7500 (61.0789)  acc5: 93.7500 (84.7908)  time: 0.2119  data: 0.0003  max mem: 41183
Test:  [4000/7958]  eta: 0:13:58  loss: 1.7727 (1.6400)  acc1: 56.2500 (60.9941)  acc5: 81.2500 (84.7460)  time: 0.2117  data: 0.0003  max mem: 41183
Test:  [4100/7958]  eta: 0:13:37  loss: 0.7031 (1.6391)  acc1: 81.2500 (61.0750)  acc5: 93.7500 (84.7202)  time: 0.2116  data: 0.0003  max mem: 41183
Test:  [4200/7958]  eta: 0:13:16  loss: 1.1696 (1.6358)  acc1: 68.7500 (61.1938)  acc5: 87.5000 (84.7239)  time: 0.2111  data: 0.0003  max mem: 41183
Test:  [4300/7958]  eta: 0:12:54  loss: 2.0412 (1.6396)  acc1: 31.2500 (61.1079)  acc5: 75.0000 (84.6678)  time: 0.2116  data: 0.0003  max mem: 41183
Test:  [4400/7958]  eta: 0:12:33  loss: 1.0465 (1.6438)  acc1: 75.0000 (61.0998)  acc5: 93.7500 (84.5660)  time: 0.2114  data: 0.0003  max mem: 41183
Test:  [4500/7958]  eta: 0:12:12  loss: 1.2510 (1.6434)  acc1: 75.0000 (61.1170)  acc5: 87.5000 (84.5840)  time: 0.2114  data: 0.0003  max mem: 41183
Test:  [4600/7958]  eta: 0:11:51  loss: 1.7452 (1.6411)  acc1: 56.2500 (61.2326)  acc5: 81.2500 (84.5754)  time: 0.2121  data: 0.0003  max mem: 41183
Test:  [4700/7958]  eta: 0:11:30  loss: 1.2505 (1.6475)  acc1: 68.7500 (61.0695)  acc5: 87.5000 (84.4807)  time: 0.2117  data: 0.0003  max mem: 41183
Test:  [4800/7958]  eta: 0:11:08  loss: 1.6891 (1.6561)  acc1: 50.0000 (60.8493)  acc5: 87.5000 (84.3848)  time: 0.2121  data: 0.0003  max mem: 41183
Test:  [4900/7958]  eta: 0:10:47  loss: 2.0728 (1.6601)  acc1: 56.2500 (60.8460)  acc5: 75.0000 (84.2927)  time: 0.2113  data: 0.0003  max mem: 41183
Test:  [5000/7958]  eta: 0:10:26  loss: 2.1385 (1.6678)  acc1: 37.5000 (60.5991)  acc5: 81.2500 (84.2519)  time: 0.2113  data: 0.0003  max mem: 41183
Test:  [5100/7958]  eta: 0:10:05  loss: 2.1765 (1.6717)  acc1: 50.0000 (60.4477)  acc5: 75.0000 (84.2225)  time: 0.2112  data: 0.0003  max mem: 41183
Test:  [5200/7958]  eta: 0:09:44  loss: 0.8539 (1.6667)  acc1: 81.2500 (60.5965)  acc5: 93.7500 (84.2590)  time: 0.2113  data: 0.0003  max mem: 41183
Test:  [5300/7958]  eta: 0:09:22  loss: 1.6128 (1.6655)  acc1: 62.5000 (60.6572)  acc5: 87.5000 (84.2542)  time: 0.2116  data: 0.0003  max mem: 41183
Test:  [5400/7958]  eta: 0:09:01  loss: 1.5261 (1.6677)  acc1: 62.5000 (60.6358)  acc5: 81.2500 (84.2159)  time: 0.2118  data: 0.0003  max mem: 41183
Test:  [5500/7958]  eta: 0:08:40  loss: 1.2248 (1.6709)  acc1: 62.5000 (60.6333)  acc5: 93.7500 (84.1711)  time: 0.2118  data: 0.0003  max mem: 41183
Test:  [5600/7958]  eta: 0:08:19  loss: 1.7033 (1.6717)  acc1: 50.0000 (60.6622)  acc5: 81.2500 (84.1446)  time: 0.2120  data: 0.0003  max mem: 41183
Test:  [5700/7958]  eta: 0:07:58  loss: 1.7234 (1.6729)  acc1: 56.2500 (60.6396)  acc5: 81.2500 (84.1344)  time: 0.2120  data: 0.0003  max mem: 41183
Test:  [5800/7958]  eta: 0:07:37  loss: 2.5279 (1.6752)  acc1: 43.7500 (60.6242)  acc5: 75.0000 (84.0728)  time: 0.2112  data: 0.0003  max mem: 41183
Test:  [5900/7958]  eta: 0:07:15  loss: 1.9214 (1.6779)  acc1: 56.2500 (60.5967)  acc5: 81.2500 (84.0271)  time: 0.2115  data: 0.0003  max mem: 41183
Test:  [6000/7958]  eta: 0:06:54  loss: 1.7186 (1.6803)  acc1: 56.2500 (60.5826)  acc5: 87.5000 (83.9756)  time: 0.2113  data: 0.0003  max mem: 41183
Test:  [6100/7958]  eta: 0:06:33  loss: 1.6752 (1.6793)  acc1: 56.2500 (60.6099)  acc5: 87.5000 (83.9852)  time: 0.2116  data: 0.0003  max mem: 41183
Test:  [6200/7958]  eta: 0:06:12  loss: 1.8427 (1.6798)  acc1: 50.0000 (60.6253)  acc5: 81.2500 (83.9582)  time: 0.2115  data: 0.0003  max mem: 41183
Test:  [6300/7958]  eta: 0:05:51  loss: 1.8143 (1.6780)  acc1: 31.2500 (60.6739)  acc5: 81.2500 (83.9708)  time: 0.2118  data: 0.0003  max mem: 41183
Test:  [6400/7958]  eta: 0:05:29  loss: 0.5451 (1.6785)  acc1: 87.5000 (60.6751)  acc5: 93.7500 (83.9498)  time: 0.2121  data: 0.0003  max mem: 41183
Test:  [6500/7958]  eta: 0:05:08  loss: 0.9491 (1.6757)  acc1: 81.2500 (60.7657)  acc5: 93.7500 (83.9727)  time: 0.2118  data: 0.0003  max mem: 41183
Test:  [6600/7958]  eta: 0:04:47  loss: 2.0668 (1.6806)  acc1: 56.2500 (60.6632)  acc5: 68.7500 (83.8784)  time: 0.2116  data: 0.0003  max mem: 41183
Test:  [6700/7958]  eta: 0:04:26  loss: 1.1949 (1.6775)  acc1: 75.0000 (60.7223)  acc5: 87.5000 (83.9240)  time: 0.2113  data: 0.0003  max mem: 41183
Test:  [6800/7958]  eta: 0:04:05  loss: 1.9045 (1.6797)  acc1: 50.0000 (60.7089)  acc5: 81.2500 (83.9040)  time: 0.2114  data: 0.0003  max mem: 41183
Test:  [6900/7958]  eta: 0:03:44  loss: 1.1603 (1.6761)  acc1: 68.7500 (60.7856)  acc5: 87.5000 (83.9543)  time: 0.2113  data: 0.0003  max mem: 41183
Test:  [7000/7958]  eta: 0:03:22  loss: 0.8766 (1.6766)  acc1: 81.2500 (60.8520)  acc5: 93.7500 (83.9130)  time: 0.2113  data: 0.0003  max mem: 41183
Test:  [7100/7958]  eta: 0:03:01  loss: 0.4793 (1.6769)  acc1: 87.5000 (60.8567)  acc5: 93.7500 (83.9151)  time: 0.2115  data: 0.0003  max mem: 41183
Test:  [7200/7958]  eta: 0:02:40  loss: 2.5155 (1.6851)  acc1: 37.5000 (60.6817)  acc5: 68.7500 (83.8165)  time: 0.2118  data: 0.0003  max mem: 41183
Test:  [7300/7958]  eta: 0:02:19  loss: 2.3265 (1.6815)  acc1: 37.5000 (60.7819)  acc5: 75.0000 (83.8404)  time: 0.2121  data: 0.0003  max mem: 41183
Test:  [7400/7958]  eta: 0:01:58  loss: 2.4006 (1.6882)  acc1: 31.2500 (60.6354)  acc5: 68.7500 (83.7454)  time: 0.2118  data: 0.0003  max mem: 41183
Test:  [7500/7958]  eta: 0:01:36  loss: 1.5619 (1.6874)  acc1: 56.2500 (60.6203)  acc5: 87.5000 (83.7522)  time: 0.2114  data: 0.0003  max mem: 41183
Test:  [7600/7958]  eta: 0:01:15  loss: 1.0762 (1.6885)  acc1: 75.0000 (60.6146)  acc5: 87.5000 (83.7184)  time: 0.2112  data: 0.0003  max mem: 41183
Test:  [7700/7958]  eta: 0:00:54  loss: 1.7976 (1.6900)  acc1: 50.0000 (60.5765)  acc5: 87.5000 (83.6994)  time: 0.2113  data: 0.0003  max mem: 41183
Test:  [7800/7958]  eta: 0:00:33  loss: 1.0864 (1.6910)  acc1: 68.7500 (60.5163)  acc5: 93.7500 (83.7232)  time: 0.2109  data: 0.0003  max mem: 41183
Test:  [7900/7958]  eta: 0:00:12  loss: 0.9720 (1.6875)  acc1: 75.0000 (60.6055)  acc5: 93.7500 (83.7465)  time: 0.2115  data: 0.0003  max mem: 41183
Test: Total time: 0:28:05
 * Acc@1 = 60.636309374214626, Acc@5 = 83.74355993968334, loss = 1.6869674488348776
Namespace(model='QKFormer_10_768', dataset='es-imagenet', num_classes=1000, data_path='/model/es-imagenet', device='cuda', batch_size=16, workers=4, print_freq=3072, output_dir='./logs4', resume='', sync_bn=False, test_only=False, amp=True, world_size=1, dist_url='env://', tb=True, T=8, opt='adamw', opt_eps=1e-08, opt_betas=None, weight_decay=0.01, momentum=0.9, connect_f='ADD', T_train=None, sched='cosine', lr=0.0005, lr_noise=None, lr_noise_pct=0.67, lr_noise_std=1.0, lr_cycle_mul=1.0, lr_cycle_limit=1, warmup_lr=1e-05, min_lr=1e-06, epochs=100, epoch_repeats=0.0, start_epoch=0, decay_epochs=20, warmup_epochs=20, cooldown_epochs=10, patience_epochs=10, decay_rate=0.1, smoothing=0.1, mixup=0.5, cutmix=0.0, cutmix_minmax=None, mixup_prob=0.5, mixup_switch_prob=0.5, mixup_mode='batch', mixup_off_epoch=0, grad_clip=5.0, distributed=False)
Training time 16 days, 4:34:15 max_test_acc1 61.318013319929634 test_acc5_at_max_test_acc1 84.41741015330486
./logs4/QKFormer_10_768_b16_T8_wd0.01_adamw_cnf_ADD/lr0.0005
Epoch: [48]  [    0/71874]  eta: 21:41:32  lr: 0.00026616623462256375  img/s: 42.51397612816619  loss: 5.6371 (5.6371)  acc1: 31.2500 (31.2500)  acc5: 50.0000 (50.0000)  time: 1.0865  data: 0.7101  max mem: 41183
Epoch: [48]  [ 3072/71874]  eta: 7:08:09  lr: 0.00026616623462256375  img/s: 43.38690186028289  loss: 2.6804 (3.0586)  acc1: 56.2500 (53.4087)  acc5: 81.2500 (76.5518)  time: 0.3720  data: 0.0002  max mem: 41183
Epoch: [48]  [ 6144/71874]  eta: 6:48:50  lr: 0.00026616623462256375  img/s: 43.30294182363254  loss: 2.8854 (3.0604)  acc1: 50.0000 (53.3238)  acc5: 81.2500 (76.5409)  time: 0.3715  data: 0.0002  max mem: 41183
Epoch: [48]  [ 9216/71874]  eta: 6:29:36  lr: 0.00026616623462256375  img/s: 32.46112507684918  loss: 2.8309 (3.0603)  acc1: 50.0000 (53.3138)  acc5: 81.2500 (76.5881)  time: 0.3783  data: 0.0002  max mem: 41183
Epoch: [48]  [12288/71874]  eta: 6:10:25  lr: 0.00026616623462256375  img/s: 43.14594905978686  loss: 2.4307 (3.0628)  acc1: 62.5000 (53.2336)  acc5: 81.2500 (76.4830)  time: 0.3719  data: 0.0002  max mem: 41183
Epoch: [48]  [15360/71874]  eta: 5:51:18  lr: 0.00026616623462256375  img/s: 42.995351221137334  loss: 2.5107 (3.0672)  acc1: 50.0000 (53.1281)  acc5: 81.2500 (76.4216)  time: 0.3767  data: 0.0002  max mem: 41183
Epoch: [48]  [18432/71874]  eta: 5:32:14  lr: 0.00026616623462256375  img/s: 43.148085114590934  loss: 2.7925 (3.0741)  acc1: 50.0000 (52.9444)  acc5: 81.2500 (76.3003)  time: 0.3723  data: 0.0002  max mem: 41183
Epoch: [48]  [21504/71874]  eta: 5:13:09  lr: 0.00026616623462256375  img/s: 43.13371936448192  loss: 2.9004 (3.0765)  acc1: 56.2500 (52.8499)  acc5: 75.0000 (76.2419)  time: 0.3769  data: 0.0002  max mem: 41183
Epoch: [48]  [24576/71874]  eta: 4:54:04  lr: 0.00026616623462256375  img/s: 42.562186811270195  loss: 3.2189 (3.0803)  acc1: 43.7500 (52.7719)  acc5: 75.0000 (76.1502)  time: 0.3716  data: 0.0002  max mem: 41183
Epoch: [48]  [27648/71874]  eta: 4:34:58  lr: 0.00026616623462256375  img/s: 43.02512181361235  loss: 2.6691 (3.0821)  acc1: 56.2500 (52.7051)  acc5: 81.2500 (76.1090)  time: 0.3746  data: 0.0002  max mem: 41183
Epoch: [48]  [30720/71874]  eta: 4:15:52  lr: 0.00026616623462256375  img/s: 42.904201371218726  loss: 2.6598 (3.0862)  acc1: 56.2500 (52.6342)  acc5: 81.2500 (76.0359)  time: 0.3732  data: 0.0002  max mem: 41183
Epoch: [48]  [33792/71874]  eta: 3:56:47  lr: 0.00026616623462256375  img/s: 42.832893359544535  loss: 2.8309 (3.0859)  acc1: 56.2500 (52.6193)  acc5: 81.2500 (76.0237)  time: 0.3730  data: 0.0002  max mem: 41183
Epoch: [48]  [36864/71874]  eta: 3:37:41  lr: 0.00026616623462256375  img/s: 43.18040138956897  loss: 2.9853 (3.0889)  acc1: 50.0000 (52.5568)  acc5: 75.0000 (75.9767)  time: 0.3726  data: 0.0002  max mem: 41183
Epoch: [48]  [39936/71874]  eta: 3:18:36  lr: 0.00026616623462256375  img/s: 42.92533257941417  loss: 2.7532 (3.0899)  acc1: 50.0000 (52.5429)  acc5: 75.0000 (75.9670)  time: 0.3741  data: 0.0002  max mem: 41183
Epoch: [48]  [43008/71874]  eta: 2:59:30  lr: 0.00026616623462256375  img/s: 42.85899019418753  loss: 2.9650 (3.0937)  acc1: 56.2500 (52.4544)  acc5: 68.7500 (75.8912)  time: 0.3788  data: 0.0002  max mem: 41183
Epoch: [48]  [46080/71874]  eta: 2:40:24  lr: 0.00026616623462256375  img/s: 43.08224218908488  loss: 2.9540 (3.0971)  acc1: 50.0000 (52.3836)  acc5: 81.2500 (75.8215)  time: 0.3724  data: 0.0002  max mem: 41183
Epoch: [48]  [49152/71874]  eta: 2:21:18  lr: 0.00026616623462256375  img/s: 43.05534800614628  loss: 3.0065 (3.0985)  acc1: 56.2500 (52.3536)  acc5: 81.2500 (75.8017)  time: 0.3729  data: 0.0002  max mem: 41183
Epoch: [48]  [52224/71874]  eta: 2:02:12  lr: 0.00026616623462256375  img/s: 42.95462133237749  loss: 2.7702 (3.1005)  acc1: 56.2500 (52.3252)  acc5: 75.0000 (75.7475)  time: 0.3718  data: 0.0002  max mem: 41183
Epoch: [48]  [55296/71874]  eta: 1:43:05  lr: 0.00026616623462256375  img/s: 43.03243293502063  loss: 2.8268 (3.1019)  acc1: 50.0000 (52.2886)  acc5: 75.0000 (75.7173)  time: 0.3729  data: 0.0002  max mem: 41183
Epoch: [48]  [58368/71874]  eta: 1:23:59  lr: 0.00026616623462256375  img/s: 42.653053389993175  loss: 2.9355 (3.1048)  acc1: 50.0000 (52.2136)  acc5: 75.0000 (75.6591)  time: 0.3720  data: 0.0001  max mem: 41183
Epoch: [48]  [61440/71874]  eta: 1:04:53  lr: 0.00026616623462256375  img/s: 42.83663906376965  loss: 3.3675 (3.1072)  acc1: 43.7500 (52.1627)  acc5: 68.7500 (75.6266)  time: 0.3749  data: 0.0002  max mem: 41183
Epoch: [48]  [64512/71874]  eta: 0:45:46  lr: 0.00026616623462256375  img/s: 43.2193061094109  loss: 3.0083 (3.1089)  acc1: 50.0000 (52.1247)  acc5: 75.0000 (75.5864)  time: 0.3724  data: 0.0002  max mem: 41183
Epoch: [48]  [67584/71874]  eta: 0:26:40  lr: 0.00026616623462256375  img/s: 43.03353671635283  loss: 2.8771 (3.1110)  acc1: 50.0000 (52.0674)  acc5: 75.0000 (75.5358)  time: 0.3769  data: 0.0002  max mem: 41183
Epoch: [48]  [70656/71874]  eta: 0:07:34  lr: 0.00026616623462256375  img/s: 43.094802464363184  loss: 2.8005 (3.1125)  acc1: 56.2500 (52.0329)  acc5: 75.0000 (75.5049)  time: 0.3724  data: 0.0002  max mem: 41183
Epoch: [48] Total time: 7:26:57
Test:  [   0/7958]  eta: 1:45:40  loss: 0.4380 (0.4380)  acc1: 93.7500 (93.7500)  acc5: 100.0000 (100.0000)  time: 0.7968  data: 0.5853  max mem: 41183
Test:  [ 100/7958]  eta: 0:28:30  loss: 1.4825 (1.1603)  acc1: 68.7500 (74.6287)  acc5: 87.5000 (89.4183)  time: 0.2122  data: 0.0004  max mem: 41183
Test:  [ 200/7958]  eta: 0:27:46  loss: 1.4669 (1.3029)  acc1: 50.0000 (69.9627)  acc5: 87.5000 (87.9042)  time: 0.2122  data: 0.0003  max mem: 41183
Test:  [ 300/7958]  eta: 0:27:17  loss: 0.8738 (1.2980)  acc1: 75.0000 (69.3106)  acc5: 93.7500 (88.2267)  time: 0.2122  data: 0.0004  max mem: 41183
Test:  [ 400/7958]  eta: 0:26:52  loss: 0.6086 (1.2343)  acc1: 81.2500 (70.7450)  acc5: 93.7500 (88.9807)  time: 0.2115  data: 0.0003  max mem: 41183
Test:  [ 500/7958]  eta: 0:26:28  loss: 1.4703 (1.2361)  acc1: 62.5000 (70.7211)  acc5: 87.5000 (89.0594)  time: 0.2117  data: 0.0003  max mem: 41183
Test:  [ 600/7958]  eta: 0:26:06  loss: 2.3274 (1.3274)  acc1: 37.5000 (67.8765)  acc5: 75.0000 (88.1760)  time: 0.2116  data: 0.0003  max mem: 41183
Test:  [ 700/7958]  eta: 0:25:43  loss: 2.2988 (1.4145)  acc1: 37.5000 (65.2907)  acc5: 75.0000 (87.1612)  time: 0.2117  data: 0.0003  max mem: 41183
Test:  [ 800/7958]  eta: 0:25:21  loss: 1.7104 (1.4908)  acc1: 56.2500 (63.5846)  acc5: 87.5000 (86.1735)  time: 0.2115  data: 0.0003  max mem: 41183
Test:  [ 900/7958]  eta: 0:24:59  loss: 2.2250 (1.5583)  acc1: 43.7500 (61.7370)  acc5: 81.2500 (85.3843)  time: 0.2122  data: 0.0003  max mem: 41183
Test:  [1000/7958]  eta: 0:24:38  loss: 1.9448 (1.6275)  acc1: 56.2500 (60.3459)  acc5: 75.0000 (84.3469)  time: 0.2124  data: 0.0003  max mem: 41183
Test:  [1100/7958]  eta: 0:24:16  loss: 1.5384 (1.6575)  acc1: 56.2500 (59.6844)  acc5: 87.5000 (83.9805)  time: 0.2122  data: 0.0004  max mem: 41183
Test:  [1200/7958]  eta: 0:23:55  loss: 2.2847 (1.6829)  acc1: 37.5000 (59.0029)  acc5: 81.2500 (83.7115)  time: 0.2121  data: 0.0003  max mem: 41183
Test:  [1300/7958]  eta: 0:23:33  loss: 1.6424 (1.6761)  acc1: 56.2500 (58.9835)  acc5: 87.5000 (83.9354)  time: 0.2116  data: 0.0003  max mem: 41183
Test:  [1400/7958]  eta: 0:23:12  loss: 1.9363 (1.6885)  acc1: 43.7500 (58.6010)  acc5: 87.5000 (83.8464)  time: 0.2116  data: 0.0003  max mem: 41183
Test:  [1500/7958]  eta: 0:22:50  loss: 1.3060 (1.6922)  acc1: 62.5000 (58.4694)  acc5: 93.7500 (83.9066)  time: 0.2117  data: 0.0003  max mem: 41183
Test:  [1600/7958]  eta: 0:22:29  loss: 1.2636 (1.6831)  acc1: 68.7500 (58.5064)  acc5: 93.7500 (84.1271)  time: 0.2116  data: 0.0003  max mem: 41183
Test:  [1700/7958]  eta: 0:22:08  loss: 0.8273 (1.6662)  acc1: 68.7500 (58.7596)  acc5: 100.0000 (84.4650)  time: 0.2122  data: 0.0003  max mem: 41183
Test:  [1800/7958]  eta: 0:21:46  loss: 1.3072 (1.6424)  acc1: 62.5000 (59.4045)  acc5: 93.7500 (84.6613)  time: 0.2120  data: 0.0003  max mem: 41183
Test:  [1900/7958]  eta: 0:21:25  loss: 1.9188 (1.6456)  acc1: 50.0000 (59.4227)  acc5: 81.2500 (84.6199)  time: 0.2120  data: 0.0003  max mem: 41183
Test:  [2000/7958]  eta: 0:21:04  loss: 0.1478 (1.6139)  acc1: 93.7500 (60.2574)  acc5: 100.0000 (84.9232)  time: 0.2120  data: 0.0003  max mem: 41183
Test:  [2100/7958]  eta: 0:20:42  loss: 1.3578 (1.6040)  acc1: 62.5000 (60.5723)  acc5: 87.5000 (85.0666)  time: 0.2116  data: 0.0003  max mem: 41183
Test:  [2200/7958]  eta: 0:20:21  loss: 1.4115 (1.6057)  acc1: 68.7500 (60.5435)  acc5: 87.5000 (85.1119)  time: 0.2117  data: 0.0003  max mem: 41183
Test:  [2300/7958]  eta: 0:20:00  loss: 2.5135 (1.6015)  acc1: 37.5000 (60.5389)  acc5: 81.2500 (85.2510)  time: 0.2118  data: 0.0003  max mem: 41183
Test:  [2400/7958]  eta: 0:19:38  loss: 1.1751 (1.5956)  acc1: 62.5000 (60.7299)  acc5: 93.7500 (85.3473)  time: 0.2117  data: 0.0003  max mem: 41183
Test:  [2500/7958]  eta: 0:19:17  loss: 2.3716 (1.6131)  acc1: 31.2500 (60.2559)  acc5: 81.2500 (85.1659)  time: 0.2117  data: 0.0003  max mem: 41183
Test:  [2600/7958]  eta: 0:18:56  loss: 1.3093 (1.6055)  acc1: 68.7500 (60.3518)  acc5: 87.5000 (85.2893)  time: 0.2123  data: 0.0003  max mem: 41183
Test:  [2700/7958]  eta: 0:18:35  loss: 0.8396 (1.5927)  acc1: 81.2500 (60.6835)  acc5: 87.5000 (85.4244)  time: 0.2122  data: 0.0003  max mem: 41183
Test:  [2800/7958]  eta: 0:18:13  loss: 1.7291 (1.5897)  acc1: 56.2500 (60.7618)  acc5: 81.2500 (85.4695)  time: 0.2120  data: 0.0003  max mem: 41183
Test:  [2900/7958]  eta: 0:17:52  loss: 0.9746 (1.5952)  acc1: 75.0000 (60.7528)  acc5: 87.5000 (85.3628)  time: 0.2120  data: 0.0003  max mem: 41183
Test:  [3000/7958]  eta: 0:17:31  loss: 1.1391 (1.5969)  acc1: 68.7500 (60.7610)  acc5: 93.7500 (85.3257)  time: 0.2115  data: 0.0003  max mem: 41183
Test:  [3100/7958]  eta: 0:17:10  loss: 1.5050 (1.5975)  acc1: 68.7500 (60.8312)  acc5: 87.5000 (85.3011)  time: 0.2117  data: 0.0003  max mem: 41183
Test:  [3200/7958]  eta: 0:16:48  loss: 1.8116 (1.5933)  acc1: 50.0000 (60.9517)  acc5: 87.5000 (85.3366)  time: 0.2116  data: 0.0003  max mem: 41183
Test:  [3300/7958]  eta: 0:16:27  loss: 1.3580 (1.6155)  acc1: 68.7500 (60.5498)  acc5: 87.5000 (85.0311)  time: 0.2114  data: 0.0003  max mem: 41183
Test:  [3400/7958]  eta: 0:16:06  loss: 1.5811 (1.6105)  acc1: 56.2500 (60.7395)  acc5: 81.2500 (85.0540)  time: 0.2120  data: 0.0003  max mem: 41183
Test:  [3500/7958]  eta: 0:15:45  loss: 1.4076 (1.6104)  acc1: 56.2500 (60.7326)  acc5: 93.7500 (85.0614)  time: 0.2118  data: 0.0003  max mem: 41183
Test:  [3600/7958]  eta: 0:15:23  loss: 1.8755 (1.6211)  acc1: 50.0000 (60.4606)  acc5: 75.0000 (84.9434)  time: 0.2120  data: 0.0003  max mem: 41183
Test:  [3700/7958]  eta: 0:15:02  loss: 2.1218 (1.6193)  acc1: 31.2500 (60.5090)  acc5: 75.0000 (84.9534)  time: 0.2121  data: 0.0003  max mem: 41183
Test:  [3800/7958]  eta: 0:14:41  loss: 2.0708 (1.6288)  acc1: 50.0000 (60.3525)  acc5: 81.2500 (84.8280)  time: 0.2114  data: 0.0003  max mem: 41183
Test:  [3900/7958]  eta: 0:14:20  loss: 1.3391 (1.6219)  acc1: 68.7500 (60.5582)  acc5: 93.7500 (84.9366)  time: 0.2116  data: 0.0003  max mem: 41183
Test:  [4000/7958]  eta: 0:13:59  loss: 1.6862 (1.6295)  acc1: 50.0000 (60.4224)  acc5: 81.2500 (84.8319)  time: 0.2114  data: 0.0003  max mem: 41183
Test:  [4100/7958]  eta: 0:13:37  loss: 0.8813 (1.6256)  acc1: 81.2500 (60.5721)  acc5: 93.7500 (84.8574)  time: 0.2116  data: 0.0003  max mem: 41183
Test:  [4200/7958]  eta: 0:13:16  loss: 1.7341 (1.6241)  acc1: 56.2500 (60.6403)  acc5: 81.2500 (84.8474)  time: 0.2117  data: 0.0003  max mem: 41183
Test:  [4300/7958]  eta: 0:12:55  loss: 1.7281 (1.6236)  acc1: 50.0000 (60.6589)  acc5: 81.2500 (84.8378)  time: 0.2120  data: 0.0003  max mem: 41183
Test:  [4400/7958]  eta: 0:12:34  loss: 1.3390 (1.6292)  acc1: 62.5000 (60.6169)  acc5: 87.5000 (84.7364)  time: 0.2122  data: 0.0003  max mem: 41183
Test:  [4500/7958]  eta: 0:12:12  loss: 1.5199 (1.6338)  acc1: 68.7500 (60.5296)  acc5: 81.2500 (84.6784)  time: 0.2119  data: 0.0003  max mem: 41183
Test:  [4600/7958]  eta: 0:11:51  loss: 1.7950 (1.6262)  acc1: 62.5000 (60.7775)  acc5: 81.2500 (84.7194)  time: 0.2118  data: 0.0003  max mem: 41183
Test:  [4700/7958]  eta: 0:11:30  loss: 1.9515 (1.6372)  acc1: 62.5000 (60.5297)  acc5: 75.0000 (84.5631)  time: 0.2113  data: 0.0003  max mem: 41183
Test:  [4800/7958]  eta: 0:11:09  loss: 1.5362 (1.6406)  acc1: 56.2500 (60.4340)  acc5: 87.5000 (84.5462)  time: 0.2114  data: 0.0003  max mem: 41183
Test:  [4900/7958]  eta: 0:10:48  loss: 1.8755 (1.6448)  acc1: 56.2500 (60.3971)  acc5: 81.2500 (84.4700)  time: 0.2115  data: 0.0003  max mem: 41183
Test:  [5000/7958]  eta: 0:10:26  loss: 1.7016 (1.6423)  acc1: 50.0000 (60.4604)  acc5: 81.2500 (84.5143)  time: 0.2116  data: 0.0003  max mem: 41183
Test:  [5100/7958]  eta: 0:10:05  loss: 2.0746 (1.6442)  acc1: 56.2500 (60.3570)  acc5: 81.2500 (84.5067)  time: 0.2118  data: 0.0003  max mem: 41183
Test:  [5200/7958]  eta: 0:09:44  loss: 0.5264 (1.6401)  acc1: 87.5000 (60.4331)  acc5: 93.7500 (84.5390)  time: 0.2121  data: 0.0003  max mem: 41183
Test:  [5300/7958]  eta: 0:09:23  loss: 2.3973 (1.6439)  acc1: 37.5000 (60.3943)  acc5: 68.7500 (84.4734)  time: 0.2121  data: 0.0003  max mem: 41183
Test:  [5400/7958]  eta: 0:09:02  loss: 1.6504 (1.6442)  acc1: 56.2500 (60.4471)  acc5: 87.5000 (84.4635)  time: 0.2118  data: 0.0003  max mem: 41183
Test:  [5500/7958]  eta: 0:08:40  loss: 1.3974 (1.6490)  acc1: 62.5000 (60.3902)  acc5: 87.5000 (84.3926)  time: 0.2113  data: 0.0003  max mem: 41183
Test:  [5600/7958]  eta: 0:08:19  loss: 1.9083 (1.6534)  acc1: 56.2500 (60.3665)  acc5: 81.2500 (84.3064)  time: 0.2116  data: 0.0003  max mem: 41183
Test:  [5700/7958]  eta: 0:07:58  loss: 1.4726 (1.6548)  acc1: 68.7500 (60.3622)  acc5: 87.5000 (84.2824)  time: 0.2117  data: 0.0003  max mem: 41183
Test:  [5800/7958]  eta: 0:07:37  loss: 1.9484 (1.6585)  acc1: 43.7500 (60.2558)  acc5: 87.5000 (84.2279)  time: 0.2114  data: 0.0003  max mem: 41183
Test:  [5900/7958]  eta: 0:07:16  loss: 1.6575 (1.6585)  acc1: 56.2500 (60.2822)  acc5: 87.5000 (84.2251)  time: 0.2117  data: 0.0003  max mem: 41183
Test:  [6000/7958]  eta: 0:06:54  loss: 1.7448 (1.6643)  acc1: 56.2500 (60.2327)  acc5: 81.2500 (84.1266)  time: 0.2120  data: 0.0003  max mem: 41183
Test:  [6100/7958]  eta: 0:06:33  loss: 1.3499 (1.6639)  acc1: 62.5000 (60.2832)  acc5: 87.5000 (84.1102)  time: 0.2122  data: 0.0003  max mem: 41183
Test:  [6200/7958]  eta: 0:06:12  loss: 1.3972 (1.6645)  acc1: 68.7500 (60.3370)  acc5: 87.5000 (84.0661)  time: 0.2121  data: 0.0003  max mem: 41183
Test:  [6300/7958]  eta: 0:05:51  loss: 1.2792 (1.6586)  acc1: 62.5000 (60.4815)  acc5: 87.5000 (84.1176)  time: 0.2116  data: 0.0003  max mem: 41183
Test:  [6400/7958]  eta: 0:05:30  loss: 0.7801 (1.6565)  acc1: 87.5000 (60.5530)  acc5: 93.7500 (84.1392)  time: 0.2117  data: 0.0003  max mem: 41183
Test:  [6500/7958]  eta: 0:05:08  loss: 1.0964 (1.6561)  acc1: 75.0000 (60.6166)  acc5: 87.5000 (84.1236)  time: 0.2114  data: 0.0003  max mem: 41183
Test:  [6600/7958]  eta: 0:04:47  loss: 2.0800 (1.6599)  acc1: 50.0000 (60.5069)  acc5: 75.0000 (84.0488)  time: 0.2115  data: 0.0003  max mem: 41183
Test:  [6700/7958]  eta: 0:04:26  loss: 0.9848 (1.6556)  acc1: 75.0000 (60.6094)  acc5: 93.7500 (84.1180)  time: 0.2117  data: 0.0003  max mem: 41183
Test:  [6800/7958]  eta: 0:04:05  loss: 1.8953 (1.6565)  acc1: 50.0000 (60.5738)  acc5: 81.2500 (84.1218)  time: 0.2120  data: 0.0003  max mem: 41183
Test:  [6900/7958]  eta: 0:03:44  loss: 1.3001 (1.6543)  acc1: 50.0000 (60.6298)  acc5: 87.5000 (84.1418)  time: 0.2120  data: 0.0003  max mem: 41183
Test:  [7000/7958]  eta: 0:03:22  loss: 0.8016 (1.6505)  acc1: 75.0000 (60.7476)  acc5: 93.7500 (84.1630)  time: 0.2122  data: 0.0003  max mem: 41183
Test:  [7100/7958]  eta: 0:03:01  loss: 0.6139 (1.6517)  acc1: 81.2500 (60.7256)  acc5: 93.7500 (84.1343)  time: 0.2118  data: 0.0003  max mem: 41183
Test:  [7200/7958]  eta: 0:02:40  loss: 2.1128 (1.6580)  acc1: 43.7500 (60.5810)  acc5: 81.2500 (84.0725)  time: 0.2116  data: 0.0003  max mem: 41183
Test:  [7300/7958]  eta: 0:02:19  loss: 1.2073 (1.6507)  acc1: 68.7500 (60.7725)  acc5: 93.7500 (84.1623)  time: 0.2115  data: 0.0003  max mem: 41183
Test:  [7400/7958]  eta: 0:01:58  loss: 1.8613 (1.6549)  acc1: 50.0000 (60.6869)  acc5: 81.2500 (84.0976)  time: 0.2116  data: 0.0003  max mem: 41183
Test:  [7500/7958]  eta: 0:01:37  loss: 1.5805 (1.6555)  acc1: 50.0000 (60.6427)  acc5: 87.5000 (84.0880)  time: 0.2114  data: 0.0003  max mem: 41183
Test:  [7600/7958]  eta: 0:01:15  loss: 1.4556 (1.6562)  acc1: 68.7500 (60.6705)  acc5: 81.2500 (84.0662)  time: 0.2119  data: 0.0003  max mem: 41183
Test:  [7700/7958]  eta: 0:00:54  loss: 2.2997 (1.6607)  acc1: 50.0000 (60.5571)  acc5: 75.0000 (83.9932)  time: 0.2120  data: 0.0003  max mem: 41183
Test:  [7800/7958]  eta: 0:00:33  loss: 0.6824 (1.6624)  acc1: 81.2500 (60.4810)  acc5: 93.7500 (84.0109)  time: 0.2117  data: 0.0003  max mem: 41183
Test:  [7900/7958]  eta: 0:00:12  loss: 1.1307 (1.6590)  acc1: 75.0000 (60.5968)  acc5: 93.7500 (84.0440)  time: 0.2123  data: 0.0003  max mem: 41183
Test: Total time: 0:28:06
 * Acc@1 = 60.60253832621262, Acc@5 = 84.04514325207339, loss = 1.6590773756837003
Namespace(model='QKFormer_10_768', dataset='es-imagenet', num_classes=1000, data_path='/model/es-imagenet', device='cuda', batch_size=16, workers=4, print_freq=3072, output_dir='./logs4', resume='', sync_bn=False, test_only=False, amp=True, world_size=1, dist_url='env://', tb=True, T=8, opt='adamw', opt_eps=1e-08, opt_betas=None, weight_decay=0.01, momentum=0.9, connect_f='ADD', T_train=None, sched='cosine', lr=0.0005, lr_noise=None, lr_noise_pct=0.67, lr_noise_std=1.0, lr_cycle_mul=1.0, lr_cycle_limit=1, warmup_lr=1e-05, min_lr=1e-06, epochs=100, epoch_repeats=0.0, start_epoch=0, decay_epochs=20, warmup_epochs=20, cooldown_epochs=10, patience_epochs=10, decay_rate=0.1, smoothing=0.1, mixup=0.5, cutmix=0.0, cutmix_minmax=None, mixup_prob=0.5, mixup_switch_prob=0.5, mixup_mode='batch', mixup_off_epoch=0, grad_clip=5.0, distributed=False)
Training time 16 days, 12:29:19 max_test_acc1 61.318013319929634 test_acc5_at_max_test_acc1 84.41741015330486
./logs4/QKFormer_10_768_b16_T8_wd0.01_adamw_cnf_ADD/lr0.0005
Epoch: [49]  [    0/71874]  eta: 21:07:27  lr: 0.00025833698438999304  img/s: 42.00973044708475  loss: 3.1909 (3.1909)  acc1: 37.5000 (37.5000)  acc5: 68.7500 (68.7500)  time: 1.0581  data: 0.6772  max mem: 41183
Epoch: [49]  [ 3072/71874]  eta: 7:08:38  lr: 0.00025833698438999304  img/s: 42.98717152946858  loss: 2.7619 (3.0047)  acc1: 43.7500 (54.2812)  acc5: 75.0000 (77.5789)  time: 0.3734  data: 0.0002  max mem: 41183
Epoch: [49]  [ 6144/71874]  eta: 6:49:28  lr: 0.00025833698438999304  img/s: 43.00725451292226  loss: 2.5677 (3.0225)  acc1: 62.5000 (53.9768)  acc5: 81.2500 (77.3179)  time: 0.3727  data: 0.0002  max mem: 41183
Epoch: [49]  [ 9216/71874]  eta: 6:30:17  lr: 0.00025833698438999304  img/s: 42.58263111941359  loss: 2.9781 (3.0325)  acc1: 43.7500 (53.7424)  acc5: 81.2500 (77.0634)  time: 0.3729  data: 0.0002  max mem: 41183
Epoch: [49]  [12288/71874]  eta: 6:11:05  lr: 0.00025833698438999304  img/s: 43.15410604347765  loss: 2.7979 (3.0387)  acc1: 56.2500 (53.6598)  acc5: 75.0000 (76.9001)  time: 0.3723  data: 0.0002  max mem: 41183
Epoch: [49]  [15360/71874]  eta: 5:51:59  lr: 0.00025833698438999304  img/s: 43.06700816239829  loss: 3.0056 (3.0431)  acc1: 56.2500 (53.5504)  acc5: 75.0000 (76.7801)  time: 0.3734  data: 0.0002  max mem: 41183
Epoch: [49]  [18432/71874]  eta: 5:32:52  lr: 0.00025833698438999304  img/s: 36.02997985594207  loss: 2.5802 (3.0445)  acc1: 56.2500 (53.4825)  acc5: 87.5000 (76.7306)  time: 0.3788  data: 0.0002  max mem: 41183
Epoch: [49]  [21504/71874]  eta: 5:13:43  lr: 0.00025833698438999304  img/s: 42.93019295564444  loss: 2.6055 (3.0470)  acc1: 56.2500 (53.4300)  acc5: 81.2500 (76.6984)  time: 0.3737  data: 0.0002  max mem: 41183
Epoch: [49]  [24576/71874]  eta: 4:54:37  lr: 0.00025833698438999304  img/s: 42.88117285922775  loss: 2.9107 (3.0488)  acc1: 50.0000 (53.3787)  acc5: 75.0000 (76.6456)  time: 0.3784  data: 0.0002  max mem: 41183
Epoch: [49]  [27648/71874]  eta: 4:35:29  lr: 0.00025833698438999304  img/s: 43.268572725443974  loss: 2.9205 (3.0497)  acc1: 56.2500 (53.3297)  acc5: 75.0000 (76.6364)  time: 0.3713  data: 0.0002  max mem: 41183
Epoch: [49]  [30720/71874]  eta: 4:16:19  lr: 0.00025833698438999304  img/s: 43.08603163291184  loss: 2.6754 (3.0549)  acc1: 56.2500 (53.2413)  acc5: 81.2500 (76.5431)  time: 0.3723  data: 0.0002  max mem: 41183
Epoch: [49]  [33792/71874]  eta: 3:57:11  lr: 0.00025833698438999304  img/s: 42.99334043601405  loss: 2.8286 (3.0580)  acc1: 50.0000 (53.1686)  acc5: 75.0000 (76.4872)  time: 0.3730  data: 0.0002  max mem: 41183
Epoch: [49]  [36864/71874]  eta: 3:38:04  lr: 0.00025833698438999304  img/s: 43.066648868992004  loss: 2.9605 (3.0632)  acc1: 56.2500 (53.0673)  acc5: 75.0000 (76.3822)  time: 0.3735  data: 0.0001  max mem: 41183
Epoch: [49]  [39936/71874]  eta: 3:18:56  lr: 0.00025833698438999304  img/s: 41.43514866523587  loss: 2.7604 (3.0665)  acc1: 50.0000 (53.0018)  acc5: 75.0000 (76.3296)  time: 0.3784  data: 0.0002  max mem: 41183
Epoch: [49]  [43008/71874]  eta: 2:59:52  lr: 0.00025833698438999304  img/s: 42.90606666632568  loss: 3.0513 (3.0688)  acc1: 50.0000 (52.9590)  acc5: 75.0000 (76.2776)  time: 0.3748  data: 0.0002  max mem: 41183
Epoch: [49]  [46080/71874]  eta: 2:40:46  lr: 0.00025833698438999304  img/s: 43.146226457551904  loss: 2.8828 (3.0709)  acc1: 50.0000 (52.9030)  acc5: 75.0000 (76.2481)  time: 0.3745  data: 0.0002  max mem: 41183
Epoch: [49]  [49152/71874]  eta: 2:21:40  lr: 0.00025833698438999304  img/s: 42.803442702626164  loss: 2.6836 (3.0730)  acc1: 56.2500 (52.8558)  acc5: 75.0000 (76.2167)  time: 0.3750  data: 0.0002  max mem: 41183
Epoch: [49]  [52224/71874]  eta: 2:02:33  lr: 0.00025833698438999304  img/s: 41.40564646593031  loss: 2.8964 (3.0753)  acc1: 56.2500 (52.8066)  acc5: 81.2500 (76.1698)  time: 0.3753  data: 0.0003  max mem: 41183
Epoch: [49]  [55296/71874]  eta: 1:43:25  lr: 0.00025833698438999304  img/s: 42.788650709649446  loss: 2.6096 (3.0772)  acc1: 50.0000 (52.7511)  acc5: 81.2500 (76.1162)  time: 0.3742  data: 0.0002  max mem: 41183
Epoch: [49]  [58368/71874]  eta: 1:24:15  lr: 0.00025833698438999304  img/s: 41.336758923957184  loss: 3.1688 (3.0785)  acc1: 43.7500 (52.7093)  acc5: 68.7500 (76.0839)  time: 0.3793  data: 0.0002  max mem: 41183
Epoch: [49]  [61440/71874]  eta: 1:05:06  lr: 0.00025833698438999304  img/s: 43.03858723814703  loss: 2.9303 (3.0813)  acc1: 50.0000 (52.6539)  acc5: 81.2500 (76.0304)  time: 0.3733  data: 0.0002  max mem: 41183
Epoch: [49]  [64512/71874]  eta: 0:45:56  lr: 0.00025833698438999304  img/s: 43.02087422768178  loss: 2.9833 (3.0838)  acc1: 50.0000 (52.6048)  acc5: 75.0000 (75.9791)  time: 0.3736  data: 0.0002  max mem: 41183
Epoch: [49]  [67584/71874]  eta: 0:26:45  lr: 0.00025833698438999304  img/s: 42.90118432542803  loss: 3.2375 (3.0882)  acc1: 43.7500 (52.5149)  acc5: 75.0000 (75.9090)  time: 0.3741  data: 0.0002  max mem: 41183
Epoch: [49]  [70656/71874]  eta: 0:07:35  lr: 0.00025833698438999304  img/s: 42.57585018325499  loss: 2.7488 (3.0891)  acc1: 56.2500 (52.4786)  acc5: 81.2500 (75.8973)  time: 0.3732  data: 0.0002  max mem: 41183
Epoch: [49] Total time: 7:28:23
Test:  [   0/7958]  eta: 1:48:17  loss: 0.3365 (0.3365)  acc1: 93.7500 (93.7500)  acc5: 100.0000 (100.0000)  time: 0.8165  data: 0.6043  max mem: 41183
Test:  [ 100/7958]  eta: 0:28:28  loss: 1.5933 (1.2806)  acc1: 62.5000 (71.6584)  acc5: 87.5000 (88.5520)  time: 0.2114  data: 0.0003  max mem: 41183
Test:  [ 200/7958]  eta: 0:27:44  loss: 1.4778 (1.3966)  acc1: 56.2500 (68.0659)  acc5: 93.7500 (86.9092)  time: 0.2122  data: 0.0003  max mem: 41183
Test:  [ 300/7958]  eta: 0:27:16  loss: 0.9706 (1.3730)  acc1: 75.0000 (68.0855)  acc5: 87.5000 (87.3962)  time: 0.2121  data: 0.0003  max mem: 41183
Test:  [ 400/7958]  eta: 0:26:51  loss: 0.9355 (1.3055)  acc1: 75.0000 (69.4202)  acc5: 93.7500 (88.4819)  time: 0.2116  data: 0.0003  max mem: 41183
Test:  [ 500/7958]  eta: 0:26:27  loss: 1.7797 (1.3365)  acc1: 62.5000 (69.0369)  acc5: 81.2500 (87.9366)  time: 0.2115  data: 0.0003  max mem: 41183
Test:  [ 600/7958]  eta: 0:26:05  loss: 1.9212 (1.4185)  acc1: 50.0000 (66.9093)  acc5: 87.5000 (87.1360)  time: 0.2115  data: 0.0003  max mem: 41183
Test:  [ 700/7958]  eta: 0:25:42  loss: 1.9251 (1.5142)  acc1: 43.7500 (64.5328)  acc5: 75.0000 (85.8327)  time: 0.2116  data: 0.0003  max mem: 41183
Test:  [ 800/7958]  eta: 0:25:20  loss: 1.1852 (1.5977)  acc1: 62.5000 (62.7965)  acc5: 93.7500 (84.5662)  time: 0.2117  data: 0.0003  max mem: 41183
Test:  [ 900/7958]  eta: 0:24:59  loss: 1.5814 (1.6478)  acc1: 43.7500 (61.4248)  acc5: 81.2500 (83.9692)  time: 0.2118  data: 0.0003  max mem: 41183
Test:  [1000/7958]  eta: 0:24:37  loss: 2.2113 (1.6953)  acc1: 43.7500 (60.1523)  acc5: 75.0000 (83.4166)  time: 0.2122  data: 0.0003  max mem: 41183
Test:  [1100/7958]  eta: 0:24:15  loss: 1.9892 (1.7200)  acc1: 56.2500 (59.8263)  acc5: 81.2500 (83.2879)  time: 0.2120  data: 0.0003  max mem: 41183
Test:  [1200/7958]  eta: 0:23:54  loss: 2.5373 (1.7481)  acc1: 37.5000 (58.9092)  acc5: 75.0000 (83.0766)  time: 0.2122  data: 0.0003  max mem: 41183
Test:  [1300/7958]  eta: 0:23:32  loss: 1.1158 (1.7502)  acc1: 68.7500 (58.5367)  acc5: 87.5000 (83.2533)  time: 0.2114  data: 0.0003  max mem: 41183
Test:  [1400/7958]  eta: 0:23:11  loss: 2.1722 (1.7437)  acc1: 50.0000 (58.4493)  acc5: 81.2500 (83.4136)  time: 0.2116  data: 0.0003  max mem: 41183
Test:  [1500/7958]  eta: 0:22:50  loss: 2.1630 (1.7607)  acc1: 43.7500 (57.8240)  acc5: 81.2500 (83.3111)  time: 0.2115  data: 0.0003  max mem: 41183
Test:  [1600/7958]  eta: 0:22:28  loss: 0.9705 (1.7473)  acc1: 75.0000 (57.9013)  acc5: 93.7500 (83.6196)  time: 0.2116  data: 0.0003  max mem: 41183
Test:  [1700/7958]  eta: 0:22:07  loss: 0.7729 (1.7223)  acc1: 81.2500 (58.3958)  acc5: 93.7500 (83.9984)  time: 0.2120  data: 0.0003  max mem: 41183
Test:  [1800/7958]  eta: 0:21:46  loss: 1.3398 (1.6958)  acc1: 68.7500 (59.0922)  acc5: 87.5000 (84.3212)  time: 0.2120  data: 0.0003  max mem: 41183
Test:  [1900/7958]  eta: 0:21:24  loss: 1.8716 (1.6908)  acc1: 56.2500 (59.2517)  acc5: 81.2500 (84.4128)  time: 0.2119  data: 0.0003  max mem: 41183
Test:  [2000/7958]  eta: 0:21:03  loss: 0.5965 (1.6599)  acc1: 81.2500 (60.0450)  acc5: 100.0000 (84.7201)  time: 0.2120  data: 0.0003  max mem: 41183
Test:  [2100/7958]  eta: 0:20:42  loss: 1.2001 (1.6406)  acc1: 68.7500 (60.5634)  acc5: 87.5000 (84.9298)  time: 0.2116  data: 0.0003  max mem: 41183
Test:  [2200/7958]  eta: 0:20:20  loss: 1.8185 (1.6378)  acc1: 56.2500 (60.5975)  acc5: 87.5000 (85.0267)  time: 0.2116  data: 0.0003  max mem: 41183
Test:  [2300/7958]  eta: 0:19:59  loss: 1.6674 (1.6417)  acc1: 56.2500 (60.4628)  acc5: 81.2500 (85.0337)  time: 0.2116  data: 0.0003  max mem: 41183
Test:  [2400/7958]  eta: 0:19:38  loss: 1.3255 (1.6518)  acc1: 62.5000 (60.3238)  acc5: 87.5000 (84.8344)  time: 0.2116  data: 0.0003  max mem: 41183
Test:  [2500/7958]  eta: 0:19:17  loss: 1.9862 (1.6655)  acc1: 31.2500 (60.0010)  acc5: 68.7500 (84.6386)  time: 0.2116  data: 0.0003  max mem: 41183
Test:  [2600/7958]  eta: 0:18:55  loss: 1.4233 (1.6520)  acc1: 56.2500 (60.2533)  acc5: 87.5000 (84.7919)  time: 0.2119  data: 0.0003  max mem: 41183
Test:  [2700/7958]  eta: 0:18:34  loss: 0.8653 (1.6338)  acc1: 75.0000 (60.7298)  acc5: 93.7500 (84.9801)  time: 0.2121  data: 0.0003  max mem: 41183
Test:  [2800/7958]  eta: 0:18:13  loss: 1.8053 (1.6223)  acc1: 62.5000 (61.0853)  acc5: 81.2500 (85.1214)  time: 0.2120  data: 0.0003  max mem: 41183
Test:  [2900/7958]  eta: 0:17:52  loss: 1.1452 (1.6305)  acc1: 68.7500 (60.9596)  acc5: 93.7500 (84.9599)  time: 0.2119  data: 0.0003  max mem: 41183
Test:  [3000/7958]  eta: 0:17:30  loss: 1.0592 (1.6256)  acc1: 75.0000 (61.1317)  acc5: 93.7500 (84.9925)  time: 0.2112  data: 0.0003  max mem: 41183
Test:  [3100/7958]  eta: 0:17:09  loss: 1.9540 (1.6343)  acc1: 62.5000 (61.0106)  acc5: 75.0000 (84.8396)  time: 0.2117  data: 0.0003  max mem: 41183
Test:  [3200/7958]  eta: 0:16:48  loss: 2.0387 (1.6316)  acc1: 50.0000 (61.0825)  acc5: 75.0000 (84.8387)  time: 0.2116  data: 0.0003  max mem: 41183
Test:  [3300/7958]  eta: 0:16:27  loss: 1.6721 (1.6473)  acc1: 56.2500 (60.7164)  acc5: 81.2500 (84.6183)  time: 0.2116  data: 0.0003  max mem: 41183
Test:  [3400/7958]  eta: 0:16:06  loss: 1.6573 (1.6432)  acc1: 56.2500 (60.8626)  acc5: 87.5000 (84.6644)  time: 0.2114  data: 0.0003  max mem: 41183
Test:  [3500/7958]  eta: 0:15:44  loss: 1.0252 (1.6384)  acc1: 75.0000 (60.9879)  acc5: 87.5000 (84.7365)  time: 0.2121  data: 0.0003  max mem: 41183
Test:  [3600/7958]  eta: 0:15:23  loss: 2.0306 (1.6394)  acc1: 50.0000 (60.9136)  acc5: 81.2500 (84.7473)  time: 0.2121  data: 0.0003  max mem: 41183
Test:  [3700/7958]  eta: 0:15:02  loss: 2.3411 (1.6424)  acc1: 37.5000 (60.8467)  acc5: 81.2500 (84.7457)  time: 0.2120  data: 0.0003  max mem: 41183
Test:  [3800/7958]  eta: 0:14:41  loss: 2.1042 (1.6469)  acc1: 43.7500 (60.7291)  acc5: 87.5000 (84.6915)  time: 0.2117  data: 0.0003  max mem: 41183
Test:  [3900/7958]  eta: 0:14:19  loss: 1.5209 (1.6398)  acc1: 68.7500 (60.9395)  acc5: 87.5000 (84.7860)  time: 0.2116  data: 0.0003  max mem: 41183
Test:  [4000/7958]  eta: 0:13:58  loss: 2.0291 (1.6390)  acc1: 43.7500 (60.9754)  acc5: 87.5000 (84.7851)  time: 0.2115  data: 0.0003  max mem: 41183
Test:  [4100/7958]  eta: 0:13:37  loss: 0.8890 (1.6391)  acc1: 81.2500 (61.0491)  acc5: 93.7500 (84.7583)  time: 0.2116  data: 0.0003  max mem: 41183
Test:  [4200/7958]  eta: 0:13:16  loss: 1.7817 (1.6407)  acc1: 56.2500 (61.0733)  acc5: 81.2500 (84.7239)  time: 0.2115  data: 0.0003  max mem: 41183
Test:  [4300/7958]  eta: 0:12:55  loss: 1.3482 (1.6359)  acc1: 68.7500 (61.1660)  acc5: 87.5000 (84.7913)  time: 0.2121  data: 0.0003  max mem: 41183
Test:  [4400/7958]  eta: 0:12:33  loss: 1.3878 (1.6421)  acc1: 68.7500 (61.1111)  acc5: 87.5000 (84.6413)  time: 0.2124  data: 0.0003  max mem: 41183
Test:  [4500/7958]  eta: 0:12:12  loss: 1.8232 (1.6459)  acc1: 62.5000 (61.0128)  acc5: 81.2500 (84.6048)  time: 0.2120  data: 0.0003  max mem: 41183
Test:  [4600/7958]  eta: 0:11:51  loss: 1.7302 (1.6430)  acc1: 56.2500 (61.1362)  acc5: 81.2500 (84.6025)  time: 0.2118  data: 0.0003  max mem: 41183
Test:  [4700/7958]  eta: 0:11:30  loss: 1.3299 (1.6547)  acc1: 68.7500 (60.8594)  acc5: 87.5000 (84.4408)  time: 0.2114  data: 0.0003  max mem: 41183
Test:  [4800/7958]  eta: 0:11:09  loss: 1.1535 (1.6568)  acc1: 75.0000 (60.8076)  acc5: 87.5000 (84.4355)  time: 0.2115  data: 0.0003  max mem: 41183
Test:  [4900/7958]  eta: 0:10:47  loss: 1.8574 (1.6591)  acc1: 56.2500 (60.7822)  acc5: 75.0000 (84.3871)  time: 0.2115  data: 0.0003  max mem: 41183
Test:  [5000/7958]  eta: 0:10:26  loss: 2.2931 (1.6620)  acc1: 43.7500 (60.6679)  acc5: 81.2500 (84.4206)  time: 0.2113  data: 0.0003  max mem: 41183
Test:  [5100/7958]  eta: 0:10:05  loss: 2.0827 (1.6625)  acc1: 50.0000 (60.5739)  acc5: 75.0000 (84.4258)  time: 0.2115  data: 0.0003  max mem: 41183
Test:  [5200/7958]  eta: 0:09:44  loss: 0.7192 (1.6598)  acc1: 81.2500 (60.6314)  acc5: 93.7500 (84.4513)  time: 0.2120  data: 0.0003  max mem: 41183
Test:  [5300/7958]  eta: 0:09:23  loss: 2.0043 (1.6639)  acc1: 50.0000 (60.5829)  acc5: 81.2500 (84.3768)  time: 0.2119  data: 0.0003  max mem: 41183
Test:  [5400/7958]  eta: 0:09:01  loss: 1.5471 (1.6621)  acc1: 62.5000 (60.6346)  acc5: 87.5000 (84.4080)  time: 0.2121  data: 0.0003  max mem: 41183
Test:  [5500/7958]  eta: 0:08:40  loss: 0.7231 (1.6640)  acc1: 81.2500 (60.6537)  acc5: 93.7500 (84.3403)  time: 0.2114  data: 0.0003  max mem: 41183
Test:  [5600/7958]  eta: 0:08:19  loss: 1.6751 (1.6671)  acc1: 56.2500 (60.6343)  acc5: 81.2500 (84.2640)  time: 0.2116  data: 0.0003  max mem: 41183
Test:  [5700/7958]  eta: 0:07:58  loss: 1.9470 (1.6670)  acc1: 56.2500 (60.6407)  acc5: 81.2500 (84.2824)  time: 0.2116  data: 0.0003  max mem: 41183
Test:  [5800/7958]  eta: 0:07:37  loss: 2.2712 (1.6721)  acc1: 43.7500 (60.5025)  acc5: 81.2500 (84.2225)  time: 0.2115  data: 0.0003  max mem: 41183
Test:  [5900/7958]  eta: 0:07:16  loss: 1.6867 (1.6746)  acc1: 50.0000 (60.4739)  acc5: 81.2500 (84.1701)  time: 0.2115  data: 0.0003  max mem: 41183
Test:  [6000/7958]  eta: 0:06:54  loss: 1.8041 (1.6804)  acc1: 56.2500 (60.4170)  acc5: 81.2500 (84.0818)  time: 0.2120  data: 0.0003  max mem: 41183
Test:  [6100/7958]  eta: 0:06:33  loss: 1.0802 (1.6790)  acc1: 68.7500 (60.5116)  acc5: 87.5000 (84.0836)  time: 0.2119  data: 0.0003  max mem: 41183
Test:  [6200/7958]  eta: 0:06:12  loss: 1.0457 (1.6805)  acc1: 75.0000 (60.5356)  acc5: 93.7500 (84.0298)  time: 0.2121  data: 0.0004  max mem: 41183
Test:  [6300/7958]  eta: 0:05:51  loss: 1.7651 (1.6795)  acc1: 43.7500 (60.5926)  acc5: 87.5000 (84.0402)  time: 0.2117  data: 0.0003  max mem: 41183
Test:  [6400/7958]  eta: 0:05:30  loss: 0.7581 (1.6792)  acc1: 81.2500 (60.6351)  acc5: 93.7500 (84.0406)  time: 0.2115  data: 0.0003  max mem: 41183
Test:  [6500/7958]  eta: 0:05:08  loss: 1.0160 (1.6759)  acc1: 81.2500 (60.7397)  acc5: 93.7500 (84.0803)  time: 0.2117  data: 0.0003  max mem: 41183
Test:  [6600/7958]  eta: 0:04:47  loss: 1.9896 (1.6793)  acc1: 56.2500 (60.6490)  acc5: 75.0000 (84.0100)  time: 0.2115  data: 0.0003  max mem: 41183
Test:  [6700/7958]  eta: 0:04:26  loss: 1.0850 (1.6793)  acc1: 68.7500 (60.6430)  acc5: 93.7500 (84.0192)  time: 0.2116  data: 0.0003  max mem: 41183
Test:  [6800/7958]  eta: 0:04:05  loss: 1.6386 (1.6774)  acc1: 68.7500 (60.7071)  acc5: 81.2500 (84.0529)  time: 0.2117  data: 0.0003  max mem: 41183
Test:  [6900/7958]  eta: 0:03:44  loss: 1.5319 (1.6755)  acc1: 56.2500 (60.7358)  acc5: 75.0000 (84.0748)  time: 0.2123  data: 0.0003  max mem: 41183
Test:  [7000/7958]  eta: 0:03:22  loss: 0.8514 (1.6768)  acc1: 81.2500 (60.7270)  acc5: 93.7500 (84.0407)  time: 0.2118  data: 0.0003  max mem: 41183
Test:  [7100/7958]  eta: 0:03:01  loss: 0.8262 (1.6782)  acc1: 87.5000 (60.7168)  acc5: 93.7500 (84.0093)  time: 0.2122  data: 0.0003  max mem: 41183
Test:  [7200/7958]  eta: 0:02:40  loss: 2.2319 (1.6856)  acc1: 50.0000 (60.5610)  acc5: 81.2500 (83.9293)  time: 0.2118  data: 0.0003  max mem: 41183
Test:  [7300/7958]  eta: 0:02:19  loss: 2.1138 (1.6819)  acc1: 43.7500 (60.6604)  acc5: 81.2500 (83.9697)  time: 0.2115  data: 0.0003  max mem: 41183
Test:  [7400/7958]  eta: 0:01:58  loss: 2.2127 (1.6867)  acc1: 43.7500 (60.5585)  acc5: 75.0000 (83.8974)  time: 0.2115  data: 0.0003  max mem: 41183
Test:  [7500/7958]  eta: 0:01:37  loss: 1.2075 (1.6873)  acc1: 68.7500 (60.5544)  acc5: 93.7500 (83.8813)  time: 0.2116  data: 0.0003  max mem: 41183
Test:  [7600/7958]  eta: 0:01:15  loss: 1.8037 (1.6908)  acc1: 62.5000 (60.5184)  acc5: 81.2500 (83.8048)  time: 0.2117  data: 0.0003  max mem: 41183
Test:  [7700/7958]  eta: 0:00:54  loss: 2.0465 (1.6964)  acc1: 56.2500 (60.4029)  acc5: 75.0000 (83.7123)  time: 0.2119  data: 0.0003  max mem: 41183
Test:  [7800/7958]  eta: 0:00:33  loss: 0.7272 (1.6972)  acc1: 81.2500 (60.3264)  acc5: 93.7500 (83.7441)  time: 0.2120  data: 0.0003  max mem: 41183
Test:  [7900/7958]  eta: 0:00:12  loss: 1.1587 (1.6945)  acc1: 68.7500 (60.3990)  acc5: 93.7500 (83.7734)  time: 0.2124  data: 0.0003  max mem: 41183
Test: Total time: 0:28:05
 * Acc@1 = 60.4022681578286, Acc@5 = 83.75769665745162, loss = 1.69486963889508
Namespace(model='QKFormer_10_768', dataset='es-imagenet', num_classes=1000, data_path='/model/es-imagenet', device='cuda', batch_size=16, workers=4, print_freq=3072, output_dir='./logs4', resume='', sync_bn=False, test_only=False, amp=True, world_size=1, dist_url='env://', tb=True, T=8, opt='adamw', opt_eps=1e-08, opt_betas=None, weight_decay=0.01, momentum=0.9, connect_f='ADD', T_train=None, sched='cosine', lr=0.0005, lr_noise=None, lr_noise_pct=0.67, lr_noise_std=1.0, lr_cycle_mul=1.0, lr_cycle_limit=1, warmup_lr=1e-05, min_lr=1e-06, epochs=100, epoch_repeats=0.0, start_epoch=0, decay_epochs=20, warmup_epochs=20, cooldown_epochs=10, patience_epochs=10, decay_rate=0.1, smoothing=0.1, mixup=0.5, cutmix=0.0, cutmix_minmax=None, mixup_prob=0.5, mixup_switch_prob=0.5, mixup_mode='batch', mixup_off_epoch=0, grad_clip=5.0, distributed=False)
Training time 16 days, 20:25:48 max_test_acc1 61.318013319929634 test_acc5_at_max_test_acc1 84.41741015330486
./logs4/QKFormer_10_768_b16_T8_wd0.01_adamw_cnf_ADD/lr0.0005
Epoch: [50]  [    0/71874]  eta: 21:49:27  lr: 0.0002505  img/s: 41.59450405260421  loss: 3.4258 (3.4258)  acc1: 56.2500 (56.2500)  acc5: 81.2500 (81.2500)  time: 1.0931  data: 0.7084  max mem: 41183
Epoch: [50]  [ 3072/71874]  eta: 7:08:11  lr: 0.0002505  img/s: 42.93258235761508  loss: 2.8035 (3.0077)  acc1: 43.7500 (54.3850)  acc5: 81.2500 (77.3938)  time: 0.3727  data: 0.0002  max mem: 41183
Epoch: [50]  [ 6144/71874]  eta: 6:49:07  lr: 0.0002505  img/s: 42.44261611834803  loss: 2.8023 (3.0123)  acc1: 56.2500 (54.1772)  acc5: 81.2500 (77.2996)  time: 0.3726  data: 0.0002  max mem: 41183
Epoch: [50]  [ 9216/71874]  eta: 6:30:02  lr: 0.0002505  img/s: 43.26913068259483  loss: 2.8502 (3.0219)  acc1: 50.0000 (53.9397)  acc5: 81.2500 (77.1394)  time: 0.3765  data: 0.0002  max mem: 41183
Epoch: [50]  [12288/71874]  eta: 6:10:51  lr: 0.0002505  img/s: 43.315491343209594  loss: 2.9179 (3.0283)  acc1: 56.2500 (53.9019)  acc5: 81.2500 (77.0608)  time: 0.3729  data: 0.0002  max mem: 41183
Epoch: [50]  [15360/71874]  eta: 5:51:38  lr: 0.0002505  img/s: 42.406865086887834  loss: 3.2484 (3.0350)  acc1: 43.7500 (53.8112)  acc5: 75.0000 (76.9420)  time: 0.3716  data: 0.0002  max mem: 41183
Epoch: [50]  [18432/71874]  eta: 5:32:34  lr: 0.0002505  img/s: 42.69511444087603  loss: 3.0926 (3.0383)  acc1: 56.2500 (53.7331)  acc5: 75.0000 (76.8794)  time: 0.3727  data: 0.0002  max mem: 41183
Epoch: [50]  [21504/71874]  eta: 5:13:29  lr: 0.0002505  img/s: 43.10033794936283  loss: 2.7750 (3.0377)  acc1: 50.0000 (53.6771)  acc5: 75.0000 (76.8679)  time: 0.3724  data: 0.0002  max mem: 41183
Epoch: [50]  [24576/71874]  eta: 4:54:22  lr: 0.0002505  img/s: 43.19274097368423  loss: 3.2890 (3.0401)  acc1: 43.7500 (53.6218)  acc5: 75.0000 (76.8287)  time: 0.3734  data: 0.0002  max mem: 41183
Epoch: [50]  [27648/71874]  eta: 4:35:16  lr: 0.0002505  img/s: 43.08852141139608  loss: 2.5868 (3.0421)  acc1: 56.2500 (53.5537)  acc5: 81.2500 (76.7765)  time: 0.3713  data: 0.0002  max mem: 41183
Epoch: [50]  [30720/71874]  eta: 4:16:10  lr: 0.0002505  img/s: 42.844405968312095  loss: 2.8322 (3.0451)  acc1: 56.2500 (53.4701)  acc5: 81.2500 (76.7195)  time: 0.3731  data: 0.0002  max mem: 41183
Epoch: [50]  [33792/71874]  eta: 3:57:08  lr: 0.0002505  img/s: 43.09101147764668  loss: 2.6326 (3.0456)  acc1: 56.2500 (53.4526)  acc5: 81.2500 (76.6943)  time: 0.3724  data: 0.0002  max mem: 41183
Epoch: [50]  [36864/71874]  eta: 3:37:58  lr: 0.0002505  img/s: 42.96009336024546  loss: 2.8623 (3.0483)  acc1: 50.0000 (53.3862)  acc5: 75.0000 (76.6503)  time: 0.3793  data: 0.0002  max mem: 41183
Epoch: [50]  [39936/71874]  eta: 3:18:49  lr: 0.0002505  img/s: 43.07839810608468  loss: 3.0997 (3.0518)  acc1: 37.5000 (53.3216)  acc5: 75.0000 (76.5881)  time: 0.3719  data: 0.0002  max mem: 41183
Epoch: [50]  [43008/71874]  eta: 2:59:41  lr: 0.0002505  img/s: 43.25175707195278  loss: 2.6646 (3.0552)  acc1: 62.5000 (53.2332)  acc5: 75.0000 (76.5225)  time: 0.3762  data: 0.0002  max mem: 41183
Epoch: [50]  [46080/71874]  eta: 2:40:33  lr: 0.0002505  img/s: 43.089987748906516  loss: 2.9199 (3.0580)  acc1: 50.0000 (53.1788)  acc5: 81.2500 (76.4838)  time: 0.3722  data: 0.0002  max mem: 41183
Epoch: [50]  [49152/71874]  eta: 2:21:25  lr: 0.0002505  img/s: 42.852504050016506  loss: 2.8523 (3.0595)  acc1: 56.2500 (53.1460)  acc5: 75.0000 (76.4488)  time: 0.3724  data: 0.0002  max mem: 41183
Epoch: [50]  [52224/71874]  eta: 2:02:17  lr: 0.0002505  img/s: 42.76149501457904  loss: 3.1548 (3.0620)  acc1: 43.7500 (53.0850)  acc5: 75.0000 (76.3903)  time: 0.3737  data: 0.0002  max mem: 41183
Epoch: [50]  [55296/71874]  eta: 1:43:10  lr: 0.0002505  img/s: 43.038890859195476  loss: 2.9361 (3.0647)  acc1: 50.0000 (53.0311)  acc5: 75.0000 (76.3344)  time: 0.3724  data: 0.0002  max mem: 41183
Epoch: [50]  [58368/71874]  eta: 1:24:03  lr: 0.0002505  img/s: 42.17736160456436  loss: 2.8552 (3.0680)  acc1: 50.0000 (52.9740)  acc5: 75.0000 (76.2813)  time: 0.3725  data: 0.0002  max mem: 41183
Epoch: [50]  [61440/71874]  eta: 1:04:55  lr: 0.0002505  img/s: 43.13549376546261  loss: 2.9063 (3.0708)  acc1: 50.0000 (52.9172)  acc5: 75.0000 (76.2358)  time: 0.3718  data: 0.0002  max mem: 41183
Epoch: [50]  [64512/71874]  eta: 0:45:48  lr: 0.0002505  img/s: 43.05261348093746  loss: 2.8312 (3.0719)  acc1: 50.0000 (52.8748)  acc5: 81.2500 (76.2095)  time: 0.3789  data: 0.0002  max mem: 41183
Epoch: [50]  [67584/71874]  eta: 0:26:41  lr: 0.0002505  img/s: 42.84746974736102  loss: 3.0808 (3.0734)  acc1: 50.0000 (52.8450)  acc5: 75.0000 (76.1644)  time: 0.3726  data: 0.0002  max mem: 41183
Epoch: [50]  [70656/71874]  eta: 0:07:34  lr: 0.0002505  img/s: 43.22008547559  loss: 2.7108 (3.0753)  acc1: 50.0000 (52.8116)  acc5: 81.2500 (76.1297)  time: 0.3770  data: 0.0002  max mem: 41183
Epoch: [50] Total time: 7:27:14
Test:  [   0/7958]  eta: 2:11:25  loss: 0.6138 (0.6138)  acc1: 87.5000 (87.5000)  acc5: 100.0000 (100.0000)  time: 0.9909  data: 0.7795  max mem: 41183
Test:  [ 100/7958]  eta: 0:28:45  loss: 1.4015 (1.3042)  acc1: 62.5000 (69.4307)  acc5: 87.5000 (88.4282)  time: 0.2123  data: 0.0003  max mem: 41183
Test:  [ 200/7958]  eta: 0:27:52  loss: 1.8739 (1.5177)  acc1: 43.7500 (64.8010)  acc5: 81.2500 (85.6965)  time: 0.2120  data: 0.0004  max mem: 41183
Test:  [ 300/7958]  eta: 0:27:21  loss: 1.0689 (1.3999)  acc1: 68.7500 (66.8189)  acc5: 87.5000 (87.0847)  time: 0.2122  data: 0.0003  max mem: 41183
Test:  [ 400/7958]  eta: 0:26:54  loss: 0.5802 (1.2936)  acc1: 75.0000 (69.2176)  acc5: 100.0000 (88.4663)  time: 0.2112  data: 0.0003  max mem: 41183
Test:  [ 500/7958]  eta: 0:26:30  loss: 1.4261 (1.2903)  acc1: 62.5000 (69.4860)  acc5: 87.5000 (88.4481)  time: 0.2116  data: 0.0003  max mem: 41183
Test:  [ 600/7958]  eta: 0:26:07  loss: 2.0380 (1.3913)  acc1: 50.0000 (66.7221)  acc5: 81.2500 (87.2504)  time: 0.2115  data: 0.0003  max mem: 41183
Test:  [ 700/7958]  eta: 0:25:44  loss: 1.8744 (1.4727)  acc1: 43.7500 (64.5952)  acc5: 81.2500 (86.2696)  time: 0.2117  data: 0.0003  max mem: 41183
Test:  [ 800/7958]  eta: 0:25:22  loss: 1.2939 (1.5028)  acc1: 56.2500 (63.7250)  acc5: 87.5000 (85.7990)  time: 0.2113  data: 0.0003  max mem: 41183
Test:  [ 900/7958]  eta: 0:25:00  loss: 2.4980 (1.5597)  acc1: 37.5000 (62.5694)  acc5: 75.0000 (85.0166)  time: 0.2119  data: 0.0003  max mem: 41183
Test:  [1000/7958]  eta: 0:24:38  loss: 2.2098 (1.5958)  acc1: 37.5000 (61.7507)  acc5: 75.0000 (84.4780)  time: 0.2116  data: 0.0003  max mem: 41183
Test:  [1100/7958]  eta: 0:24:16  loss: 1.6234 (1.6304)  acc1: 56.2500 (61.0184)  acc5: 87.5000 (84.0089)  time: 0.2120  data: 0.0003  max mem: 41183
Test:  [1200/7958]  eta: 0:23:54  loss: 1.6602 (1.6415)  acc1: 56.2500 (60.5641)  acc5: 87.5000 (83.9561)  time: 0.2120  data: 0.0004  max mem: 41183
Test:  [1300/7958]  eta: 0:23:33  loss: 1.6172 (1.6452)  acc1: 62.5000 (60.2565)  acc5: 81.2500 (84.0219)  time: 0.2116  data: 0.0003  max mem: 41183
Test:  [1400/7958]  eta: 0:23:11  loss: 1.9725 (1.6362)  acc1: 43.7500 (60.2159)  acc5: 81.2500 (84.2612)  time: 0.2114  data: 0.0003  max mem: 41183
Test:  [1500/7958]  eta: 0:22:50  loss: 1.3980 (1.6297)  acc1: 62.5000 (60.3223)  acc5: 87.5000 (84.4395)  time: 0.2118  data: 0.0004  max mem: 41183
Test:  [1600/7958]  eta: 0:22:29  loss: 1.0594 (1.6179)  acc1: 75.0000 (60.4700)  acc5: 93.7500 (84.7166)  time: 0.2116  data: 0.0003  max mem: 41183
Test:  [1700/7958]  eta: 0:22:07  loss: 0.5551 (1.6056)  acc1: 81.2500 (60.7988)  acc5: 93.7500 (84.9427)  time: 0.2118  data: 0.0003  max mem: 41183
Test:  [1800/7958]  eta: 0:21:46  loss: 1.0045 (1.5840)  acc1: 75.0000 (61.3409)  acc5: 93.7500 (85.1992)  time: 0.2121  data: 0.0003  max mem: 41183
Test:  [1900/7958]  eta: 0:21:25  loss: 1.8180 (1.5902)  acc1: 56.2500 (61.2375)  acc5: 81.2500 (85.2249)  time: 0.2118  data: 0.0003  max mem: 41183
Test:  [2000/7958]  eta: 0:21:03  loss: 0.2731 (1.5574)  acc1: 93.7500 (62.0065)  acc5: 100.0000 (85.5760)  time: 0.2121  data: 0.0003  max mem: 41183
Test:  [2100/7958]  eta: 0:20:42  loss: 0.8872 (1.5390)  acc1: 75.0000 (62.5446)  acc5: 93.7500 (85.7865)  time: 0.2116  data: 0.0003  max mem: 41183
Test:  [2200/7958]  eta: 0:20:21  loss: 0.9414 (1.5344)  acc1: 75.0000 (62.6420)  acc5: 93.7500 (85.9240)  time: 0.2117  data: 0.0003  max mem: 41183
Test:  [2300/7958]  eta: 0:19:59  loss: 1.8873 (1.5307)  acc1: 43.7500 (62.5679)  acc5: 81.2500 (86.0495)  time: 0.2118  data: 0.0003  max mem: 41183
Test:  [2400/7958]  eta: 0:19:38  loss: 1.5175 (1.5337)  acc1: 62.5000 (62.5937)  acc5: 87.5000 (85.9850)  time: 0.2115  data: 0.0003  max mem: 41183
Test:  [2500/7958]  eta: 0:19:17  loss: 1.6284 (1.5567)  acc1: 56.2500 (62.0127)  acc5: 87.5000 (85.6807)  time: 0.2117  data: 0.0003  max mem: 41183
Test:  [2600/7958]  eta: 0:18:56  loss: 1.6845 (1.5500)  acc1: 50.0000 (62.0699)  acc5: 87.5000 (85.7435)  time: 0.2121  data: 0.0003  max mem: 41183
Test:  [2700/7958]  eta: 0:18:35  loss: 1.1315 (1.5387)  acc1: 75.0000 (62.2779)  acc5: 87.5000 (85.8687)  time: 0.2123  data: 0.0003  max mem: 41183
Test:  [2800/7958]  eta: 0:18:13  loss: 1.5635 (1.5309)  acc1: 68.7500 (62.5402)  acc5: 87.5000 (85.9760)  time: 0.2119  data: 0.0003  max mem: 41183
Test:  [2900/7958]  eta: 0:17:52  loss: 0.9901 (1.5460)  acc1: 68.7500 (62.2975)  acc5: 93.7500 (85.7161)  time: 0.2120  data: 0.0003  max mem: 41183
Test:  [3000/7958]  eta: 0:17:31  loss: 0.7110 (1.5467)  acc1: 75.0000 (62.3417)  acc5: 93.7500 (85.6610)  time: 0.2114  data: 0.0003  max mem: 41183
Test:  [3100/7958]  eta: 0:17:10  loss: 1.2801 (1.5505)  acc1: 75.0000 (62.2763)  acc5: 87.5000 (85.5994)  time: 0.2115  data: 0.0003  max mem: 41183
Test:  [3200/7958]  eta: 0:16:48  loss: 1.4115 (1.5435)  acc1: 62.5000 (62.4649)  acc5: 87.5000 (85.6842)  time: 0.2117  data: 0.0003  max mem: 41183
Test:  [3300/7958]  eta: 0:16:27  loss: 1.1161 (1.5606)  acc1: 68.7500 (62.1327)  acc5: 81.2500 (85.4514)  time: 0.2115  data: 0.0003  max mem: 41183
Test:  [3400/7958]  eta: 0:16:06  loss: 2.2216 (1.5605)  acc1: 50.0000 (62.2078)  acc5: 81.2500 (85.4197)  time: 0.2117  data: 0.0003  max mem: 41183
Test:  [3500/7958]  eta: 0:15:45  loss: 1.2073 (1.5584)  acc1: 62.5000 (62.2233)  acc5: 93.7500 (85.4738)  time: 0.2120  data: 0.0003  max mem: 41183
Test:  [3600/7958]  eta: 0:15:23  loss: 1.6589 (1.5626)  acc1: 50.0000 (62.1216)  acc5: 81.2500 (85.4190)  time: 0.2120  data: 0.0003  max mem: 41183
Test:  [3700/7958]  eta: 0:15:02  loss: 1.6734 (1.5654)  acc1: 56.2500 (62.0998)  acc5: 81.2500 (85.4077)  time: 0.2121  data: 0.0003  max mem: 41183
Test:  [3800/7958]  eta: 0:14:41  loss: 1.7262 (1.5702)  acc1: 56.2500 (62.0199)  acc5: 87.5000 (85.3509)  time: 0.2118  data: 0.0004  max mem: 41183
Test:  [3900/7958]  eta: 0:14:20  loss: 1.3551 (1.5655)  acc1: 68.7500 (62.1924)  acc5: 93.7500 (85.4508)  time: 0.2117  data: 0.0003  max mem: 41183
Test:  [4000/7958]  eta: 0:13:59  loss: 1.8477 (1.5694)  acc1: 50.0000 (62.1048)  acc5: 81.2500 (85.3880)  time: 0.2113  data: 0.0003  max mem: 41183
Test:  [4100/7958]  eta: 0:13:37  loss: 0.8188 (1.5674)  acc1: 81.2500 (62.2287)  acc5: 93.7500 (85.3725)  time: 0.2118  data: 0.0003  max mem: 41183
Test:  [4200/7958]  eta: 0:13:16  loss: 1.8801 (1.5662)  acc1: 56.2500 (62.3259)  acc5: 81.2500 (85.3651)  time: 0.2116  data: 0.0003  max mem: 41183
Test:  [4300/7958]  eta: 0:12:55  loss: 1.8133 (1.5637)  acc1: 50.0000 (62.3620)  acc5: 81.2500 (85.3987)  time: 0.2121  data: 0.0003  max mem: 41183
Test:  [4400/7958]  eta: 0:12:34  loss: 0.4445 (1.5705)  acc1: 87.5000 (62.2941)  acc5: 100.0000 (85.2434)  time: 0.2121  data: 0.0003  max mem: 41183
Test:  [4500/7958]  eta: 0:12:12  loss: 1.5299 (1.5713)  acc1: 62.5000 (62.2862)  acc5: 81.2500 (85.2241)  time: 0.2120  data: 0.0003  max mem: 41183
Test:  [4600/7958]  eta: 0:11:51  loss: 1.6204 (1.5694)  acc1: 62.5000 (62.4117)  acc5: 87.5000 (85.2152)  time: 0.2118  data: 0.0003  max mem: 41183
Test:  [4700/7958]  eta: 0:11:30  loss: 1.9148 (1.5793)  acc1: 62.5000 (62.1703)  acc5: 81.2500 (85.0524)  time: 0.2115  data: 0.0003  max mem: 41183
Test:  [4800/7958]  eta: 0:11:09  loss: 1.8540 (1.5863)  acc1: 50.0000 (62.0092)  acc5: 81.2500 (84.9784)  time: 0.2115  data: 0.0003  max mem: 41183
Test:  [4900/7958]  eta: 0:10:48  loss: 2.1687 (1.5880)  acc1: 56.2500 (62.0090)  acc5: 75.0000 (84.9202)  time: 0.2115  data: 0.0003  max mem: 41183
Test:  [5000/7958]  eta: 0:10:26  loss: 2.3535 (1.5894)  acc1: 37.5000 (61.9714)  acc5: 81.2500 (84.9430)  time: 0.2116  data: 0.0003  max mem: 41183
Test:  [5100/7958]  eta: 0:10:05  loss: 1.7039 (1.5896)  acc1: 56.2500 (61.9327)  acc5: 81.2500 (84.9601)  time: 0.2118  data: 0.0003  max mem: 41183
Test:  [5200/7958]  eta: 0:09:44  loss: 0.8998 (1.5889)  acc1: 81.2500 (61.9376)  acc5: 93.7500 (84.9680)  time: 0.2121  data: 0.0003  max mem: 41183
Test:  [5300/7958]  eta: 0:09:23  loss: 1.5625 (1.5885)  acc1: 56.2500 (61.9518)  acc5: 93.7500 (84.9651)  time: 0.2120  data: 0.0003  max mem: 41183
Test:  [5400/7958]  eta: 0:09:02  loss: 1.4039 (1.5845)  acc1: 68.7500 (62.0753)  acc5: 87.5000 (85.0178)  time: 0.2123  data: 0.0003  max mem: 41183
Test:  [5500/7958]  eta: 0:08:40  loss: 1.2375 (1.5857)  acc1: 68.7500 (62.0751)  acc5: 87.5000 (84.9970)  time: 0.2115  data: 0.0004  max mem: 41183
Test:  [5600/7958]  eta: 0:08:19  loss: 2.1625 (1.5902)  acc1: 37.5000 (62.0358)  acc5: 81.2500 (84.9201)  time: 0.2116  data: 0.0003  max mem: 41183
Test:  [5700/7958]  eta: 0:07:58  loss: 1.7639 (1.5929)  acc1: 62.5000 (61.9606)  acc5: 81.2500 (84.9073)  time: 0.2117  data: 0.0003  max mem: 41183
Test:  [5800/7958]  eta: 0:07:37  loss: 2.1188 (1.5994)  acc1: 43.7500 (61.8406)  acc5: 87.5000 (84.8248)  time: 0.2116  data: 0.0003  max mem: 41183
Test:  [5900/7958]  eta: 0:07:16  loss: 1.6787 (1.5994)  acc1: 50.0000 (61.8486)  acc5: 87.5000 (84.8161)  time: 0.2116  data: 0.0003  max mem: 41183
Test:  [6000/7958]  eta: 0:06:54  loss: 1.4588 (1.6048)  acc1: 62.5000 (61.8074)  acc5: 81.2500 (84.7223)  time: 0.2120  data: 0.0003  max mem: 41183
Test:  [6100/7958]  eta: 0:06:33  loss: 1.2537 (1.6040)  acc1: 68.7500 (61.8649)  acc5: 87.5000 (84.7207)  time: 0.2123  data: 0.0004  max mem: 41183
Test:  [6200/7958]  eta: 0:06:12  loss: 1.1473 (1.6022)  acc1: 68.7500 (61.9376)  acc5: 87.5000 (84.7222)  time: 0.2120  data: 0.0003  max mem: 41183
Test:  [6300/7958]  eta: 0:05:51  loss: 0.9799 (1.6009)  acc1: 68.7500 (62.0080)  acc5: 87.5000 (84.7336)  time: 0.2117  data: 0.0003  max mem: 41183
Test:  [6400/7958]  eta: 0:05:30  loss: 0.5920 (1.6026)  acc1: 87.5000 (61.9698)  acc5: 93.7500 (84.7026)  time: 0.2116  data: 0.0003  max mem: 41183
Test:  [6500/7958]  eta: 0:05:08  loss: 0.9982 (1.6014)  acc1: 81.2500 (62.0347)  acc5: 87.5000 (84.7120)  time: 0.2116  data: 0.0003  max mem: 41183
Test:  [6600/7958]  eta: 0:04:47  loss: 2.1810 (1.6052)  acc1: 50.0000 (61.9452)  acc5: 81.2500 (84.6349)  time: 0.2115  data: 0.0003  max mem: 41183
Test:  [6700/7958]  eta: 0:04:26  loss: 0.8489 (1.6035)  acc1: 68.7500 (61.9805)  acc5: 93.7500 (84.6599)  time: 0.2117  data: 0.0003  max mem: 41183
Test:  [6800/7958]  eta: 0:04:05  loss: 1.9784 (1.6043)  acc1: 50.0000 (61.9762)  acc5: 75.0000 (84.6714)  time: 0.2119  data: 0.0003  max mem: 41183
Test:  [6900/7958]  eta: 0:03:44  loss: 1.9097 (1.6007)  acc1: 43.7500 (62.0698)  acc5: 81.2500 (84.7087)  time: 0.2122  data: 0.0003  max mem: 41183
Test:  [7000/7958]  eta: 0:03:23  loss: 0.7805 (1.6030)  acc1: 81.2500 (62.0742)  acc5: 87.5000 (84.6638)  time: 0.2117  data: 0.0004  max mem: 41183
Test:  [7100/7958]  eta: 0:03:01  loss: 0.3635 (1.6042)  acc1: 87.5000 (62.0432)  acc5: 100.0000 (84.6351)  time: 0.2121  data: 0.0003  max mem: 41183
Test:  [7200/7958]  eta: 0:02:40  loss: 1.9572 (1.6099)  acc1: 50.0000 (61.9332)  acc5: 75.0000 (84.5525)  time: 0.2117  data: 0.0003  max mem: 41183
Test:  [7300/7958]  eta: 0:02:19  loss: 1.8955 (1.6050)  acc1: 50.0000 (62.0446)  acc5: 87.5000 (84.6168)  time: 0.2118  data: 0.0003  max mem: 41183
Test:  [7400/7958]  eta: 0:01:58  loss: 1.7293 (1.6090)  acc1: 62.5000 (61.9562)  acc5: 81.2500 (84.5553)  time: 0.2115  data: 0.0003  max mem: 41183
Test:  [7500/7958]  eta: 0:01:37  loss: 1.4233 (1.6098)  acc1: 56.2500 (61.9151)  acc5: 87.5000 (84.5354)  time: 0.2118  data: 0.0003  max mem: 41183
Test:  [7600/7958]  eta: 0:01:15  loss: 1.5147 (1.6116)  acc1: 75.0000 (61.8800)  acc5: 81.2500 (84.4922)  time: 0.2118  data: 0.0003  max mem: 41183
Test:  [7700/7958]  eta: 0:00:54  loss: 2.1034 (1.6137)  acc1: 43.7500 (61.7980)  acc5: 81.2500 (84.4760)  time: 0.2119  data: 0.0003  max mem: 41183
Test:  [7800/7958]  eta: 0:00:33  loss: 0.9132 (1.6135)  acc1: 68.7500 (61.7781)  acc5: 93.7500 (84.5124)  time: 0.2119  data: 0.0003  max mem: 41183
Test:  [7900/7958]  eta: 0:00:12  loss: 0.5595 (1.6107)  acc1: 87.5000 (61.8577)  acc5: 93.7500 (84.5336)  time: 0.2122  data: 0.0003  max mem: 41183
Test: Total time: 0:28:06
 * Acc@1 = 61.86070620758985, Acc@5 = 84.51950867052022, loss = 1.6114017447078945
Namespace(model='QKFormer_10_768', dataset='es-imagenet', num_classes=1000, data_path='/model/es-imagenet', device='cuda', batch_size=16, workers=4, print_freq=3072, output_dir='./logs4', resume='', sync_bn=False, test_only=False, amp=True, world_size=1, dist_url='env://', tb=True, T=8, opt='adamw', opt_eps=1e-08, opt_betas=None, weight_decay=0.01, momentum=0.9, connect_f='ADD', T_train=None, sched='cosine', lr=0.0005, lr_noise=None, lr_noise_pct=0.67, lr_noise_std=1.0, lr_cycle_mul=1.0, lr_cycle_limit=1, warmup_lr=1e-05, min_lr=1e-06, epochs=100, epoch_repeats=0.0, start_epoch=0, decay_epochs=20, warmup_epochs=20, cooldown_epochs=10, patience_epochs=10, decay_rate=0.1, smoothing=0.1, mixup=0.5, cutmix=0.0, cutmix_minmax=None, mixup_prob=0.5, mixup_switch_prob=0.5, mixup_mode='batch', mixup_off_epoch=0, grad_clip=5.0, distributed=False)
Training time 17 days, 4:21:13 max_test_acc1 61.86070620758985 test_acc5_at_max_test_acc1 84.51950867052022
./logs4/QKFormer_10_768_b16_T8_wd0.01_adamw_cnf_ADD/lr0.0005